{
  "timestamp": "2025-12-11T13:10:24.061371",
  "leaf_id": 10,
  "leaf_index": 0,
  "position": {
    "x": 0.4046625,
    "y": 0.3313,
    "z": -0.093155
  },
  "camera_angles": {
    "pan": 149.5259481561227,
    "tilt": 249.5556251180751
  },
  "measurements": [
    0.0195566,
    0.0053802,
    0.005978,
    0.0083692,
    0.0094794,
    0.005124,
    0.0097356,
    0.007259000000000001,
    0.0060634,
    0.011101999999999999,
    0.0035868,
    0.0099064,
    0.0105896,
    0.0067466,
    0.0090524,
    0.0128954,
    0.0116998,
    0.014945000000000002,
    0.011529,
    0.007856799999999999,
    0.0163114,
    0.008967000000000001,
    0.0087962,
    0.0065758,
    0.0081984,
    0.0137494,
    0.0081984,
    0.00854,
    0.0083692,
    0.0075152000000000005,
    0.0097356,
    0.0011956,
    0.0081984,
    0.0060634,
    0.0063196,
    0.0075152000000000005,
    0.0063196,
    0.0147742,
    0.0101626,
    0.0060634,
    0.007002800000000001,
    0.0057218,
    0.007685999999999999,
    0.0147742,
    0.0134078,
    0.007002800000000001,
    0.0054656,
    0.0091378,
    0.0052094,
    0.009821,
    0.0090524,
    0.0063196,
    0.011101999999999999,
    0.0097356,
    0.0104188,
    0.0090524,
    0.006404999999999999,
    0.0073444,
    0.0086254,
    0.0050386,
    0.0109312,
    0.0105042,
    0.014432599999999999,
    0.0109312,
    0.0110166,
    0.0090524,
    0.0086254,
    0.008967000000000001,
    0.0134932,
    0.0109312,
    0.0077714,
    0.0107604,
    0.0105042,
    0.0096502,
    0.0111874,
    0.0086254,
    0.008454600000000001,
    0.007259000000000001,
    0.0065758,
    0.0076006,
    0.012383,
    0.006148799999999999,
    0.005978,
    0.0105042,
    0.0076006,
    0.0077714,
    0.0095648,
    0.012809999999999998,
    0.0066612,
    0.008710800000000001,
    0.006404999999999999,
    0.0080276,
    0.008283800000000001,
    0.010248,
    0.009821,
    0.0121268,
    0.0055509999999999995,
    0.013236999999999999,
    0.0116998,
    0.008967000000000001
  ],
  "statistics": {
    "count": 100,
    "mean": 0.00906521,
    "std": 0.0028784582762826356,
    "min": 0.0011956,
    "max": 0.0195566
  }
}