{
  "timestamp": "2025-12-11T13:12:22.735949",
  "leaf_id": 2,
  "leaf_index": 1,
  "position": {
    "x": 0.4539875,
    "y": 0.5090625,
    "z": -0.171715
  },
  "camera_angles": {
    "pan": 169.7754561823454,
    "tilt": 186.99330070540907
  },
  "measurements": [
    0.0060634,
    0.0117852,
    0.0090524,
    0.0112728,
    0.013920199999999999,
    0.0130662,
    0.0114436,
    0.0079422,
    0.0060634,
    0.006148799999999999,
    0.0079422,
    0.0099064,
    0.0130662,
    0.0094794,
    0.007856799999999999,
    0.0093086,
    0.0142618,
    0.0108458,
    0.0130662,
    0.0067466,
    0.0122122,
    0.0083692,
    0.0071736,
    0.0064903999999999995,
    0.0065758,
    0.0047824,
    0.008967000000000001,
    0.0053802,
    0.0058926,
    0.0052094,
    0.0083692,
    0.0060634,
    0.0058926,
    0.0091378,
    0.014518000000000001,
    0.0063196,
    0.0054656,
    0.0099064,
    0.0067466,
    0.007429799999999999,
    0.0143472,
    0.007259000000000001,
    0.0093086,
    0.0093086,
    0.0088816,
    0.0077714,
    0.012980799999999999,
    0.0040992,
    0.0065758,
    0.012809999999999998,
    0.0152012,
    0.0105042,
    0.009821,
    0.008454600000000001,
    0.0100772,
    0.012980799999999999,
    0.0050386,
    0.0057218,
    0.0036722,
    0.0134932,
    0.007685999999999999,
    0.012041399999999999,
    0.0130662,
    0.0099918,
    0.008283800000000001,
    0.0093086,
    0.0083692,
    0.0052094,
    0.0080276,
    0.005978,
    0.0075152000000000005,
    0.012553799999999999,
    0.0095648,
    0.0121268,
    0.006832,
    0.008283800000000001,
    0.0107604,
    0.0054656,
    0.0111874,
    0.0055509999999999995,
    0.0073444,
    0.0075152000000000005,
    0.0055509999999999995,
    0.010675,
    0.00854,
    0.0066612,
    0.0114436,
    0.0079422,
    0.013236999999999999,
    0.0100772,
    0.006832,
    0.011956,
    0.013236999999999999,
    0.0092232,
    0.0080276,
    0.0055509999999999995,
    0.0052094,
    0.008454600000000001,
    0.0142618,
    0.005978
  ],
  "statistics": {
    "count": 100,
    "mean": 0.008939672000000001,
    "std": 0.002842316254679623,
    "min": 0.0036722,
    "max": 0.0152012
  }
}