{
  "timestamp": "2026-02-02T16:46:25.019761",
  "leaf_id": 2,
  "leaf_index": 0,
  "position": {
    "x": 0.3525625,
    "y": 0.4135875,
    "z": -0.24169
  },
  "camera_angles": {
    "pan": -94.22420892074452,
    "tilt": 180.1533587977003
  },
  "measurements": [
    0.0512,
    0.0524,
    0.0547,
    0.0557,
    0.0564,
    0.0577,
    0.0534,
    0.0513,
    0.0378,
    0.0351,
    0.0346,
    0.0362,
    0.0383,
    0.0326,
    0.0337,
    0.0349,
    0.0322,
    0.0331,
    0.0346,
    0.031,
    0.034,
    0.0326,
    0.0308,
    0.0326,
    0.0312,
    0.0307,
    0.031,
    0.0307,
    0.0335,
    0.0306,
    0.0285,
    0.0294,
    0.0308,
    0.0289,
    0.031,
    0.0312,
    0.0308,
    0.0315,
    0.0285,
    0.0285,
    0.0289,
    0.0315,
    0.0285,
    0.0291,
    0.0299,
    0.0303,
    0.0303,
    0.0292,
    0.0282,
    0.0284,
    0.0303,
    0.03,
    0.0298,
    0.0298,
    0.0296,
    0.0301,
    0.0285,
    0.0285,
    0.0298,
    0.0239,
    0.0292,
    0.0294,
    0.0287,
    0.0294,
    0.0303,
    0.0289,
    0.0292,
    0.0296,
    0.0278,
    0.0275,
    0.0228,
    0.0301,
    0.028,
    0.0289,
    0.0283,
    0.0278,
    0.0275,
    0.0305,
    0.0292,
    0.0296,
    0.0292,
    0.029
  ],
  "statistics": {
    "count": 82,
    "mean": 0.03267317073170732,
    "std": 0.00749261504351871,
    "min": 0.0228,
    "max": 0.0577
  },
  "timestamps": [
    0.0,
    0.2,
    0.4,
    0.6000000000000001,
    0.8,
    1.0,
    1.2000000000000002,
    1.4000000000000001,
    1.6,
    1.8,
    2.0,
    2.2,
    2.4000000000000004,
    2.6,
    2.8000000000000003,
    3.0,
    3.2,
    3.4000000000000004,
    3.6,
    3.8000000000000003,
    4.0,
    4.2,
    4.4,
    4.6000000000000005,
    4.800000000000001,
    5.0,
    5.2,
    5.4,
    5.6000000000000005,
    5.800000000000001,
    6.0,
    6.2,
    6.4,
    6.6000000000000005,
    6.800000000000001,
    7.0,
    7.2,
    7.4,
    7.6000000000000005,
    7.800000000000001,
    8.0,
    8.200000000000001,
    8.4,
    8.6,
    8.8,
    9.0,
    9.200000000000001,
    9.4,
    9.600000000000001,
    9.8,
    10.0,
    10.200000000000001,
    10.4,
    10.600000000000001,
    10.8,
    11.0,
    11.200000000000001,
    11.4,
    11.600000000000001,
    11.8,
    12.0,
    12.200000000000001,
    12.4,
    12.600000000000001,
    12.8,
    13.0,
    13.200000000000001,
    13.4,
    13.600000000000001,
    13.8,
    14.0,
    14.200000000000001,
    14.4,
    14.600000000000001,
    14.8,
    15.0,
    15.200000000000001,
    15.4,
    15.600000000000001,
    15.8,
    16.0,
    16.2
  ],
  "sequence_params": {
    "pulse_intensity": 35,
    "dark_intensity": 1,
    "pulse_duration": 1.6,
    "dark_duration": 15.0,
    "frequency": 5,
    "total_points": 82,
    "segments_count": 2
  },
  "timing_info": {
    "execution_time": 14.363411903381348,
    "theoretical_duration": 16.6,
    "start_timestamp": "2026-02-02T16:46:25.019733"
  },
  "device_info": "Ambit Fluorescence Sensor",
  "pattern_type": "leaf_targeting_measurement",
  "format_version": "2.0",
  "integration": "ROMI_leaf_targeting"
}