{
  "leaves": [
    {
      "id": 1,
      "centroid": [
        0.3534279288045618,
        0.40165490721235214,
        -0.24460262287136736
      ],
      "normal": [
        -0.9677104116530507,
        -0.24820053943467282,
        -0.04396648044386259
      ],
      "plane_equation": [
        -0.9677104116530506,
        -0.2482005394346728,
        -0.04396648044386258,
        0.43095253467484534
      ],
      "inlier_ratio": 1.0,
      "target_point": [
        0.25665688763925676,
        0.3768348532688849,
        -0.2489992709157536
      ],
      "fluorescence_mean": 0.01826991468527073,
      "health_status": "Normal"
    },
    {
      "id": 2,
      "centroid": [
        0.35256942703311606,
        0.4135930661420177,
        -0.2416903251095822
      ],
      "normal": [
        -0.9972756891094233,
        0.0737162201910038,
        0.0026681064589641327
      ],
      "plane_equation": [
        -0.9972756891094233,
        0.0737162201910038,
        0.0026681064589641327,
        0.321765256287662
      ],
      "inlier_ratio": 1.0,
      "target_point": [
        0.25284185812217375,
        0.42096468816111804,
        -0.24142351446368576
      ],
      "fluorescence_mean": 0.022308356283193238,
      "health_status": "Bon"
    },
    {
      "id": 3,
      "centroid": [
        0.40032606715915586,
        0.3188201634823775,
        -0.26109890476996156
      ],
      "normal": [
        0.461116657698889,
        -0.8810468386125391,
        0.10548884378670761
      ],
      "plane_equation": [
        0.461116657698889,
        -0.8810468386125391,
        0.10548884378670761,
        0.12380670037777808
      ],
      "inlier_ratio": 0.9915966386554622,
      "target_point": [
        0.44643773292904476,
        0.2307154796211236,
        -0.2505500203912908
      ],
      "fluorescence_mean": 0.016041140590231418,
      "health_status": "Normal"
    },
    {
      "id": 4,
      "centroid": [
        0.367404349825599,
        0.34844814105467364,
        -0.30182606225663966
      ],
      "normal": [
        -0.931529698564849,
        -0.05698073894608029,
        -0.35917351806729897
      ],
      "plane_equation": [
        -0.9315296985648488,
        -0.05698073894608027,
        -0.3591735180672989,
        0.25303139271749797
      ],
      "inlier_ratio": 0.9363636363636364,
      "target_point": [
        0.2742513799691141,
        0.3427500671600656,
        -0.33774341406336955
      ],
      "fluorescence_mean": 0.006825372787736693,
      "health_status": "Critique"
    },
    {
      "id": 5,
      "centroid": [
        0.335487422593143,
        0.3271977141362811,
        -0.12552351169629927
      ],
      "normal": [
        0.11794957436192616,
        0.15061941689218014,
        0.9815302792898954
      ],
      "plane_equation": [
        0.11794957436192616,
        0.15061941689218014,
        0.9815302792898954,
        0.0343521998824153
      ],
      "inlier_ratio": 1.0,
      "target_point": [
        0.34728238002933565,
        0.34225965582549916,
        -0.027370483767309717
      ],
      "fluorescence_mean": 0.005269847932865358,
      "health_status": "Critique"
    },
    {
      "id": 6,
      "centroid": [
        0.37678412702477093,
        0.3136623252942724,
        -0.2743414385804852
      ],
      "normal": [
        0.26018424324748773,
        -0.9586673734780359,
        -0.11515653083718853
      ],
      "plane_equation": [
        0.26018424324748773,
        -0.9586673734780359,
        -0.11515653083718853,
        0.17107233625945578
      ],
      "inlier_ratio": 1.0,
      "target_point": [
        0.4028025513495197,
        0.2177955879464688,
        -0.2858570916642041
      ],
      "fluorescence_mean": 0.017396639449426942,
      "health_status": "Normal"
    },
    {
      "id": 7,
      "centroid": [
        0.3977397662543115,
        0.3165461853856132,
        -0.125073943021042
      ],
      "normal": [
        -0.03131868644863216,
        0.04342287494703656,
        0.9985657683950849
      ],
      "plane_equation": [
        -0.03131868644863215,
        0.043422874947036554,
        0.9985657683950848,
        0.12360589962351995
      ],
      "inlier_ratio": 1.0,
      "target_point": [
        0.3946078976094483,
        0.32088847288031686,
        -0.0252173661815335
      ],
      "fluorescence_mean": 0.007991257529368464,
      "health_status": "Critique"
    },
    {
      "id": 8,
      "centroid": [
        0.4030956086658296,
        0.3986458434235482,
        -0.12512255468893618
      ],
      "normal": [
        -0.05642896447245673,
        -0.0642383044245433,
        0.996337900620681
      ],
      "plane_equation": [
        -0.056428964472456725,
        -0.06423830442454329,
        0.9963379006206808,
        0.17301894428689912
      ],
      "inlier_ratio": 1.0,
      "target_point": [
        0.3974527122185839,
        0.3922220129810939,
        -0.025488764626868082
      ],
      "fluorescence_mean": 0.014628859231754016,
      "health_status": "Stress\u00e9"
    },
    {
      "id": 9,
      "centroid": [
        0.3293055206128996,
        0.399870609992171,
        -0.12503122915960338
      ],
      "normal": [
        0.042888208941309264,
        -0.04444208754393926,
        0.9980909289180738
      ],
      "plane_equation": [
        0.042888208941309264,
        -0.04444208754393926,
        0.9980909289180738,
        0.12844029633762488
      ],
      "inlier_ratio": 1.0,
      "target_point": [
        0.3335943415070305,
        0.39542640123777706,
        -0.025222136267795986
      ],
      "fluorescence_mean": 0.01788088612612613,
      "health_status": "Normal"
    },
    {
      "id": 10,
      "centroid": [
        0.42186197949879206,
        0.35807140149287325,
        -0.1257451533604024
      ],
      "normal": [
        -0.4103076445374972,
        0.03938716984026954,
        0.9110962011149342
      ],
      "plane_equation": [
        -0.4103076445374972,
        0.03938716984026954,
        0.9110962011149342,
        0.2735557075578096
      ],
      "inlier_ratio": 1.0,
      "target_point": [
        0.38083121504504236,
        0.36201011847690023,
        -0.03463553324890897
      ],
      "fluorescence_mean": 0.0073389270012818265,
      "health_status": "Critique"
    },
    {
      "id": 11,
      "centroid": [
        0.5235713283220927,
        0.40132677207390466,
        -0.29684850871562957
      ],
      "normal": [
        0.9778623697324255,
        0.20534449336895366,
        0.04023462320356803
      ],
      "plane_equation": [
        0.9778623697324255,
        0.20534449336895366,
        0.04023462320356803,
        -0.5824473546271944
      ],
      "inlier_ratio": 1.0,
      "target_point": [
        0.6213575652953353,
        0.4218612214108,
        -0.29282504639527274
      ],
      "fluorescence_mean": 0.006756958319407961,
      "health_status": "Critique"
    },
    {
      "id": 12,
      "centroid": [
        0.3579471472730028,
        0.42467779872265266,
        -0.23601348222570218
      ],
      "normal": [
        -0.05323542972089705,
        0.9885851819005983,
        -0.14094441155644433
      ],
      "plane_equation": [
        -0.05323542972089705,
        0.9885851819005983,
        -0.14094441155644433,
        -0.43403949006862064
      ],
      "inlier_ratio": 1.0,
      "target_point": [
        0.3526236043009131,
        0.5235363169127125,
        -0.25010792338134663
      ],
      "fluorescence_mean": 0.01707859986733868,
      "health_status": "Normal"
    },
    {
      "id": 13,
      "centroid": [
        0.32474472989206726,
        0.3675000006737916,
        -0.1312948199717895
      ],
      "normal": [
        0.45089639216162103,
        7.831814998164999e-07,
        0.8925762956380929
      ],