{
  "timestamp": "2026-01-15T14:44:48.836190",
  "leaf_id": 1,
  "leaf_index": 0,
  "position": {
    "x": 0.3872625,
    "y": 0.2925,
    "z": -0.1910775
  },
  "camera_angles": {
    "pan": 0.0,
    "tilt": 0.0
  },
  "measurements": [
    0.1615,
    0.1728,
    0.1682,
    0.1831,
    0.1726,
    0.1722,
    0.1869,
    0.176,
    0.1279,
    0.1238,
    0.114,
    0.1225,
    0.1089,
    0.1093,
    0.103,
    0.1039,
    0.113,
    0.0985,
    0.0993,
    0.0932,
    0.0984,
    0.0909,
    0.0939,
    0.0875,
    0.0911,
    0.0972,
    0.0909,
    0.0944,
    0.0841,
    0.0823,
    0.0839,
    0.0893,
    0.081,
    0.0926,
    0.0912,
    0.0741,
    0.0832,
    0.0798,
    0.0787,
    0.0885,
    0.0887,
    0.0755,
    0.0868,
    0.0806,
    0.0744,
    0.0769,
    0.0815,
    0.0753,
    0.0853,
    0.0774,
    0.0789,
    0.0712,
    0.0701,
    0.0841,
    0.0773,
    0.0703,
    0.0768,
    0.0762,
    0.0846,
    0.0828,
    0.083,
    0.0776,
    0.0746,
    0.0763,
    0.0705,
    0.0721,
    0.0738,
    0.081,
    0.0721,
    0.0757,
    0.0823,
    0.0696,
    0.0762,
    0.0782,
    0.0746,
    0.0796,
    0.0724,
    0.074,
    0.0805,
    0.0751,
    0.08,
    0.0752
  ],
  "statistics": {
    "count": 82,
    "mean": 0.09405731707317072,
    "std": 0.029285953640043577,
    "min": 0.0696,
    "max": 0.1869
  },
  "timestamps": [
    0.0,
    0.2,
    0.4,
    0.6000000000000001,
    0.8,
    1.0,
    1.2000000000000002,
    1.4000000000000001,
    1.6,
    1.8,
    2.0,
    2.2,
    2.4000000000000004,
    2.6,
    2.8000000000000003,
    3.0,
    3.2,
    3.4000000000000004,
    3.6,
    3.8000000000000003,
    4.0,
    4.2,
    4.4,
    4.6000000000000005,
    4.800000000000001,
    5.0,
    5.2,
    5.4,
    5.6000000000000005,
    5.800000000000001,
    6.0,
    6.2,
    6.4,
    6.6000000000000005,
    6.800000000000001,
    7.0,
    7.2,
    7.4,
    7.6000000000000005,
    7.800000000000001,
    8.0,
    8.200000000000001,
    8.4,
    8.6,
    8.8,
    9.0,
    9.200000000000001,
    9.4,
    9.600000000000001,
    9.8,
    10.0,
    10.200000000000001,
    10.4,
    10.600000000000001,
    10.8,
    11.0,
    11.200000000000001,
    11.4,
    11.600000000000001,
    11.8,
    12.0,
    12.200000000000001,
    12.4,
    12.600000000000001,
    12.8,
    13.0,
    13.200000000000001,
    13.4,
    13.600000000000001,
    13.8,
    14.0,
    14.200000000000001,
    14.4,
    14.600000000000001,
    14.8,
    15.0,
    15.200000000000001,
    15.4,
    15.600000000000001,
    15.8,
    16.0,
    16.2
  ],
  "sequence_params": {
    "pulse_intensity": 35,
    "dark_intensity": 1,
    "pulse_duration": 1.6,
    "dark_duration": 15.0,
    "frequency": 5,
    "total_points": 82,
    "segments_count": 2
  },
  "timing_info": {
    "execution_time": 14.364969253540039,
    "theoretical_duration": 16.6,
    "start_timestamp": "2026-01-15T14:44:48.836160"
  },
  "device_info": "Ambit Fluorescence Sensor",
  "pattern_type": "leaf_targeting_measurement",
  "format_version": "2.0",
  "integration": "ROMI_leaf_targeting"
}