{
  "leaves": [
    {
      "id": 1,
      "centroid": [
        0.46124486804008485,
        0.4190187031030655,
        -0.15375635892152786
      ],
      "normal": [
        0.9265735654793917,
        -0.08438287440843177,
        0.36652552197818133
      ],
      "plane_equation": [
        0.9265735654793917,
        -0.08438287440843177,
        0.36652552197818133,
        -0.3356636696290654
      ],
      "inlier_ratio": 1.0,
      "target_point": [
        0.49830781065926055,
        0.41564338812672824,
        -0.1390953380424006
      ]
    },
    {
      "id": 2,
      "centroid": [
        0.41111135482788086,
        0.42282297772665817,
        -0.2293339197834333
      ],
      "normal": [
        -0.20380233640839882,
        -0.6168675997943497,
        0.7602229751845414
      ],
      "plane_equation": [
        -0.20380233640839882,
        -0.6168675997943497,
        0.7602229751845414,
        0.5189561648545824
      ],
      "inlier_ratio": 1.0,
      "target_point": [
        0.4029592613715449,
        0.39814827373488415,
        -0.19892500077605163
      ]
    },
    {
      "id": 3,
      "centroid": [
        0.45643923150168525,
        0.2938275416692098,
        -0.16676255630122291
      ],
      "normal": [
        0.8332338802574039,
        -0.24870129334837635,
        0.49383090980419125
      ],
      "plane_equation": [
        0.8332338802574039,
        -0.24870129334837635,
        0.49383090980419125,
        -0.22497774634831763
      ],
      "inlier_ratio": 0.9777777777777777,
      "target_point": [
        0.4897685867119814,
        0.2838794899352748,
        -0.14700931990905527
      ]
    },
    {
      "id": 4,
      "centroid": [
        0.4531123439470927,
        0.4299329093524388,
        -0.15148731569449106
      ],
      "normal": [
        0.7974020047215273,
        -0.011375847393281803,
        0.603341224318523
      ],
      "plane_equation": [
        0.7974020047215271,
        -0.011375847393281801,
        0.6033412243185229,
        -0.265023297741498
      ],
      "inlier_ratio": 1.0,
      "target_point": [
        0.4850084241359538,
        0.4294778754567075,
        -0.12735366672175014
      ]
    }
  ]
}