{
  "timestamp": "2026-02-26T13:46:53.949219",
  "leaf_id": 1,
  "leaf_index": 0,
  "position": {
    "x": 0.210225,
    "y": 0.2583625,
    "z": -0.30698
  },
  "camera_angles": {
    "pan": -57.748647707627875,
    "tilt": 217.2112782682888
  },
  "measurements": [
    0.0804,
    0.0753,
    0.0776,
    0.0825,
    0.0816,
    0.0809,
    0.0804,
    0.0836,
    0.0813,
    0.081,
    0.0811,
    0.0832,
    0.0754,
    0.0824,
    0.085,
    0.0835,
    0.0827,
    0.0837,
    0.0821,
    0.0816,
    0.0827,
    0.0775,
    0.0868,
    0.083,
    0.0814,
    0.083,
    0.0846,
    0.0846,
    0.0804,
    0.0832,
    0.0844,
    0.083,
    0.0834,
    0.0823,
    0.0881,
    0.0869,
    0.0809,
    0.0818,
    0.0825,
    0.085,
    0.0813,
    0.0834,
    0.0832,
    0.0835,
    0.0832,
    0.0836,
    0.0812,
    0.0844,
    0.0837,
    0.0816,
    0.0842,
    0.0826,
    0.0828,
    0.0832,
    0.0829,
    0.0798,
    0.0819,
    0.083,
    0.0848,
    0.0825,
    0.0881,
    0.0837,
    0.0823,
    0.0846,
    0.083,
    0.0885,
    0.0862,
    0.0849,
    0.0828,
    0.0845,
    0.0839,
    0.0851,
    0.0835,
    0.0839,
    0.129,
    0.2801,
    0.2714,
    0.2693,
    0.2617,
    0.2597,
    0.2563,
    0.2566,
    0.2504,
    0.253,
    0.2492,
    0.2523,
    0.2553,
    0.2529,
    0.2614,
    0.2666,
    0.2664,
    0.2699,
    0.2719,
    0.2709,
    0.2747,
    0.2722,
    0.2719,
    0.2733,
    0.2728,
    0.2737,
    0.2719,
    0.2729,
    0.273,
    0.2729,
    0.2734,
    0.2735,
    0.2747,
    0.2714,
    0.2715,
    0.2646,
    0.2729,
    0.2749,
    0.2709,
    0.2739,
    0.273,
    0.272,
    0.2729,
    0.2718,
    0.2732,
    0.274,
    0.2722,
    0.2727,
    0.2625,
    0.2715,
    0.2725,
    0.2737,
    0.2697,
    0.2707,
    0.2731,
    0.2719,
    0.2719,
    0.2701,
    0.2689,
    0.2703,
    0.2712,
    0.2726,
    0.2694,
    0.2727,
    0.2716,
    0.2707,
    0.2715,
    0.2702,
    0.2671,
    0.2708,
    0.2674,
    0.2696,
    0.2671,
    0.2685,
    0.2632,
    0.2672,
    0.2687,
    0.2672,
    0.2653,
    0.2654,
    0.2666,
    0.2705,
    0.2674,
    0.2689,
    0.2655,
    0.2637,
    0.2658,
    0.2671,
    0.2645,
    0.2658,
    0.2651,
    0.2608,
    0.2633,
    0.2659,
    0.2638,
    0.2627,
    0.2636,
    0.2637,
    0.2625,
    0.2622,
    0.2612,
    0.2612,
    0.2622,
    0.2637,
    0.2654,
    0.2619,
    0.2571,
    0.2607,
    0.2589,
    0.261,
    0.2605,
    0.2608,
    0.259,
    0.2596,
    0.2568,
    0.2574,
    0.2594,
    0.2522,
    0.2584,
    0.2572,
    0.2569,
    0.2556,
    0.2574,
    0.2561,
    0.2553,
    0.2565,
    0.2555,
    0.2596,
    0.2558,
    0.2541,
    0.2526,
    0.2523,
    0.2529,
    0.2558,
    0.2459,
    0.2532,
    0.2534,
    0.2521,
    0.2529,
    0.2496,
    0.2502,
    0.2498,
    0.2519,
    0.2505,
    0.2464,
    0.2496,
    0.2501,
    0.2492,
    0.2492,
    0.2495,
    0.2459,
    0.25,
    0.2459,
    0.2468,
    0.2495,
    0.2402,
    0.2493,
    0.2442,
    0.2459,
    0.2449,
    0.2455,
    0.2441,
    0.2453,
    0.2438,
    0.2419,
    0.2431,
    0.2442,
    0.2472,
    0.241,
    0.2413,
    0.2411,
    0.2402,
    0.2404,
    0.2401,
    0.2388,
    0.2397,
    0.238,
    0.2385,
    0.2374,
    0.2392,
    0.2389,
    0.2247,
    0.237,
    0.2364,
    0.2393,
    0.2358,
    0.2349,
    0.2354,
    0.2403,
    0.2349,
    0.2359,
    0.234,
    0.2346,
    0.2294,
    0.2337,
    0.2313,
    0.2284,
    0.2349,
    0.2309,
    0.23,
    0.2297,
    0.2293,
    0.2302,
    0.2299,
    0.2278,
    0.228,
    0.2289,
    0.2266,
    0.2284,
    0.2269,
    0.2254,
    0.2315,
    0.2238,
    0.226,
    0.2291,
    0.2263,
    0.2244,
    0.2211,
    0.2246,
    0.2233,
    0.2213,
    0.2187,
    0.2248,
    0.222,
    0.2229,
    0.2212,
    0.2214,
    0.2216,
    0.2198,
    0.2214,
    0.2219,
    0.2205,
    0.2215,
    0.2179,
    0.2187,
    0.2194,
    0.2182,
    0.2168,
    0.2216,
    0.2173,
    0.2169,
    0.2151,
    0.2165,
    0.2151,
    0.2155,
    0.2147,
    0.2123,
    0.213,
    0.2138,
    0.2136,
    0.2151,
    0.2123,
    0.2127,
    0.2137,
    0.2107,
    0.2129,
    0.2094,
    0.2128,
    0.2098,
    0.2131,
    0.2107,
    0.2099,
    0.2104,
    0.2111,
    0.2093,
    0.2085,
    0.2088,
    0.2077,
    0.2062,
    0.2076,
    0.2074,
    0.2054,
    0.2061,
    0.2131,
    0.2029,
    0.2039,
    0.1977,
    0.2095,
    0.2032,
    0.2022,
    0.2031,
    0.2024,
    0.2031,
    0.2014,
    0.201,
    0.2013,
    0.2007,
    0.1996,
    0.2009,
    0.2008,
    0.2008,
    0.198,
    0.1996,
    0.1992,
    0.1955,
    0.1998,
    0.1974,
    0.1923,
    0.1966,
    0.1968,
    0.1969,
    0.1992,
    0.1961,
    0.1906,
    0.1936,
    0.1942,
    0.1961,
    0.1438,
    0.143,
    0.1386,
    0.1388,
    0.1369,
    0.1311,
    0.1366,
    0.1325,
    0.1329,
    0.1332,
    0.1337,
    0.1327,
    0.1329,
    0.1329,
    0.1321,
    0.1316,
    0.13,
    0.1298,
    0.1291,
    0.1288,
    0.1278,
    0.1254,
    0.129,
    0.1293,
    0.1287,
    0.1268,
    0.12,
    0.1276,
    0.1286,
    0.1249,
    0.1254,
    0.1246,
    0.1219,
    0.1235,
    0.1237,
    0.1237,
    0.1208,
    0.1225,
    0.1234,
    0.1222,
    0.1194,
    0.1201,
    0.1239,
    0.121,
    0.1183,
    0.1195,
    0.1189,
    0.1185,
    0.1183,
    0.1175,
    0.1208,
    0.1179,
    0.1182,
    0.1178,
    0.1159,
    0.1175,
    0.1161,
    0.1179,
    0.1163,
    0.1166,
    0.1168,
    0.115,
    0.1146,
    0.1138,
    0.1155,
    0.1133,
    0.1122,
    0.1141,
    0.1179,
    0.1132,
    0.1126,
    0.1121,
    0.1126,
    0.1126,
    0.109,
    0.111,
    0.1107,
    0.1132,
    0.1107,
    0.1116,
    0.1121,
    0.1126,
    0.1093,
    0.1112,
    0.111,
    0.1101,
    0.1091,
    0.1072,
    0.1089,
    0.1077,
    0.1141,
    0.1067,
    0.1086,
    0.1079,
    0.1079,
    0.1089,
    0.1063,
    0.1074,
    0.1063,
    0.1073,
    0.1103,
    0.1068,
    0.1067,
    0.1045,
    0.1056,
    0.1039,
    0.1054,
    0.1049,
    0.1082,
    0.1066,
    0.1094,
    0.1047,
    0.1093,
    0.104,
    0.1046,
    0.1049,
    0.1053,
    0.1039,
    0.1072,
    0.1022,
    0.1028,
    0.0976,
    0.1045,
    0.1044,
    0.1033,
    0.1019,
    0.1036,
    0.1016,
    0.1023,
    0.1007,
    0.1022,
    0.1032,
    0.1019,
    0.103,
    0.0999,
    0.0998,
    0.0992,
    0.1007,
    0.1007,
    0.0991,
    0.0985,
    0.103,
    0.1001,
    0.104,
    0.0996,
    0.0996,
    0.0998,
    0.0981,
    0.0986,
    0.099,
    0.0995,
    0.0947,
    0.0977,
    0.0975,
    0.0982,
    0.0971,
    0.1001,
    0.0972,
    0.0977,
    0.0962,
    0.0959,
    0.0938,
    0.0975,
    0.0968,
    0.0959,
    0.0977,
    0.0973,
    0.0956,
    0.0979,
    0.0897,
    0.097,
    0.0933,
    0.0948,
    0.0949,
    0.0958,
    0.0957,
    0.0952,
    0.0954,
    0.0947,
    0.0959,
    0.0945,
    0.0943,
    0.0874,
    0.0924,
    0.0947,
    0.0927,
    0.094,
    0.095,
    0.0933,
    0.1074,
    0.0935,
    0.0954,
    0.0926,
    0.0936,
    0.0954,
    0.0949,
    0.0931,
    0.0918,
    0.0913,
    0.0872,
    0.094,
    0.0927,
    0.0924,
    0.0933,
    0.0903,
    0.091,
    0.0929,
    0.0901,
    0.0887,
    0.0924,
    0.0906,
    0.0898,
    0.0899,
    0.0919,
    0.0892,
    0.0922,
    0.0911,
    0.093,
    0.092,
    0.0912,
    0.0912,
    0.0907,
    0.0896,
    0.0938,
    0.0908,
    0.0855,
    0.0931,
    0.0897,
    0.0906,
    0.0905,
    0.0906,
    0.091,
    0.0908,
    0.0902,
    0.0896,
    0.0908,
    0.0878,
    0.0881,
    0.0828,
    0.0878,
    0.0894,
    0.0894,
    0.09,
    0.0906,
    0.089,
    0.0904,
    0.0926,
    0.0878,
    0.0899,
    0.0894,
    0.0872,
    0.0943,
    0.0936,
    0.089,
    0.0899,
    0.089,
    0.0901,
    0.0904,
    0.0883,
    0.0883,
    0.0874,
    0.0899,
    0.0888,
    0.089,
    0.088,
    0.0891,
    0.0898,
    0.0885,
