{
  "timestamp": "2026-02-26T13:55:32.523901",
  "leaf_id": 12,
  "leaf_index": 0,
  "position": {
    "x": 0.4869,
    "y": 0.2641625,
    "z": -0.30189
  },
  "camera_angles": {
    "pan": 68.92885179875799,
    "tilt": 212.92827636484174
  },
  "measurements": [
    0.0657,
    0.0668,
    0.072,
    0.0706,
    0.0711,
    0.0678,
    0.0759,
    0.0702,
    0.0711,
    0.0648,
    0.0729,
    0.0709,
    0.072,
    0.0699,
    0.0703,
    0.0688,
    0.0699,
    0.0725,
    0.0695,
    0.0699,
    0.0686,
    0.0711,
    0.0704,
    0.0699,
    0.0715,
    0.0695,
    0.0688,
    0.0708,
    0.0709,
    0.0651,
    0.0717,
    0.072,
    0.0729,
    0.0727,
    0.0706,
    0.0717,
    0.0713,
    0.072,
    0.0683,
    0.072,
    0.0722,
    0.0715,
    0.0724,
    0.0711,
    0.0706,
    0.0709,
    0.0711,
    0.0734,
    0.0731,
    0.0704,
    0.0709,
    0.0697,
    0.0724,
    0.0704,
    0.0702,
    0.0745,
    0.0722,
    0.0734,
    0.0715,
    0.0729,
    0.0733,
    0.0717,
    0.0722,
    0.0733,
    0.0715,
    0.072,
    0.0736,
    0.0704,
    0.0669,
    0.0752,
    0.0761,
    0.0759,
    0.0724,
    0.0706,
    0.0722,
    0.1168,
    0.2391,
    0.2421,
    0.229,
    0.2216,
    0.2274,
    0.2266,
    0.2231,
    0.2239,
    0.2241,
    0.2165,
    0.2132,
    0.2092,
    0.2034,
    0.206,
    0.2032,
    0.2018,
    0.1944,
    0.1992,
    0.1967,
    0.1967,
    0.1905,
    0.1967,
    0.1967,
    0.1962,
    0.1913,
    0.1986,
    0.1987,
    0.2006,
    0.2041,
    0.2022,
    0.2056,
    0.2081,
    0.2097,
    0.2099,
    0.2127,
    0.212,
    0.2144,
    0.214,
    0.2148,
    0.2186,
    0.2179,
    0.2166,
    0.2175,
    0.2227,
    0.2193,
    0.219,
    0.2178,
    0.2173,
    0.2193,
    0.2191,
    0.2197,
    0.2233,
    0.2209,
    0.2202,
    0.2191,
    0.2134,
    0.2183,
    0.2197,
    0.2192,
    0.2211,
    0.2181,
    0.2212,
    0.2166,
    0.2157,
    0.2164,
    0.2155,
    0.2181,
    0.2178,
    0.2142,
    0.2176,
    0.2128,
    0.2153,
    0.2126,
    0.214,
    0.2119,
    0.2135,
    0.212,
    0.2112,
    0.2113,
    0.2091,
    0.2085,
    0.2089,
    0.209,
    0.2079,
    0.2062,
    0.2076,
    0.2044,
    0.2002,
    0.2049,
    0.203,
    0.2012,
    0.2018,
    0.201,
    0.1986,
    0.1991,
    0.1982,
    0.1992,
    0.1942,
    0.1948,
    0.1949,
    0.1938,
    0.1923,
    0.1904,
    0.1926,
    0.1886,
    0.1887,
    0.1882,
    0.188,
    0.1837,
    0.1863,
    0.1828,
    0.1847,
    0.1791,
    0.1813,
    0.1807,
    0.1787,
    0.1764,
    0.1761,
    0.177,
    0.1749,
    0.1734,
    0.1752,
    0.1724,
    0.1735,
    0.171,
    0.1714,
    0.171,
    0.1693,
    0.1681,
    0.1668,
    0.1638,
    0.1631,
    0.1621,
    0.1633,
    0.1651,
    0.1638,
    0.1621,
    0.1617,
    0.1613,
    0.1596,
    0.1591,
    0.1586,
    0.1601,
    0.158,
    0.1586,
    0.1561,
    0.1558,
    0.1549,
    0.1566,
    0.1526,
    0.1546,
    0.1531,
    0.1503,
    0.1518,
    0.1496,
    0.1491,
    0.1494,
    0.1496,
    0.1496,
    0.1468,
    0.1465,
    0.146,
    0.1489,
    0.1472,
    0.1439,
    0.1438,
    0.1443,
    0.1456,
    0.1459,
    0.1424,
    0.1391,
    0.1445,
    0.14,
    0.1422,
    0.1405,
    0.1394,
    0.1401,
    0.1343,
    0.1454,
    0.1375,
    0.1392,
    0.1383,
    0.142,
    0.1375,
    0.1378,
    0.1362,
    0.1368,
    0.1375,
    0.134,
    0.1353,
    0.1355,
    0.1354,
    0.134,
    0.1345,
    0.1336,
    0.1338,
    0.1329,
    0.1344,
    0.1344,
    0.1324,
    0.1326,
    0.1324,
    0.1332,
    0.1311,
    0.1343,
    0.1312,
    0.1306,
    0.131,
    0.1314,
    0.1301,
    0.1271,
    0.1299,
    0.1298,
    0.1285,
    0.1294,
    0.1262,
    0.1271,
    0.1303,
    0.1273,
    0.1294,
    0.1264,
    0.1273,
    0.1278,
    0.1285,
    0.1261,
    0.1226,
    0.1257,
    0.1266,
    0.1262,
    0.1259,
    0.1252,
    0.1259,
    0.1248,
    0.1254,
    0.1259,
    0.1254,
    0.1243,
    0.1284,
    0.1231,
    0.1255,
    0.123,
    0.1249,
    0.122,
    0.1222,
    0.1235,
    0.1241,
    0.1217,
    0.1231,
    0.1159,
    0.1208,
    0.1222,
    0.1238,
    0.1249,
    0.122,
    0.1229,
    0.1204,
    0.121,
    0.1215,
    0.122,
    0.1206,
    0.1209,
    0.1199,
    0.1238,
    0.1201,
    0.1213,
    0.1189,
    0.1192,
    0.1211,
    0.121,
    0.1162,
    0.118,
    0.1206,
    0.1208,
    0.1178,
    0.1178,
    0.1185,
    0.1189,
    0.1174,
    0.1164,
    0.1174,
    0.1176,
    0.1178,
    0.1188,
    0.1177,
    0.1182,
    0.1176,
    0.1172,
    0.1166,
    0.117,
    0.1188,
    0.1213,
    0.1183,
    0.1201,
    0.1141,
    0.1191,
    0.1174,
    0.115,
    0.116,
    0.1173,
    0.1168,
    0.1141,
    0.1149,
    0.107,
    0.1308,
    0.1156,
    0.1236,
    0.0834,
    0.0852,
    0.0862,
    0.0908,
    0.0846,
    0.0874,
    0.0913,
    0.0848,
    0.0849,
    0.084,
    0.0839,
    0.0831,
    0.081,
    0.082,
    0.0826,
    0.0775,
    0.0814,
    0.0812,
    0.0809,
    0.0839,
    0.0829,
    0.0788,
    0.0792,
    0.0794,
    0.0815,
    0.078,
    0.0766,
    0.0785,
    0.0783,
    0.0779,
    0.0785,
    0.0745,
    0.0779,
    0.0793,
    0.077,
    0.0754,
    0.0765,
    0.0751,
    0.0781,
    0.0753,
    0.0758,
    0.0744,
    0.0767,
    0.0744,
    0.0751,
    0.0744,
    0.0732,
    0.0765,
    0.0751,
    0.0746,
    0.0745,
    0.0716,
    0.0741,
    0.0748,
    0.075,
    0.0727,
    0.0741,
    0.0737,
    0.0713,
    0.0724,
    0.0722,
    0.0736,
    0.075,
    0.0725,
    0.0731,
    0.0695,
    0.0729,
    0.0742,
    0.0738,
    0.0733,
    0.0734,
    0.0717,
    0.0695,
    0.0731,
    0.0714,
    0.0711,
    0.0727,
    0.072,
    0.0731,
    0.0721,
    0.0726,
    0.073,
    0.0715,
    0.0709,
    0.0722,
    0.0722,
    0.0706,
    0.0742,
    0.0703,
    0.0749,
    0.0719,
    0.0717,
    0.0717,
    0.0712,
    0.0721,
    0.0701,
    0.0729,
    0.0708,
    0.0712,
    0.0736,
    0.0719,
    0.0708,
    0.071,
    0.0717,
    0.0717,
    0.0701,
    0.0728,
    0.069,
    0.0735,
    0.0705,
    0.0676,
    0.0712,
    0.0722,
    0.0701,
    0.0703,
    0.0708,
    0.0696,
    0.0708,
    0.0712,
    0.0743,
    0.0719,
    0.0714,
    0.0721,
    0.0725,
    0.0752,
    0.0691,
    0.07,
    0.0702,
    0.0744,
    0.0719,
    0.071,
    0.0742,
    0.0723,
    0.0716,
    0.0702,
    0.0696,
    0.0704,
    0.0726,
    0.0698,
    0.0721,
    0.0655,
    0.0689,
    0.0661,
    0.068,
    0.0675,
    0.0703,
    0.0721,
    0.0716,
    0.07,
    0.0744,
    0.0739,
    0.0751,
    0.0708,
    0.0698,
    0.0684,
    0.0712,
    0.0712,
    0.0698,
    0.071,
    0.071,
    0.0682,
    0.0702,
    0.0714,
    0.0696,
    0.0688,
    0.07,
    0.0715,
    0.0693,
    0.0695,
    0.0716,
    0.0686,
    0.0727,
    0.0708,
    0.0737,
    0.0698,
    0.068,
    0.071,
    0.073,
    0.0712,
    0.0703,
    0.0711,
    0.0721,
    0.0709,
    0.0714,
    0.0735,
    0.07,
    0.0712,
    0.0712,
    0.0723,
    0.0714,
    0.0719,
    0.0701,
    0.0687,
    0.0742,
    0.071,
    0.0716,
    0.0705,
    0.0649,
    0.0734,
    0.0705,
    0.0721,
    0.0747,
    0.0709,
    0.0705,
    0.0717,
    0.07,
    0.0714,
    0.0744,
    0.0714,
    0.0698,
    0.0721,
    0.0713,
    0.0721,
    0.0709,
    0.0702,
    0.0716,
    0.0735,
    0.0712,
    0.0725,
    0.0709,
    0.0723,
    0.0725,
    0.0702,
    0.0712,
    0.0702,
    0.0716,
    0.0711,
    0.0705,
    0.0726,
    0.0714,
    0.072,
    0.0723,
    0.0721,
    0.0719,
    0.0698,
    0.0709,
    0.0728,
    0.0736,
    0.0727,
    0.0705,
    0.0746,
    0.0719,
    0.0705,
    0.0723,
    0.0711,
    0.0714,
    0.0723,
    0.0689,
    0.0765,
    0.0714,
    0.0721,
    0.075,
    0.07,
    0.0728,
    0.0698,
    0.0736,
    0.0698,
    0.078,
    0.0704,
    0.0688,
    0.0712,
    0.0723,
    0.0691,
    0.0691,
    0.0714,
    0.0698,
    0.0707,
    0.0737,
