{
  "leaves": [
    {
      "id": 1,
      "centroid": [
        0.3525518024927818,
        0.4133281619756814,
        -0.2423280546529181
      ],
      "normal": [
        -0.9973960834790401,
        0.07211593340500283,
        0.0005872050723521355
      ],
      "plane_equation": [
        -0.9973960834790401,
        0.07211593340500283,
        0.0005872050723521355,
        0.32196853708919165
      ],
      "inlier_ratio": 1.0,
      "target_point": [
        0.25281219414487777,
        0.4205397553161817,
        -0.24226933414568289
      ],
      "fluorescence_mean": 0.026976952240640294,
      "health_status": "Excellent"
    },
    {
      "id": 2,
      "centroid": [
        0.3535318581292229,
        0.40067061934157877,
        -0.2442403938213404
      ],
      "normal": [
        -0.9601603022030563,
        -0.2766893021754057,
        -0.03918193633580161
      ],
      "plane_equation": [
        -0.9601603022030561,
        -0.27668930217540566,
        -0.0391819363358016,
        0.4407387182462328
      ],
      "inlier_ratio": 1.0,
      "target_point": [
        0.25751582790891725,
        0.3730016891240382,
        -0.2481585874549206
      ],
      "fluorescence_mean": 0.026514719351452897,
      "health_status": "Excellent"
    },
    {
      "id": 3,
      "centroid": [
        0.40032606715915586,
        0.3188201634823775,
        -0.26109890476996156
      ],
      "normal": [
        0.496035737298638,
        -0.8634859735867564,
        0.09132645148875639
      ],
      "plane_equation": [
        0.4960357372986379,
        -0.8634859735867563,
        0.09132645148875637,
        0.10039458619303253
      ],
      "inlier_ratio": 0.957983193277311,
      "target_point": [
        0.44992964088901966,
        0.23247156612370187,
        -0.25196625962108593
      ],
      "fluorescence_mean": 0.011476941415107664,
      "health_status": "Stress\u00e9"
    },
    {
      "id": 4,
      "centroid": [
        0.335487422593143,
        0.3271977141362811,
        -0.12552351169629927
      ],
      "normal": [
        0.11794957436192616,
        0.15061941689218014,
        0.9815302792898954
      ],
      "plane_equation": [
        0.11794957436192616,
        0.15061941689218014,
        0.9815302792898954,
        0.0343521998824153
      ],
      "inlier_ratio": 1.0,
      "target_point": [
        0.34728238002933565,
        0.34225965582549916,
        -0.027370483767309717
      ],
      "fluorescence_mean": 0.009317149502411541,
      "health_status": "Critique"
    },
    {
      "id": 5,
      "centroid": [
        0.36732092445049813,
        0.3483202722641306,
        -0.3017232951221116
      ],
      "normal": [
        -0.931529698564849,
        -0.05698073894608029,
        -0.35917351806729897
      ],
      "plane_equation": [
        -0.9315296985648488,
        -0.05698073894608027,
        -0.3591735180672989,
        0.25303139271749797
      ],
      "inlier_ratio": 0.944954128440367,
      "target_point": [
        0.2741679545940132,
        0.34262219836952257,
        -0.3376406469288415
      ],
      "fluorescence_mean": 0.006013398669478758,
      "health_status": "Critique"
    },
    {
      "id": 6,
      "centroid": [
        0.37678412702477093,
        0.3136623252942724,
        -0.2743414385804852
      ],
      "normal": [
        0.26018424324748773,
        -0.9586673734780359,
        -0.11515653083718853
      ],
      "plane_equation": [
        0.26018424324748773,
        -0.9586673734780359,
        -0.11515653083718853,
        0.17107233625945578
      ],
      "inlier_ratio": 1.0,
      "target_point": [
        0.4028025513495197,
        0.2177955879464688,
        -0.2858570916642041
      ],
      "fluorescence_mean": 0.02373133950363089,
      "health_status": "Bon"
    },
    {
      "id": 7,
      "centroid": [
        0.3977397662543115,
        0.3165461853856132,
        -0.125073943021042
      ],
      "normal": [
        -0.03131868644863216,
        0.04342287494703656,
        0.9985657683950849
      ],
      "plane_equation": [
        -0.03131868644863215,
        0.043422874947036554,
        0.9985657683950848,
        0.12360589962351995
      ],
      "inlier_ratio": 1.0,
      "target_point": [
        0.3946078976094483,
        0.32088847288031686,
        -0.0252173661815335
      ],
      "fluorescence_mean": 0.01579526165561497,
      "health_status": "Normal"
    },
    {
      "id": 8,
      "centroid": [
        0.4025578122586012,
        0.39964388236403464,
        -0.1250075907446444
      ],
      "normal": [
        -0.01898381915334583,
        -0.017736755363927534,
        0.9996624540911364
      ],
      "plane_equation": [
        -0.018983819153345828,
        -0.01773675536392753,
        0.9996624540911363,
        0.13969586542467657
      ],
      "inlier_ratio": 1.0,
      "target_point": [
        0.4006594303432666,
        0.3978702068276419,
        -0.025041345335530762
      ],
      "fluorescence_mean": 0.029370769251232356,
      "health_status": "Excellent"
    },
    {
      "id": 9,
      "centroid": [
        0.3293055206128996,
        0.399870609992171,
        -0.12503122915960338
      ],
      "normal": [
        0.042888208941309264,
        -0.04444208754393926,
        0.9980909289180738
      ],
      "plane_equation": [
        0.042888208941309264,
        -0.04444208754393926,
        0.9980909289180738,
        0.12844029633762488
      ],
      "inlier_ratio": 1.0,
      "target_point": [
        0.3335943415070305,
        0.39542640123777706,
        -0.025222136267795986
      ],
      "fluorescence_mean": 0.012411113743302775,
      "health_status": "Stress\u00e9"
    },
    {
      "id": 10,
      "centroid": [
        0.42186197949879206,
        0.35807140149287325,
        -0.1257451533604024
      ],
      "normal": [
        -0.4103076445374972,
        0.03938716984026954,
        0.9110962011149342
      ],
      "plane_equation": [
        -0.4103076445374972,
        0.03938716984026954,
        0.9110962011149342,
        0.2735557075578096
      ],
      "inlier_ratio": 1.0,
      "target_point": [
        0.38083121504504236,
        0.36201011847690023,
        -0.03463553324890897
      ],
      "fluorescence_mean": 0.029993044024418217,
      "health_status": "Excellent"
    },
    {
      "id": 11,
      "centroid": [
        0.5235713283220927,
        0.40132677207390466,
        -0.29684850871562957
      ],
      "normal": [
        0.9778623697324255,
        0.20534449336895366,
        0.04023462320356803
      ],
      "plane_equation": [
        0.9778623697324255,
        0.20534449336895366,
        0.04023462320356803,
        -0.5824473546271944
      ],
      "inlier_ratio": 1.0,
      "target_point": [
        0.6213575652953353,
        0.4218612214108,
        -0.29282504639527274
      ],
      "fluorescence_mean": 0.012418815408272426,
      "health_status": "Stress\u00e9"
    },
    {
      "id": 12,
      "centroid": [
        0.3579471472730028,
        0.42467779872265266,
        -0.23601348222570218
      ],
      "normal": [
        -0.05323542972089705,
        0.9885851819005983,
        -0.14094441155644433
      ],
      "plane_equation": [
        -0.05323542972089705,
        0.9885851819005983,
        -0.14094441155644433,
        -0.43403949006862064
      ],
      "inlier_ratio": 1.0,
      "target_point": [
        0.3526236043009131,
        0.5235363169127125,
        -0.25010792338134663
      ],
      "fluorescence_mean": 0.013004000555938002,
      "health_status": "Stress\u00e9"
    },
    {
      "id": 13,
      "centroid": [
        0.32474472989206726,
        0.3675000006737916,
        -0.1312948199717895
      ],
      "normal": [
        0.45089639216162103,
        7.831814998164999e-07,
        0.8925762956380929
      ],