{
  "timestamp": "2026-01-14T17:37:59.180910",
  "leaf_id": 3,
  "leaf_index": 0,
  "position": {
    "x": 0.4357,
    "y": 0.3895625,
    "z": -0.1782225
  },
  "camera_angles": {
    "pan": 51.774051348845916,
    "tilt": 233.69761512670593
  },
  "measurements": [
    0.0218,
    0.012,
    0.0228,
    0.0157,
    0.0196,
    0.0151,
    0.0175,
    0.0178,
    0.0144,
    0.0226,
    0.0173,
    0.0153,
    0.0191,
    0.0157,
    0.0185,
    0.0166,
    0.0176,
    0.0219,
    0.0146,
    0.0114,
    0.0128,
    0.0169,
    0.0135,
    0.0141,
    0.0103,
    0.0153,
    0.0196,
    0.0137,
    0.0162,
    0.019,
    0.0223,
    0.0189,
    0.0139,
    0.018,
    0.0141,
    0.0139,
    0.0189,
    0.015,
    0.0189,
    0.0251,
    0.0207,
    0.0167,
    0.0166,
    0.0225,
    0.0235,
    0.0139,
    0.0185,
    0.0146,
    0.0205,
    0.015,
    0.0242,
    0.0159,
    0.0128,
    0.0153,
    0.0125,
    0.0157,
    0.016,
    0.0196,
    0.0159,
    0.0235,
    0.0178,
    0.0169,
    0.0224,
    0.0251,
    0.0171,
    0.0125,
    0.0164,
    0.0159,
    0.0198,
    0.02,
    0.0233,
    0.0153,
    0.0148,
    0.0189,
    0.0194,
    0.0258,
    0.0189,
    0.0134,
    0.016,
    0.0182,
    0.0159,
    0.0159,
    0.0126
  ],
  "statistics": {
    "count": 83,
    "mean": 0.017396385542168675,
    "std": 0.003495933809550007,
    "min": 0.0103,
    "max": 0.0258
  },
  "timestamps": [
    0.0,
    0.2,
    0.4,
    0.6000000000000001,
    0.8,
    1.0,
    1.2000000000000002,
    1.4000000000000001,
    1.6,
    1.8,
    2.0,
    2.2,
    2.4000000000000004,
    2.6,
    2.8000000000000003,
    3.0,
    3.2,
    3.4000000000000004,
    3.6,
    3.8000000000000003,
    4.0,
    4.2,
    4.4,
    4.6000000000000005,
    4.800000000000001,
    5.0,
    5.2,
    5.4,
    5.6000000000000005,
    5.800000000000001,
    6.0,
    6.2,
    6.4,
    6.6000000000000005,
    6.800000000000001,
    7.0,
    7.2,
    7.4,
    7.6000000000000005,
    7.800000000000001,
    8.0,
    8.200000000000001,
    8.4,
    8.6,
    8.8,
    9.0,
    9.200000000000001,
    9.4,
    9.600000000000001,
    9.8,
    10.0,
    10.200000000000001,
    10.4,
    10.600000000000001,
    10.8,
    11.0,
    11.200000000000001,
    11.4,
    11.600000000000001,
    11.8,
    12.0,
    12.200000000000001,
    12.4,
    12.600000000000001,
    12.8,
    13.0,
    13.200000000000001,
    13.4,
    13.600000000000001,
    13.8,
    14.0,
    14.200000000000001,
    14.4,
    14.600000000000001,
    14.8,
    15.0,
    15.200000000000001,
    15.4,
    15.600000000000001,
    15.8,
    16.0,
    16.2,
    16.400000000000002
  ],
  "sequence_params": {
    "pulse_intensity": 35,
    "dark_intensity": 1,
    "pulse_duration": 1.6,
    "dark_duration": 15.0,
    "frequency": 5,
    "total_points": 83,
    "segments_count": 2
  },
  "timing_info": {
    "execution_time": 14.37594747543335,
    "theoretical_duration": 16.6,
    "start_timestamp": "2026-01-14T17:37:59.180882"
  },
  "device_info": "Ambit Fluorescence Sensor",
  "pattern_type": "leaf_targeting_measurement",
  "format_version": "2.0",
  "integration": "ROMI_leaf_targeting"
}