{
  "leaves": [
    {
      "id": 1,
      "centroid": [
        0.41781000104001775,
        0.3080420676738985,
        -0.24402120661350987
      ],
      "normal": [
        0.973119652653893,
        -0.09165741286262177,
        -0.2112748453699528
      ],
      "plane_equation": [
        0.973119652653893,
        -0.09165741286262177,
        -0.2112748453699528,
        -0.42990032680580115
      ],
      "inlier_ratio": 1.0,
      "target_point": [
        0.5151219663054071,
        0.29887632638763634,
        -0.26514869115050516
      ],
      "fluorescence_mean": 0.023195771793506587,
      "health_status": "Bon"
    },
    {
      "id": 2,
      "centroid": [
        0.413648694091373,
        0.30507007572386,
        -0.23026872509055668
      ],
      "normal": [
        0.8926230720116031,
        -0.2372204540082166,
        0.3833412416016625
      ],
      "plane_equation": [
        0.8926230720116031,
        -0.2372204540082166,
        0.3833412416016625,
        -0.20890422860603197
      ],
      "inlier_ratio": 0.9555555555555556,
      "target_point": [
        0.5029110012925333,
        0.28134803032303835,
        -0.19193460093039044
      ],
      "fluorescence_mean": 0.016642184696770753,
      "health_status": "Normal"
    },
    {
      "id": 3,
      "centroid": [
        0.40355555366638096,
        0.33480384945869446,
        -0.22868525115556496
      ],
      "normal": [
        0.5486305972324096,
        0.7764505084368443,
        0.31004689278974507
      ],
      "plane_equation": [
        0.5486305972324096,
        0.7764505084368443,
        0.31004689278974507,
        -0.4104583920156329
      ],
      "inlier_ratio": 1.0,
      "target_point": [
        0.4584186133896219,
        0.4124489003023789,
        -0.19768056187659044
      ],
      "fluorescence_mean": 0.010292821368013239,
      "health_status": "Stress\u00e9"
    },
    {
      "id": 4,
      "centroid": [
        0.39428512631235896,
        0.3253786660529472,
        -0.21466275344829303
      ],
      "normal": [
        0.22818976833402038,
        0.30009970532968056,
        0.9262125007193032
      ],
      "plane_equation": [
        0.22818976833402038,
        0.30009970532968056,
        0.9262125007193032,
        0.01110027035172411
      ],
      "inlier_ratio": 0.9864864864864865,
      "target_point": [
        0.417104103145761,
        0.35538863658591524,
        -0.1220415033763627
      ],
      "fluorescence_mean": 0.02034468204095593,
      "health_status": "Bon"
    },
    {
      "id": 5,
      "centroid": [
        0.2289266433094589,
        0.3213041970427607,
        -0.2877696563660259
      ],
      "normal": [
        -0.2924705046607426,
        0.9529709273112658,
        -0.07941923950150083
      ],
      "plane_equation": [
        -0.2924705046607426,
        0.9529709273112658,
        -0.07941923950150083,
        -0.26209371496603207
      ],
      "inlier_ratio": 1.0,
      "target_point": [
        0.19967959284338463,
        0.4166012897738873,
        -0.295711580316176
      ],
      "fluorescence_mean": 0.019711097312417686,
      "health_status": "Normal"
    },
    {
      "id": 6,
      "centroid": [
        0.400598889326348,
        0.3126436498235254,
        -0.213991029516739
      ],
      "normal": [
        -0.4548068235266049,
        -0.8263563943663097,
        0.332093153743873
      ],
      "plane_equation": [
        -0.4548068235266049,
        -0.8263563943663097,
        0.332093153743873,
        0.5116151434176059
      ],
      "inlier_ratio": 1.0,
      "target_point": [
        0.3551182069736875,
        0.2300080103868944,
        -0.18078171414235172
      ],
      "fluorescence_mean": 0.018603266646722617,
      "health_status": "Normal"
    },
    {
      "id": 7,
      "centroid": [
        0.22749879335363707,
        0.33128209511439005,
        -0.2990721652905146
      ],
      "normal": [
        -0.45722659992342,
        0.0524597409280105,
        0.8878016737448938
      ],
      "plane_equation": [
        -0.45722659992342,
        0.0524597409280105,
        0.8878016737448938,
        0.3521562958034032
      ],
      "inlier_ratio": 1.0,
      "target_point": [
        0.18177613336129506,
        0.3365280692071911,
        -0.2102919979160252
      ],
      "fluorescence_mean": 0.017723822710493498,
      "health_status": "Normal"
    },
    {
      "id": 8,
      "centroid": [
        0.3761267785144889,
        0.36252269537552545,
        -0.3068515088247216
      ],
      "normal": [
        -0.4923785829018878,
        0.42644037945633356,
        0.7587568344790492
      ],
      "plane_equation": [
        -0.4923785829018878,
        0.42644037945633356,
        0.7587568344790492,
        0.26342813390991016
      ],
      "inlier_ratio": 1.0,
      "target_point": [
        0.3268889202243001,
        0.4051667333211588,
        -0.2309758253768167
      ],
      "fluorescence_mean": 0.01584569763072275,
      "health_status": "Normal"
    },
    {
      "id": 9,
      "centroid": [
        0.4152109812606465,
        0.3152502897110852,
        -0.25288995931094344
      ],
      "normal": [
        0.9329397720908557,
        0.1997662087346278,
        -0.2995277007204102
      ],
      "plane_equation": [
        0.9329397720908557,
        0.1997662087346278,
        -0.2995277007204102,
        -0.5260907414526896
      ],
      "inlier_ratio": 1.0,
      "target_point": [
        0.5085049584697321,
        0.335226910584548,
        -0.28284272938298444
      ],
      "fluorescence_mean": 0.007240816150730615,
      "health_status": "Critique"
    },
    {
      "id": 10,
      "centroid": [
        0.41127032276831177,
        0.3226319527939746,
        -0.22583480532232084
      ],
      "normal": [
        0.853433157559732,
        0.3362790746982348,
        0.3982062650156635
      ],
      "plane_equation": [
        0.853433157559732,
        0.3362790746982348,
        0.3982062650156635,
        -0.36955727038647196
      ],
      "inlier_ratio": 1.0,
      "target_point": [
        0.496613638524285,
        0.3562598602637981,
        -0.1860141788207545
      ],
      "fluorescence_mean": 0.018548207626406982,
      "health_status": "Normal"
    },
    {
      "id": 11,
      "centroid": [
        0.22723139218381933,
        0.32827968613521474,
        -0.2906392192518389
      ],
      "normal": [
        -0.06535420145670402,
        0.7122467520592941,
        0.6988800988245001
      ],
      "plane_equation": [
        -0.06535420145670402,
        0.7122467520592941,
        0.6988800988245001,
        -0.01584364776178183
      ],
      "inlier_ratio": 1.0,
      "target_point": [
        0.22069597203814892,
        0.39950436134114414,
        -0.22075120936938886
      ],
      "fluorescence_mean": 0.009415396289231735,
      "health_status": "Critique"
    },
    {
      "id": 12,
      "centroid": [
        0.3862615128358205,
        0.3727608563171493,
        -0.2925528734922409
      ],
      "normal": [
        0.9564635689585377,
        0.1926510074711477,
        -0.21923282276029868
      ],
      "plane_equation": [
        0.9564635689585376,
        0.19265100747114766,
        -0.21923282276029865,
        -0.5053950118959198
      ],
      "inlier_ratio": 1.0,
      "target_point": [
        0.48190786973167427,
        0.3920259570642641,
        -0.31447615576827076
      ],
      "fluorescence_mean": 0.022125244487667305,
      "health_status": "Bon"
    }
  ]
}