{
  "timestamp": "2026-02-04T14:21:44.917929",
  "leaf_id": 12,
  "leaf_index": 0,
  "position": {
    "x": 0.3918375,
    "y": 0.393075,
    "z": -0.2982675
  },
  "camera_angles": {
    "pan": 81.17253705700664,
    "tilt": 157.87854384571156
  },
  "measurements": [
    0.0199,
    0.0211,
    0.0199,
    0.0159,
    0.0209,
    0.0208,
    0.0215,
    0.0263,
    0.0215,
    0.0211,
    0.0217,
    0.0216,
    0.0199,
    0.0218,
    0.0145,
    0.0179,
    0.0211,
    0.022,
    0.0193,
    0.0225,
    0.0188,
    0.0173,
    0.0182,
    0.0179,
    0.0241,
    0.0342,
    0.0351,
    0.035,
    0.0282,
    0.0374,
    0.035,
    0.0309,
    0.0323,
    0.0354,
    0.0337,
    0.0317,
    0.038,
    0.0312,
    0.0297,
    0.0292,
    0.0306,
    0.0347,
    0.034,
    0.0326,
    0.0331,
    0.0339,
    0.0298,
    0.0338,
    0.0314,
    0.0339,
    0.0251,
    0.0337,
    0.0302,
    0.0324,
    0.0274,
    0.0301,
    0.0315,
    0.0477,
    0.0313,
    0.0279,
    0.0324,
    0.0333,
    0.0295,
    0.029,
    0.0346,
    0.0265,
    0.0283,
    0.0307,
    0.0287,
    0.032,
    0.0323,
    0.0302,
    0.0328,
    0.0311,
    0.0317,
    0.0284,
    0.0378,
    0.0301,
    0.0315,
    0.031,
    0.0304,
    0.0303,
    0.0323,
    0.0283,
    0.027,
    0.0296,
    0.0271,
    0.0301,
    0.0278,
    0.0312,
    0.0336,
    0.0311,
    0.0329,
    0.0285,
    0.0264,
    0.0289,
    0.0298,
    0.0291,
    0.0327,
    0.0316,
    0.0287,
    0.0289,
    0.028,
    0.032,
    0.0296,
    0.0327,
    0.0301,
    0.0305,
    0.0314,
    0.0321,
    0.0282,
    0.0332,
    0.0291,
    0.0289,
    0.0314,
    0.0278,
    0.0282,
    0.0271,
    0.0292,
    0.0267,
    0.0253,
    0.0276,
    0.029,
    0.0287,
    0.0271,
    0.0276,
    0.0305,
    0.031,
    0.028,
    0.0308,
    0.0294,
    0.0288,
    0.0307,
    0.0268,
    0.0256,
    0.0301,
    0.0314,
    0.0279,
    0.027,
    0.0268,
    0.0269,
    0.0294,
    0.033,
    0.0287,
    0.0274,
    0.0254,
    0.025,
    0.0286,
    0.0306,
    0.0258,
    0.0286,
    0.0321,
    0.0284,
    0.0308,
    0.0265,
    0.029,
    0.0268,
    0.0288,
    0.0297,
    0.0283,
    0.0285,
    0.0297,
    0.023,
    0.027,
    0.0284,
    0.0299,
    0.032,
    0.03,
    0.0274,
    0.031,
    0.0275,
    0.0266,
    0.0297,
    0.0271,
    0.027,
    0.0281,
    0.0252,
    0.0293,
    0.0294,
    0.0268,
    0.0256,
    0.0272,
    0.0282,
    0.0286,
    0.0257,
    0.0273,
    0.0288,
    0.0257,
    0.0275,
    0.0288,
    0.0298,
    0.0293,
    0.0284,
    0.0209,
    0.0305,
    0.0304,
    0.0297,
    0.0304,
    0.0199,
    0.02,
    0.0288,
    0.0242,
    0.0268,
    0.0338,
    0.025,
    0.0263,
    0.0239,
    0.0235,
    0.0281,
    0.0264,
    0.027,
    0.0237,
    0.0273,
    0.0167,
    0.0205,
    0.0246,
    0.0239,
    0.025,
    0.0248,
    0.0239,
    0.0248,
    0.0271,
    0.0275,
    0.0268,
    0.025,
    0.0221,
    0.0327,
    0.0224,
    0.0224,
    0.0268,
    0.0232,
    0.0268,
    0.0244,
    0.0257,
    0.0259,
    0.0268,
    0.0232,
    0.0257,
    0.0278,
    0.0212,
    0.0235,
    0.0226,
    0.023,
    0.0244,
    0.0253,
    0.0287,
    0.0258,
    0.0253,
    0.03,
    0.0248,
    0.0239,
    0.0265,
    0.0287,
    0.0263,
    0.0258,
    0.0264,
    0.0213,
    0.0231,
    0.0246,
    0.0253,
    0.0224,
    0.0265,
    0.0203,
    0.0258,
    0.0242,
    0.0226,
    0.0262,
    0.0242,
    0.0256,
    0.0264,
    0.0272,
    0.0242,
    0.0256,
    0.0264,
    0.0271,
    0.0265,
    0.0256,
    0.0242,
    0.0262,
    0.0244,
    0.0262,
    0.028,
    0.0267,
    0.0224,
    0.0222,
    0.0272,
    0.0235,
    0.0247,
    0.0276,
    0.0254,
    0.0242,
    0.0265,
    0.025,
    0.0251,
    0.0249,
    0.0272,
    0.0267,
    0.0261,
    0.0229,
    0.0242,
    0.017,
    0.0227,
    0.0222,
    0.0208,
    0.0213,
    0.0231,
    0.0274,
    0.0222,
    0.0267,
    0.0252,
    0.0215,
    0.02,
    0.0215,
    0.0208,
    0.0175,
    0.0254,
    0.027,
    0.0199,
    0.022,
    0.0234,
    0.027,
    0.0224,
    0.0245,
    0.0229,
    0.0208,
    0.022,
    0.0192,
    0.0184,
    0.0222,
    0.0196,
    0.0219,
    0.0201,
    0.0177,
    0.0224,
    0.0188,
    0.0207,
    0.021,
    0.0223,
    0.0202,
    0.0271,
    0.0205,
    0.0159,
    0.015,
    0.0239,
    0.0166,
    0.0206,
    0.0241,
    0.021,
    0.0222,
    0.0203,
    0.0171,
    0.0219,
    0.0213,
    0.0224,
    0.0149,
    0.0236,
    0.0194,
    0.0207,
    0.0184,
    0.0194,
    0.023,
    0.0228,
    0.0228,
    0.0212,
    0.0186,
    0.0216,
    0.0198,
    0.0246,
    0.0235,
    0.0226,
    0.0242,
    0.0211,
    0.0249,
    0.0218,
    0.0192,
    0.0204,
    0.0183,
    0.0153,
    0.0229,
    0.0202,
    0.0206,
    0.0185,
    0.0227,
    0.0217,
    0.0206,
    0.0243,
    0.0216,
    0.019,
    0.0201,
    0.0194,
    0.0217,
    0.0239,
    0.0188,
    0.0218,
    0.0229,
    0.0232,
    0.0217,
    0.0197,
    0.0187,
    0.0229,
    0.0144,
    0.0199,
    0.0197,
    0.0212,
    0.019,
    0.0206,
    0.0222,
    0.0167,
    0.021,
    0.021,
    0.0208,
    0.0201,
    0.0208,
    0.018,
    0.0198,
    0.0226,
    0.0229,
    0.0226,
    0.0219,
    0.0233,
    0.024,
    0.0245,
    0.0224,
    0.0236,
    0.0231,
    0.0206,
    0.0206,
    0.0196,
    0.0196,
    0.0212,
    0.0205,
    0.0155,
    0.0208,
    0.0215,
    0.0238,
    0.0143,
    0.0215,
    0.0203,
    0.0235,
    0.0203,
    0.0206,
    0.0242,
    0.0187,
    0.0244,
    0.0215,
    0.0229,
    0.0212,
    0.0233,
    0.0212,
    0.0182,
    0.0235,
    0.0245,
    0.0221,
    0.0244,
    0.0226,
    0.0244,
    0.0185,
    0.0069,
    0.021,
    0.0175,
    0.0228,
    0.0201,
    0.0201,
    0.0231,
    0.018,
    0.0178,
    0.0207,
    0.0219,
    0.0263,
    0.0163,
    0.0221,
    0.0193,
    0.0214,
    0.0235,
    0.02,
    0.0223,
    0.0212,
    0.0186,
    0.023,
    0.0212,
    0.0207,
    0.0203,
    0.0214,
    0.0237,
    0.0152,
    0.0187,
    0.0209,
    0.0239,
    0.0186,
    0.0219,
    0.0175,
    0.0246,
    0.0198,
    0.0194,
    0.0189,
    0.018,
    0.0223,
    0.02,
    0.0219,
    0.0225,
    0.0195,
    0.0212,
    0.0149,
    0.0251,
    0.0209,
    0.0202,
    0.0216,
    0.0211,
    0.0219,
    0.0186,
    0.0164,
    0.0212,
    0.0221,
    0.0225,
    0.0228,
    0.0232,
    0.0196,
    0.026,
    0.0193,
    0.0225,
    0.0175,
    0.0184,
    0.0191,
    0.0115,
    0.018,
    0.0161,
    0.0218,
    0.0301,
    0.0179,
    0.0211,
    0.0184,
    0.02,
    0.0127,
    0.0154,
    0.0209,
    0.0221,
    0.0188,
    0.0202,
    0.0228,
    0.0214,
    0.0214,
    0.0209,
    0.0202,
    0.0212,
    0.0225,
    0.0214,
    0.0237,
    0.0188,
    0.0232,
    0.018,
    0.0193,
    0.0182,
    0.0207,
    0.0173,
    0.0191,
    0.0237,
    0.0218,
    0.0204,
    0.0211,
    0.0211,
    0.0209,
    0.0212,
    0.0165,
    0.0232,
    0.0198,
    0.0193,
    0.0232,
    0.0163,
    0.0207,
    0.0227,
    0.0221,
    0.0213,
    0.0218,
    0.0193,
    0.0223,
    0.0228,
    0.0214,
    0.0209,
    0.0126,
    0.0227,
    0.023,
    0.0172,
    0.0193,
    0.0228,
    0.0209,
    0.0275,
    0.0177,
    0.0213,
    0.0154,
    0.0195,
    0.0211,
    0.0174,
    0.0234,
    0.0236,
    0.0232,
    0.0182,
    0.0267,
    0.0255,
    0.0223,
    0.023,
    0.023,
    0.0184,
    0.0221,
    0.0198,
    0.0161,
    0.0214,
    0.017,
    0.0198,
    0.0182,
    0.0237,
    0.017,
    0.0193,
    0.0221,
    0.0193,
    0.0165,
    0.0227,
    0.0211,
    0.0232,
    0.0193,
    0.0234,
    0.0202,
    0.0209,
    0.0197,
    0.0175
  ],
  "statistics": {
    "count": 624,
    "mean": 0.024020192307692305,
    "std": 0.00480923350297058,
    "min": 0.0069,
    "max": 0.0477
  },