{
  "leaves": [
    {
      "id": 1,
      "centroid": [
        0.3608665286705194,
        0.32832265215993717,
        -0.23646679027191062
      ],
      "normal": [
        0.1825814690986719,
        -0.9804622272126381,
        -0.07319718676973933
      ],
      "plane_equation": [
        0.18258146909867187,
        -0.980462227212638,
        -0.07319718676973931,
        0.238711714015517
      ],
      "inlier_ratio": 1.0,
      "target_point": [
        0.3791246755803866,
        0.23027642943867335,
        -0.24378650894888454
      ],
      "fluorescence_mean": 0.021389780466046705,
      "health_status": "Bon"
    },
    {
      "id": 2,
      "centroid": [
        0.3760769908525506,
        0.34405061055202873,
        -0.21836328060448576
      ],
      "normal": [
        0.7758660068307028,
        -0.47673193643923195,
        0.4132294764697698
      ],
      "plane_equation": [
        0.7758660068307027,
        -0.4767319364392319,
        0.41322947646976976,
        -0.037602358780120304
      ],
      "inlier_ratio": 0.9863945578231292,
      "target_point": [
        0.45366359153562086,
        0.29637741690810554,
        -0.17704033295750876
      ],
      "fluorescence_mean": 0.00872619904901653,
      "health_status": "Critique"
    },
    {
      "id": 3,
      "centroid": [
        0.3640117636300567,
        0.39691389010364847,
        -0.2775538344132273
      ],
      "normal": [
        -0.43429410724532175,
        0.1391879910570779,
        0.8899524321880826
      ],
      "plane_equation": [
        -0.43429410724532175,
        0.1391879910570779,
        0.8899524321880826,
        0.3504934280500349
      ],
      "inlier_ratio": 0.924812030075188,
      "target_point": [
        0.32058235290552456,
        0.4108326892093563,
        -0.18855859119441903
      ],
      "fluorescence_mean": 0.01942416374173993,
      "health_status": "Normal"
    },
    {
      "id": 4,
      "centroid": [
        0.23061802273704893,
        0.3117898042712893,
        -0.24715407914112483
      ],
      "normal": [
        0.2013223623785644,
        -0.9437633345576877,
        -0.26225955607159157
      ],
      "plane_equation": [
        0.2013223623785644,
        -0.9437633345576877,
        -0.26225955607159157,
        0.18272210629958685
      ],
      "inlier_ratio": 0.8888888888888888,
      "target_point": [
        0.2507502589749054,
        0.21741347081552048,
        -0.273380034748284
      ],
      "fluorescence_mean": 0.028665769981041565,
      "health_status": "Excellent"
    },
    {
      "id": 5,
      "centroid": [
        0.3789062122019326,
        0.40315956507271866,
        -0.25012769313847144
      ],
      "normal": [
        0.962423359060698,
        0.25959261349586593,
        0.07970541357215984
      ],
      "plane_equation": [
        0.9624233590606979,
        0.2595926134958659,
        0.07970541357215982,
        -0.44938890344198107
      ],
      "inlier_ratio": 1.0,
      "target_point": [
        0.4751485481080024,
        0.42911882642230526,
        -0.24215715178125546
      ],
      "fluorescence_mean": 0.02860912863625109,
      "health_status": "Excellent"
    },
    {
      "id": 6,
      "centroid": [
        0.3608205931691023,
        0.3429391243709968,
        -0.2042760682793764
      ],
      "normal": [
        0.1368478748524585,
        -0.5972360979171196,
        0.790304816189993
      ],
      "plane_equation": [
        0.1368478748524585,
        -0.5972360979171196,
        0.790304816189993,
        0.31687845367779977
      ],
      "inlier_ratio": 1.0,
      "target_point": [
        0.3745053806543482,
        0.2832155145792848,
        -0.12524558666037708
      ],
      "fluorescence_mean": 0.02222577110929904,
      "health_status": "Bon"
    },
    {
      "id": 7,
      "centroid": [
        0.35858332895370854,
        0.3277174995606204,
        -0.22748993642358895
      ],
      "normal": [
        0.1026315400477681,
        -0.9819436549324564,
        0.15891326415788104
      ],
      "plane_equation": [
        0.1026315400477681,
        -0.9819436549324564,
        0.15891326415788104,
        0.3211493283780481
      ],
      "inlier_ratio": 1.0,
      "target_point": [
        0.3688464829584853,
        0.22952313406737476,
        -0.21159861000780084
      ],
      "fluorescence_mean": 0.009502862594569022,
      "health_status": "Critique"
    },
    {
      "id": 8,
      "centroid": [
        0.3727355191979227,
        0.4136062170131297,
        -0.26291604924805556
      ],
      "normal": [
        -0.025669416951985595,
        0.9992750871856421,
        -0.02811371842130911
      ],
      "plane_equation": [
        -0.025669416951985595,
        0.9992750871856421,
        -0.02811371842130911,
        -0.4111300328882153
      ],
      "inlier_ratio": 1.0,
      "target_point": [
        0.37016857750272414,
        0.5135337257316939,
        -0.2657274210901865
      ],
      "fluorescence_mean": 0.02400583481713906,
      "health_status": "Bon"
    },
    {
      "id": 9,
      "centroid": [
        0.2288128830989202,
        0.32347928404808046,
        -0.254567835132281
      ],
      "normal": [
        0.03535913633176304,
        -0.9336892453045432,
        -0.35633428782605875
      ],
      "plane_equation": [
        0.03535913633176303,
        -0.9336892453045431,
        -0.3563342878260587,
        0.20322725443126488
      ],
      "inlier_ratio": 1.0,
      "target_point": [
        0.2323487967320965,
        0.23011035951762615,
        -0.2902012639148869
      ],
      "fluorescence_mean": 0.02984063251568615,
      "health_status": "Excellent"
    },
    {
      "id": 10,
      "centroid": [
        0.34807607862684464,
        0.3317740729285611,
        -0.21995379486017758
      ],
      "normal": [
        -0.20153383452212306,
        -0.9253229479076929,
        0.3211877264439393
      ],
      "plane_equation": [
        -0.20153383452212303,
        -0.9253229479076928,
        0.3211877264439392,
        0.44779372932654704
      ],
      "inlier_ratio": 1.0,
      "target_point": [
        0.32792269517463235,
        0.2392417781377918,
        -0.18783502221578363
      ],
      "fluorescence_mean": 0.029674318358210324,
      "health_status": "Excellent"
    },
    {
      "id": 11,
      "centroid": [
        0.359962763304406,
        0.3726079457617821,
        -0.19391406343338338
      ],
      "normal": [
        0.3237099047165506,
        -0.0011586567934110958,
        0.9461556717067424
      ],
      "plane_equation": [
        0.3237099047165506,
        -0.0011586567934110958,
        0.9461556717067424,
        0.06738110385805704
      ],
      "inlier_ratio": 1.0,
      "target_point": [
        0.39233375377606106,
        0.37249208008244095,
        -0.09929849626270913
      ],
      "fluorescence_mean": 0.027964863904974407,
      "health_status": "Excellent"
    },
    {
      "id": 12,
      "centroid": [
        0.3759658146988262,
        0.3955482630567117,
        -0.2647510292855176
      ],
      "normal": [
        0.9154532797015367,
        -0.142047694563967,
        -0.3765205773297949
      ],
      "plane_equation": [
        0.9154532797015367,
        -0.142047694563967,
        -0.3765205773297949,
        -0.3876766296609537
      ],
      "inlier_ratio": 1.0,
      "target_point": [
        0.46751114266897986,
        0.381343493600315,
        -0.30240308701849705
      ],
      "fluorescence_mean": 0.00609540069593754,
      "health_status": "Critique"
    }
  ]
}