{
  "leaves": [
    {
      "id": 1,
      "centroid": [
        0.41781000104001775,
        0.3080420676738985,
        -0.24402120661350987
      ],
      "normal": [
        0.9714504923693593,
        -0.11933316075563287,
        -0.20504520872090548
      ],
      "plane_equation": [
        0.9714504923693593,
        -0.11933316075563287,
        -0.20504520872090548,
        -0.4192348906238701
      ],
      "inlier_ratio": 0.989247311827957,
      "target_point": [
        0.5149550502769537,
        0.2961087515983352,
        -0.26452572748560044
      ],
      "fluorescence_mean": 0.027100071900998748,
      "health_status": "Excellent"
    },
    {
      "id": 2,
      "centroid": [
        0.4134945004530575,
        0.3050804594936578,
        -0.2301106663501781
      ],
      "normal": [
        0.895103345987371,
        -0.21826471023526395,
        0.3887808074842807
      ],
      "plane_equation": [
        0.895103345987371,
        -0.21826471023526395,
        0.3887808074842807,
        -0.21423630034072957
      ],
      "inlier_ratio": 0.9782608695652174,
      "target_point": [
        0.5030048350517946,
        0.2832539884701314,
        -0.19123258560175002
      ],
      "fluorescence_mean": 0.012173883562596115,
      "health_status": "Stress\u00e9"
    },
    {
      "id": 3,
      "centroid": [
        0.22908390675847595,
        0.3214824662820713,
        -0.2882432397958395
      ],
      "normal": [
        -0.2521807674774656,
        0.9635871190822924,
        0.08890851732631895
      ],
      "plane_equation": [
        -0.2521807674774656,
        0.9635871190822924,
        0.08890851732631895,
        -0.22637852901753994
      ],
      "inlier_ratio": 1.0,
      "target_point": [
        0.2038658300107294,
        0.41784117819030053,
        -0.2793523880632076
      ],
      "fluorescence_mean": 0.02296572157545147,
      "health_status": "Bon"
    },
    {
      "id": 4,
      "centroid": [
        0.39928723301957636,
        0.3321273304960307,
        -0.22030791859416402
      ],
      "normal": [
        0.4079889086838469,
        0.5535758189729908,
        0.7260157457241174
      ],
      "plane_equation": [
        0.4079889086838469,
        0.5535758189729908,
        0.7260157457241174,
        -0.1868154036266331
      ],
      "inlier_ratio": 1.0,
      "target_point": [
        0.44008612388796103,
        0.38748491239332983,
        -0.14770634402175226
      ],
      "fluorescence_mean": 0.019678471625607406,
      "health_status": "Normal"
    },
    {
      "id": 5,
      "centroid": [
        0.400598889326348,
        0.3126436498235254,
        -0.213991029516739
      ],
      "normal": [
        -0.4548068235266049,
        -0.8263563943663097,
        0.332093153743873
      ],
      "plane_equation": [
        -0.4548068235266049,
        -0.8263563943663097,
        0.332093153743873,
        0.5116151434176059
      ],
      "inlier_ratio": 1.0,
      "target_point": [
        0.3551182069736875,
        0.2300080103868944,
        -0.18078171414235172
      ],
      "fluorescence_mean": 0.006846119392125853,
      "health_status": "Critique"
    },
    {
      "id": 6,
      "centroid": [
        0.39206982419845904,
        0.32389049200301473,
        -0.2134781099380331
      ],
      "normal": [
        -0.9229655554498906,
        -0.21486651563017917,
        0.31932266426613215
      ],
      "plane_equation": [
        -0.9229655554498906,
        -0.21486651563017917,
        0.31932266426613215,
        0.4996285633568149
      ],
      "inlier_ratio": 1.0,
      "target_point": [
        0.29977326865347,
        0.3024038404399968,
        -0.1815458435114199
      ],
      "fluorescence_mean": 0.011101401243831292,
      "health_status": "Stress\u00e9"
    },
    {
      "id": 7,
      "centroid": [
        0.2274119857284758,
        0.33280594481362236,
        -0.29938849409421286
      ],
      "normal": [
        -0.5052130800564644,
        -0.8029000079533787,
        0.3164037309646098
      ],
      "plane_equation": [
        -0.5052130800564643,
        -0.8029000079533786,
        0.3164037309646097,
        0.476829042028714
      ],
      "inlier_ratio": 1.0,
      "target_point": [
        0.17689067772282935,
        0.2525159440182845,
        -0.2677481209977519
      ],
      "fluorescence_mean": 0.022233550734709433,
      "health_status": "Bon"
    },
    {
      "id": 8,
      "centroid": [
        0.4152109812606465,
        0.3152502897110852,
        -0.25288995931094344
      ],
      "normal": [
        0.9329397720908557,
        0.1997662087346278,
        -0.2995277007204102
      ],
      "plane_equation": [
        0.9329397720908557,
        0.1997662087346278,
        -0.2995277007204102,
        -0.5260907414526896
      ],
      "inlier_ratio": 1.0,
      "target_point": [
        0.5085049584697321,
        0.335226910584548,
        -0.28284272938298444
      ],
      "fluorescence_mean": 0.0070841392089961,
      "health_status": "Critique"
    },
    {
      "id": 9,
      "centroid": [
        0.4067167822610248,
        0.3348255076191642,
        -0.2342664467340166
      ],
      "normal": [
        0.7428478267946726,
        0.6559952745584843,
        0.13359380967459178
      ],
      "plane_equation": [
        0.7428478267946725,
        0.6559952745584842,
        0.13359380967459175,
        -0.4904760815252146
      ],
      "inlier_ratio": 1.0,
      "target_point": [
        0.48100156494049207,
        0.4004250350750126,
        -0.22090706576655741
      ],
      "fluorescence_mean": 0.017310052027352207,
      "health_status": "Normal"
    },
    {
      "id": 10,
      "centroid": [
        0.41119992885834133,
        0.32285468242107296,
        -0.22593755561571854
      ],
      "normal": [
        0.8463915263049469,
        0.34953667124179644,
        0.40180281190701866
      ],
      "plane_equation": [
        0.8463915263049467,
        0.3495366712417964,
        0.4018028119070186,
        -0.37010334122939204
      ],
      "inlier_ratio": 1.0,
      "target_point": [
        0.49583908148883604,
        0.3578083495452526,
        -0.18575727442501666
      ],
      "fluorescence_mean": 0.012283223516796324,
      "health_status": "Stress\u00e9"
    },
    {
      "id": 11,
      "centroid": [
        0.22722833485979782,
        0.32817956962083517,
        -0.29053202428315816
      ],
      "normal": [
        -0.06476669354707897,
        0.7138747974471439,
        0.6972718615983139
      ],
      "plane_equation": [
        -0.06476669354707895,
        0.7138747974471438,
        0.6972718615983138,
        -0.016982490434442773
      ],
      "inlier_ratio": 1.0,
      "target_point": [
        0.22075166550508993,
        0.39956704936554954,
        -0.22080483812332677
      ],
      "fluorescence_mean": 0.0070722376744436835,
      "health_status": "Critique"
    },
    {
      "id": 12,
      "centroid": [
        0.3862615128358205,
        0.3727608563171493,
        -0.2925528734922409
      ],
      "normal": [
        0.9564635689585377,
        0.1926510074711477,
        -0.21923282276029868
      ],
      "plane_equation": [
        0.9564635689585376,
        0.19265100747114766,
        -0.21923282276029865,
        -0.5053950118959198
      ],
      "inlier_ratio": 1.0,
      "target_point": [
        0.48190786973167427,
        0.3920259570642641,
        -0.31447615576827076
      ],
      "fluorescence_mean": 0.01077341404048557,
      "health_status": "Stress\u00e9"
    }
  ]
}