{
  "timestamp": "2025-12-11T11:38:14.257372",
  "leaf_id": 4,
  "leaf_index": 0,
  "position": {
    "x": 0.253025,
    "y": 0.2308625,
    "z": -0.21909
  },
  "camera_angles": {
    "pan": -38.654786266360766,
    "tilt": 196.60457775359976
  },
  "measurements": [
    0.0053802,
    0.012041399999999999,
    0.0100772,
    0.0095648,
    0.0071736,
    0.009394,
    0.012980799999999999,
    0.012809999999999998,
    0.0112728,
    0.014432599999999999,
    0.0152866,
    0.0090524,
    0.0097356,
    0.007429799999999999,
    0.016226,
    0.009394,
    0.0071736,
    0.013920199999999999,
    0.0121268,
    0.0128954,
    0.0108458,
    0.0108458,
    0.008283800000000001,
    0.0083692,
    0.0117852,
    0.0134078,
    0.011956,
    0.0086254,
    0.0126392,
    0.0101626,
    0.0104188,
    0.0054656,
    0.0134932,
    0.011101999999999999,
    0.0133224,
    0.0104188,
    0.0128954,
    0.014432599999999999,
    0.014091000000000001,
    0.007259000000000001,
    0.0109312,
    0.006148799999999999,
    0.0063196,
    0.0160552,
    0.015371999999999999,
    0.0057218,
    0.0086254,
    0.0104188,
    0.007429799999999999,
    0.0054656,
    0.0093086,
    0.0090524,
    0.0083692,
    0.008113,
    0.0109312,
    0.0099918,
    0.014945000000000002,
    0.012553799999999999,
    0.007429799999999999,
    0.007429799999999999,
    0.0095648,
    0.0081984,
    0.0104188,
    0.011358199999999999,
    0.0075152000000000005,
    0.011870599999999999,
    0.007002800000000001,
    0.015030400000000001,
    0.0104188,
    0.0079422,
    0.0121268,
    0.006832,
    0.0095648,
    0.0091378,
    0.009394,
    0.0109312,
    0.0077714,
    0.010248,
    0.008454600000000001,
    0.0093086,
    0.014859599999999999,
    0.007259000000000001,
    0.008454600000000001,
    0.008454600000000001,
    0.0093086,
    0.0065758,
    0.0121268,
    0.0091378,
    0.0100772,
    0.0088816,
    0.008454600000000001,
    0.0076006,
    0.006404999999999999,
    0.015030400000000001,
    0.0143472,
    0.008710800000000001,
    0.0076006,
    0.0075152000000000005,
    0.009394,
    0.015371999999999999
  ],
  "statistics": {
    "count": 100,
    "mean": 0.010174556,
    "std": 0.0027354946427408694,
    "min": 0.0053802,
    "max": 0.016226
  }
}