{
  "timestamp": "2025-12-11T12:48:07.379433",
  "leaf_id": 1,
  "leaf_index": 0,
  "position": {
    "x": 0.4115125,
    "y": 0.2142,
    "z": -0.13381
  },
  "camera_angles": {
    "pan": 17.205745937385423,
    "tilt": 214.93878604803174
  },
  "measurements": [
    0.0035868,
    0.0105896,
    0.0057218,
    0.009394,
    0.0097356,
    0.011529,
    0.0103334,
    0.0104188,
    0.007856799999999999,
    0.0135786,
    0.007685999999999999,
    0.0092232,
    0.00854,
    0.0126392,
    0.0131516,
    0.0096502,
    0.0071736,
    0.0182756,
    0.0126392,
    0.0067466,
    0.0083692,
    0.0029035999999999997,
    0.0112728,
    0.0075152000000000005,
    0.007685999999999999,
    0.0103334,
    0.0103334,
    0.0103334,
    0.0117852,
    0.0099918,
    0.0152012,
    0.0070882,
    0.0112728,
    0.0075152000000000005,
    0.0131516,
    0.0092232,
    0.0138348,
    0.0081984,
    0.012297599999999999,
    0.0099918,
    0.0097356,
    0.0143472,
    0.0138348,
    0.0079422,
    0.0104188,
    0.010248,
    0.011614399999999999,
    0.0134078,
    0.0091378,
    0.011358199999999999,
    0.0097356,
    0.0126392,
    0.0141764,
    0.008710800000000001,
    0.0121268,
    0.0093086,
    0.0088816,
    0.013920199999999999,
    0.007685999999999999,
    0.0073444,
    0.0105042,
    0.0155428,
    0.0091378,
    0.0146034,
    0.0079422,
    0.0056364,
    0.007259000000000001,
    0.0069174,
    0.0109312,
    0.0105042,
    0.008710800000000001,
    0.0086254,
    0.0080276,
    0.0112728,
    0.014005600000000002,
    0.011358199999999999,
    0.0091378,
    0.009394,
    0.0077714,
    0.016226,
    0.0103334,
    0.0095648,
    0.0076006,
    0.0065758,
    0.009394,
    0.008454600000000001,
    0.008283800000000001,
    0.0088816,
    0.0146888,
    0.0058926,
    0.0143472,
    0.012980799999999999,
    0.0130662,
    0.009821,
    0.0081984,
    0.0155428,
    0.0073444,
    0.0079422,
    0.0077714,
    0.0100772
  ],
  "statistics": {
    "count": 100,
    "mean": 0.010136126,
    "std": 0.002786702761279717,
    "min": 0.0029035999999999997,
    "max": 0.0182756
  }
}