{
  "leaves": [
    {
      "id": 1,
      "centroid": [
        0.41781000104001775,
        0.3080420676738985,
        -0.24402120661350987
      ],
      "normal": [
        0.973119652653893,
        -0.09165741286262177,
        -0.2112748453699528
      ],
      "plane_equation": [
        0.973119652653893,
        -0.09165741286262177,
        -0.2112748453699528,
        -0.42990032680580115
      ],
      "inlier_ratio": 1.0,
      "target_point": [
        0.5151219663054071,
        0.29887632638763634,
        -0.26514869115050516
      ],
      "fluorescence_mean": 0.018225675640726656,
      "health_status": "Normal"
    },
    {
      "id": 2,
      "centroid": [
        0.4027478980120792,
        0.3346220639444167,
        -0.22782270033513347
      ],
      "normal": [
        0.4586715604652097,
        0.8295225430314132,
        0.31861065616690676
      ],
      "plane_equation": [
        0.4586715604652096,
        0.829522543031413,
        0.3186106561669067,
        -0.38976760116799714
      ],
      "inlier_ratio": 0.989247311827957,
      "target_point": [
        0.4486150540586002,
        0.417574318247558,
        -0.1959616347184428
      ],
      "fluorescence_mean": 0.01639403779017919,
      "health_status": "Normal"
    },
    {
      "id": 3,
      "centroid": [
        0.4134945004530575,
        0.3050804594936578,
        -0.2301106663501781
      ],
      "normal": [
        0.8914889587991462,
        -0.22708838734765177,
        0.39201824022748877
      ],
      "plane_equation": [
        0.8914889587991461,
        -0.22708838734765174,
        0.3920182402274887,
        -0.20937858299052692
      ],
      "inlier_ratio": 0.967391304347826,
      "target_point": [
        0.5026433963329722,
        0.2823716207588926,
        -0.19090884232742922
      ],
      "fluorescence_mean": 0.020389805561569243,
      "health_status": "Bon"
    },
    {
      "id": 4,
      "centroid": [
        0.22904155866519824,
        0.3214521710131619,
        -0.28809534778466095
      ],
      "normal": [
        -0.27045958833216804,
        0.9623369857318769,
        0.027552440394266072
      ],
      "plane_equation": [
        -0.27045958833216804,
        0.9623369857318769,
        0.027552440394266072,
        -0.2394610977445242
      ],
      "inlier_ratio": 1.0,
      "target_point": [
        0.20199559983198143,
        0.4176858695863496,
        -0.28534010374523433
      ],
      "fluorescence_mean": 0.017844530930945842,
      "health_status": "Normal"
    },
    {
      "id": 5,
      "centroid": [
        0.39443764846716356,
        0.3246462745452995,
        -0.2143949884087292
      ],
      "normal": [
        0.2499204451928007,
        0.1798621279763023,
        0.9514144133838149
      ],
      "plane_equation": [
        0.24992044519280068,
        0.17986212797630227,
        0.9514144133838148,
        0.04700887964430952
      ],
      "inlier_ratio": 1.0,
      "target_point": [
        0.4194296929864436,
        0.3426324873429297,
        -0.1192535470703477
      ],
      "fluorescence_mean": 0.009099370756838159,
      "health_status": "Critique"
    },
    {
      "id": 6,
      "centroid": [
        0.22723508600530953,
        0.3315105391987439,
        -0.2991959390969112
      ],
      "normal": [
        -0.40739630255228065,
        0.07452093156884654,
        0.9102059565971001
      ],
      "plane_equation": [
        -0.40739630255228065,
        0.07452093156884654,
        0.9102059565971001,
        0.34020018559840337
      ],
      "inlier_ratio": 1.0,
      "target_point": [
        0.18649545575008147,
        0.33896263235562857,
        -0.2081753434372012
      ],
      "fluorescence_mean": 0.006254844013389551,
      "health_status": "Critique"
    },
    {
      "id": 7,
      "centroid": [
        0.39814265738142296,
        0.31428213702871444,
        -0.2130641296822974
      ],
      "normal": [
        -0.5508710430203783,
        -0.7389999186394626,
        0.3878404494279939
      ],
      "plane_equation": [
        -0.5508710430203783,
        -0.7389999186394626,
        0.3878404494279939,
        0.5342146224496326
      ],
      "inlier_ratio": 1.0,
      "target_point": [
        0.3430555530793851,
        0.2403821451647682,
        -0.17428008473949802
      ],
      "fluorescence_mean": 0.017870512239013456,
      "health_status": "Normal"
    },
    {
      "id": 8,
      "centroid": [
        0.3761267785144889,
        0.36252269537552545,
        -0.3068515088247216
      ],
      "normal": [
        -0.4923785829018878,
        0.42644037945633356,
        0.7587568344790492
      ],
      "plane_equation": [
        -0.4923785829018878,
        0.42644037945633356,
        0.7587568344790492,
        0.26342813390991016
      ],
      "inlier_ratio": 1.0,
      "target_point": [
        0.3268889202243001,
        0.4051667333211588,
        -0.2309758253768167
      ],
      "fluorescence_mean": 0.01604723817049229,
      "health_status": "Normal"
    },
    {
      "id": 9,
      "centroid": [
        0.4152109812606465,
        0.3152502897110852,
        -0.25288995931094344
      ],
      "normal": [
        0.9329397720908557,
        0.1997662087346278,
        -0.2995277007204102
      ],
      "plane_equation": [
        0.9329397720908557,
        0.1997662087346278,
        -0.2995277007204102,
        -0.5260907414526896
      ],
      "inlier_ratio": 1.0,
      "target_point": [
        0.5085049584697321,
        0.335226910584548,
        -0.28284272938298444
      ],
      "fluorescence_mean": 0.006669644310046132,
      "health_status": "Critique"
    },
    {
      "id": 10,
      "centroid": [
        0.41127032276831177,
        0.3226319527939746,
        -0.22583480532232084
      ],
      "normal": [
        0.853433157559732,
        0.3362790746982348,
        0.3982062650156635
      ],
      "plane_equation": [
        0.853433157559732,
        0.3362790746982348,
        0.3982062650156635,
        -0.36955727038647196
      ],
      "inlier_ratio": 1.0,
      "target_point": [
        0.496613638524285,
        0.3562598602637981,
        -0.1860141788207545
      ],
      "fluorescence_mean": 0.013174690757821527,
      "health_status": "Stress\u00e9"
    },
    {
      "id": 11,
      "centroid": [
        0.22723139218381933,
        0.32827968613521474,
        -0.2906392192518389
      ],
      "normal": [
        -0.06535420145670402,
        0.7122467520592941,
        0.6988800988245001
      ],
      "plane_equation": [
        -0.06535420145670402,
        0.7122467520592941,
        0.6988800988245001,
        -0.01584364776178183
      ],
      "inlier_ratio": 1.0,
      "target_point": [
        0.22069597203814892,
        0.39950436134114414,
        -0.22075120936938886
      ],
      "fluorescence_mean": 0.016048207801789355,
      "health_status": "Normal"
    },
    {
      "id": 12,
      "centroid": [
        0.3862615128358205,
        0.3727608563171493,
        -0.2925528734922409
      ],
      "normal": [
        0.9564635689585377,
        0.1926510074711477,
        -0.21923282276029868
      ],
      "plane_equation": [
        0.9564635689585376,
        0.19265100747114766,
        -0.21923282276029865,
        -0.5053950118959198
      ],
      "inlier_ratio": 1.0,
      "target_point": [
        0.48190786973167427,
        0.3920259570642641,
        -0.31447615576827076
      ],
      "fluorescence_mean": 0.02515420383628074,
      "health_status": "Excellent"
    }
  ]
}