{
  "leaves": [
    {
      "id": 1,
      "centroid": [
        0.46899455656176026,
        0.2735529544128888,
        -0.3212644395189009
      ],
      "normal": [
        0.9941356423149998,
        -0.03882007834278188,
        0.10093228520351116
      ],
      "plane_equation": [
        0.9941356423149998,
        -0.03882007834278188,
        0.10093228520351116,
        -0.423366443415493
      ],
      "inlier_ratio": 0.9746376811594203,
      "target_point": [
        0.5684081207932603,
        0.2696709465786106,
        -0.3111712109985498
      ],
      "fluorescence_mean": 0.013946156204137972,
      "health_status": "Stress\u00e9"
    },
    {
      "id": 2,
      "centroid": [
        0.2587633048301762,
        0.25349901414033277,
        -0.3028928952888378
      ],
      "normal": [
        -0.9445197931778607,
        0.03198777075701041,
        0.3268931672844328
      ],
      "plane_equation": [
        -0.9445197931778607,
        0.03198777075701041,
        0.3268931672844328,
        0.3352881919266158
      ],
      "inlier_ratio": 0.9951456310679612,
      "target_point": [
        0.16431132551239008,
        0.2566977912160338,
        -0.2702035785603945
      ],
      "fluorescence_mean": 0.013009467407050956,
      "health_status": "Stress\u00e9"
    },
    {
      "id": 3,
      "centroid": [
        0.24258250663889216,
        0.29419017266085806,
        -0.3335634975674305
      ],
      "normal": [
        -0.7786949352931991,
        -0.3590324473717351,
        0.5145190953531102
      ],
      "plane_equation": [
        -0.778694935293199,
        -0.35903244737173506,
        0.5145190953531101,
        0.46622873006143367
      ],
      "inlier_ratio": 0.9840425531914894,
      "target_point": [
        0.16471301310957226,
        0.2582869279236846,
        -0.28211158803211944
      ],
      "fluorescence_mean": 0.027583806769064047,
      "health_status": "Excellent"
    },
    {
      "id": 4,
      "centroid": [
        0.4975435768112992,
        0.4177390521222895,
        -0.29636486010117963
      ],
      "normal": [
        0.4085335126684263,
        0.6113722662025038,
        0.6777346982007132
      ],
      "plane_equation": [
        0.40853351266842625,
        0.6113722662025037,
        0.6777346982007131,
        -0.25784582393662314
      ],
      "inlier_ratio": 0.9878787878787879,
      "target_point": [
        0.5383969280781418,
        0.4788762787425399,
        -0.2285913902811083
      ],
      "fluorescence_mean": 0.027792132665371522,
      "health_status": "Excellent"
    },
    {
      "id": 5,
      "centroid": [
        0.42711600815096207,
        0.5087600781071571,
        -0.31999660307361233
      ],
      "normal": [
        -0.8376320000964849,
        0.5412462824349487,
        -0.07365523854221113
      ],
      "plane_equation": [
        -0.8376320000964851,
        0.5412462824349488,
        -0.07365523854221115,
        0.05766548353531386
      ],
      "inlier_ratio": 0.7225806451612903,
      "target_point": [
        0.3433528081413136,
        0.5628847063506519,
        -0.32736212692783345
      ],
      "fluorescence_mean": 0.00850158919405702,
      "health_status": "Critique"
    },
    {
      "id": 6,
      "centroid": [
        0.4058889968683256,
        0.5046526093610981,
        -0.31317786342345627
      ],
      "normal": [
        -0.3913265761368226,
        0.842946208640992,
        0.3691953414478696
      ],
      "plane_equation": [
        -0.3913265761368226,
        0.842946208640992,
        0.3691953414478696,
        -0.15118621829660256
      ],
      "inlier_ratio": 0.9664429530201343,
      "target_point": [
        0.36675633925464335,
        0.5889472302251973,
        -0.27625832927866933
      ],
      "fluorescence_mean": 0.01590147295185278,
      "health_status": "Normal"
    },
    {
      "id": 7,
      "centroid": [
        0.46150356262250053,
        0.2615356662667784,
        -0.29438076028250215
      ],
      "normal": [
        0.8931725739213172,
        -0.21011823619986345,
        0.3976092051386984
      ],
      "plane_equation": [
        0.8931725739213171,
        -0.21011823619986342,
        0.39760920513869835,
        -0.2402004118980136
      ],
      "inlier_ratio": 1.0,
      "target_point": [
        0.5508208200146323,
        0.24052384264679202,
        -0.25461983976863234
      ],
      "fluorescence_mean": 0.019498998274745823,
      "health_status": "Normal"
    },
    {
      "id": 8,
      "centroid": [
        0.2534072013174901,
        0.2988443201194044,
        -0.2986564074383407
      ],
      "normal": [
        -0.8919496768011081,
        -0.06840670898949927,
        0.4469298560396528
      ],
      "plane_equation": [
        -0.891949676801108,
        -0.06840670898949926,
        0.44692985603965274,
        0.379947892935519
      ],
      "inlier_ratio": 1.0,
      "target_point": [
        0.1642122336373793,
        0.2920036492204545,
        -0.2539634218343754
      ],
      "fluorescence_mean": 0.02603448485339784,
      "health_status": "Excellent"
    },
    {
      "id": 9,
      "centroid": [
        0.3202890360663677,
        0.4110863475963987,
        -0.22648336134594063
      ],
      "normal": [
        -0.8345400161669209,
        0.06476997774461105,
        0.5471268695641608
      ],
      "plane_equation": [
        -0.8345400161669208,
        0.06476997774461103,
        0.5471268695641607,
        0.36458309625355495
      ],
      "inlier_ratio": 1.0,
      "target_point": [
        0.23683503444967563,
        0.4175633453708598,
        -0.17177067438952454
      ],
      "fluorescence_mean": 0.029330892619150464,
      "health_status": "Excellent"
    },
    {
      "id": 10,
      "centroid": [
        0.24672091007232666,
        0.27311510443687437,
        -0.3398857602051326
      ],
      "normal": [
        -0.7566775237322123,
        0.007875347176021294,
        0.6537408538445065
      ],
      "plane_equation": [
        -0.7566775237322123,
        0.007875347176021294,
        0.6537408538445065,
        0.4067344981061229
      ],
      "inlier_ratio": 1.0,
      "target_point": [
        0.17105315769910542,
        0.2739026391544765,
        -0.27451167482068195
      ],
      "fluorescence_mean": 0.01246942564622688,
      "health_status": "Stress\u00e9"
    },
    {
      "id": 11,
      "centroid": [
        0.24057132396304493,
        0.26570800872682365,
        -0.3392189113260473
      ],
      "normal": [
        -0.8622320389806413,
        -0.29582584679296214,
        0.411148366559461
      ],
      "plane_equation": [
        -0.8622320389806412,
        -0.2958258467929621,
        0.41114836655946096,
        0.425500901159996
      ],
      "inlier_ratio": 1.0,
      "target_point": [
        0.15434812006498078,
        0.23612542404752743,
        -0.2981040746701012
      ],
      "fluorescence_mean": 0.01729381486802203,
      "health_status": "Normal"
    },
    {
      "id": 12,
      "centroid": [
        0.4532401128819114,
        0.5009379917069485,
        -0.3062285680519907
      ],
      "normal": [
        0.39448463567721165,
        0.7534994116184913,
        0.5259472491659263
      ],
      "plane_equation": [
        0.39448463567721165,
        0.7534994116184913,
        0.5259472491659263,
        -0.3951987657907502
      ],
      "inlier_ratio": 0.9789473684210527,
      "target_point": [
        0.4926885764496326,
        0.5762879328687976,
        -0.2536338431353981
      ],
      "fluorescence_mean": 0.013911194881905908,
      "health_status": "Stress\u00e9"
    },
    {
      "id": 13,
      "centroid": [
        0.2999177703293421,
        0.3390752455239655,
        -0.22696837750814294
      ],
      "normal": [
        -0.5177859092622671,
        0.39033621210342956,
        0.761272220490275
      ],