{
  "timestamp": "2025-12-10T15:34:06.024114",
  "leaf_id": 10,
  "leaf_index": 0,
  "position": {
    "x": 0.2149625,
    "y": 0.273375,
    "z": -0.24085
  },
  "camera_angles": {
    "pan": -67.66244520688213,
    "tilt": 186.99218802630998
  },
  "measurements": [
    0.0081984,
    0.0077714,
    0.010675,
    0.005124,
    0.011614399999999999,
    0.0112728,
    0.0131516,
    0.0142618,
    0.0092232,
    0.0109312,
    0.0079422,
    0.008454600000000001,
    0.0093086,
    0.007685999999999999,
    0.0075152000000000005,
    0.0060634,
    0.0138348,
    0.0077714,
    0.0142618,
    0.0128954,
    0.0126392,
    0.0079422,
    0.0105042,
    0.012297599999999999,
    0.0056364,
    0.012553799999999999,
    0.0083692,
    0.006148799999999999,
    0.0081984,
    0.006832,
    0.0097356,
    0.0080276,
    0.008113,
    0.013236999999999999,
    0.012041399999999999,
    0.0099918,
    0.007685999999999999,
    0.0116998,
    0.0111874,
    0.006148799999999999,
    0.0075152000000000005,
    0.012809999999999998,
    0.0079422,
    0.0134078,
    0.0121268,
    0.0076006,
    0.0052948,
    0.008967000000000001,
    0.008454600000000001,
    0.010675,
    0.0069174,
    0.010248,
    0.0130662,
    0.0076006,
    0.0091378,
    0.0065758,
    0.0081984,
    0.0071736,
    0.010248,
    0.0163114,
    0.0073444,
    0.0076006,
    0.0109312,
    0.0109312,
    0.0077714,
    0.0105896,
    0.010248,
    0.006404999999999999,
    0.0126392,
    0.0096502,
    0.0121268,
    0.008283800000000001,
    0.0137494,
    0.0080276,
    0.0146888,
    0.0103334,
    0.0131516,
    0.0105896,
    0.0075152000000000005,
    0.0111874,
    0.0099064,
    0.0111874,
    0.0110166,
    0.0071736,
    0.0094794,
    0.0073444,
    0.0018788000000000001,
    0.0092232,
    0.008113,
    0.0101626,
    0.008283800000000001,
    0.0081984,
    0.008283800000000001,
    0.0064903999999999995,
    0.0110166,
    0.009394,
    0.0101626,
    0.0133224,
    0.0076006,
    0.011529
  ],
  "statistics": {
    "count": 100,
    "mean": 0.0096075,
    "std": 0.0025311989507741184,
    "min": 0.0018788000000000001,
    "max": 0.0163114
  }
}