{
  "leaves": [
    {
      "id": 1,
      "centroid": [
        0.38726422092416785,
        0.2925057326044355,
        -0.19107851926442032
      ],
      "normal": [
        0.24260480573786042,
        -0.7830567699725478,
        0.5726822882131553
      ],
      "plane_equation": [
        0.24260480573786042,
        -0.7830567699725478,
        0.5726822882131553,
        0.24448246028941734
      ],
      "inlier_ratio": 0.989010989010989,
      "target_point": [
        0.4115247014979539,
        0.21420005560718075,
        -0.1338102904431048
      ],
      "fluorescence_mean": 0.008515029320811544,
      "health_status": "Critique"
    },
    {
      "id": 2,
      "centroid": [
        0.3112264953198887,
        0.3071668034508115,
        -0.25156947633340243
      ],
      "normal": [
        -0.6484694975815612,
        -0.7553695551108051,
        0.0943617820837547
      ],
      "plane_equation": [
        -0.6484694975815612,
        -0.7553695551108051,
        0.0943617820837547,
        0.4575838848263027
      ],
      "inlier_ratio": 1.0,
      "target_point": [
        0.24637954556173258,
        0.23162984793973096,
        -0.24213329812502696
      ],
      "fluorescence_mean": 0.027125107305345963,
      "health_status": "Excellent"
    },
    {
      "id": 3,
      "centroid": [
        0.39203731070703535,
        0.3727901978279228,
        -0.2838365671349995
      ],
      "normal": [
        0.9217685110705156,
        0.3875396436865219,
        -0.012483451853100949
      ],
      "plane_equation": [
        0.9217685110705156,
        0.3875396436865219,
        -0.012483451853100949,
        -0.5093818887305535
      ],
      "inlier_ratio": 1.0,
      "target_point": [
        0.48421416181408694,
        0.41154416219657497,
        -0.2850849123203096
      ],
      "fluorescence_mean": 0.01964207653382079,
      "health_status": "Normal"
    },
    {
      "id": 4,
      "centroid": [
        0.436369211458769,
        0.4113842669080515,
        -0.18389013116476965
      ],
      "normal": [
        0.1762058779579456,
        0.9767949099240907,
        0.12175053395963951
      ],
      "plane_equation": [
        0.17620587795794557,
        0.9767949099240906,
        0.1217505339596395,
        -0.45634015629832814
      ],
      "inlier_ratio": 1.0,
      "target_point": [
        0.45398979925456356,
        0.5090637579004607,
        -0.1717150777688057
      ],
      "fluorescence_mean": 0.026814114214765487,
      "health_status": "Excellent"
    },
    {
      "id": 5,
      "centroid": [
        0.3910958429552474,
        0.37559811068031024,
        -0.2543977451212001
      ],
      "normal": [
        0.5560853792657542,
        0.8234256459829249,
        -0.11286831488272268
      ],
      "plane_equation": [
        0.5560853792657541,
        0.8234256459829248,
        -0.11286831488272267,
        -0.5554732418777233
      ],
      "inlier_ratio": 1.0,
      "target_point": [
        0.44670438088182285,
        0.4579406752786027,
        -0.26568457660947237
      ],
      "fluorescence_mean": 0.01638826323621664,
      "health_status": "Normal"
    },
    {
      "id": 6,
      "centroid": [
        0.4357062473016627,
        0.3895667791366577,
        -0.17822421239871605
      ],
      "normal": [
        0.46513361689403415,
        -0.3662834289561064,
        0.8059076672344239
      ],
      "plane_equation": [
        0.46513361689403415,
        -0.3662834289561064,
        0.8059076672344239,
        0.08366249221775404
      ],
      "inlier_ratio": 1.0,
      "target_point": [
        0.4822196089910661,
        0.3529384362410471,
        -0.09763344567527366
      ],
      "fluorescence_mean": 0.006606277482783139,
      "health_status": "Critique"
    },
    {
      "id": 7,
      "centroid": [
        0.3901573649297158,
        0.37323455202082795,
        -0.3139220265050729
      ],
      "normal": [
        0.9132660515794089,
        0.39907764132913726,
        -0.08174445072131305
      ],
      "plane_equation": [
        0.9132660515794088,
        0.3990776413291372,
        -0.08174445072131303,
        -0.530928424472976
      ],
      "inlier_ratio": 1.0,
      "target_point": [
        0.4814839700876567,
        0.4131423161537417,
        -0.3220964715772042
      ],
      "fluorescence_mean": 0.0151940534611774,
      "health_status": "Normal"
    },
    {
      "id": 8,
      "centroid": [
        0.30525290469328564,
        0.3223783191707399,
        -0.25127501951323616
      ],
      "normal": [
        -0.9665161364374562,
        0.17754805448501096,
        0.18526534040289422
      ],
      "plane_equation": [
        -0.9665161364374562,
        0.17754805448501096,
        0.18526534040289422,
        0.28434676672841624
      ],
      "inlier_ratio": 1.0,
      "target_point": [
        0.20860129104954,
        0.340133124619241,
        -0.23274848547294674
      ],
      "fluorescence_mean": 0.023165352777707267,
      "health_status": "Bon"
    },
    {
      "id": 9,
      "centroid": [
        0.3110325535138448,
        0.31953122489380115,
        -0.239647955605478
      ],
      "normal": [
        -0.7687905868294908,
        -0.08699366072554361,
        0.6335559459084386
      ],
      "plane_equation": [
        -0.7687905868294908,
        -0.08699366072554361,
        0.6335559459084386,
        0.41874647750726457
      ],
      "inlier_ratio": 1.0,
      "target_point": [
        0.2341534948308957,
        0.3108318588212468,
        -0.17629236101463414
      ],
      "fluorescence_mean": 0.02713446532415927,
      "health_status": "Excellent"
    },
    {
      "id": 10,
      "centroid": [
        0.3470005113631487,
        0.35005808528512716,
        -0.32406089175492525
      ],
      "normal": [
        -0.9602968412679738,
        0.21035940802441808,
        -0.18324545316697055
      ],
      "plane_equation": [
        -0.9602968412679738,
        0.21035940802441808,
        -0.18324545316697055,
        0.20020279842233887
      ],
      "inlier_ratio": 1.0,
      "target_point": [
        0.25097082723635133,
        0.371094026087569,
        -0.3423854370716223
      ],
      "fluorescence_mean": 0.009290218892136022,
      "health_status": "Critique"
    },
    {
      "id": 11,
      "centroid": [
        0.36980440219243366,
        0.30808557868003844,
        -0.18531579822301864
      ],
      "normal": [
        -0.4819491827343417,
        -0.2813920889016523,
        0.8297851996542629
      ],
      "plane_equation": [
        -0.4819491827343416,
        -0.28139208890165224,
        0.8297851996542628,
        0.4186920805810321
      ],
      "inlier_ratio": 1.0,
      "target_point": [
        0.32160948391899946,
        0.2799463697898732,
        -0.10233727825759234
      ],
      "fluorescence_mean": 0.0180084957025029,
      "health_status": "Normal"
    },
    {
      "id": 12,
      "centroid": [
        0.4226949155330658,
        0.3999024033546448,
        -0.1719487393895785
      ],
      "normal": [
        0.12577252195521993,
        0.32584913449587743,
        0.9370184706126723
      ],
      "plane_equation": [
        0.12577252195521993,
        0.32584913449587743,
        0.9370184706126723,
        -0.02235211275357482
      ],
      "inlier_ratio": 1.0,
      "target_point": [
        0.4352721677285878,
        0.4324873168042325,
        -0.07824689232831127
      ],
      "fluorescence_mean": 0.023647777118630007,
      "health_status": "Bon"
    }
  ]
}