{
  "leaves": [
    {
      "id": 1,
      "centroid": [
        0.46124486804008485,
        0.4190187031030655,
        -0.15375635892152786
      ],
      "normal": [
        0.9265735654793917,
        -0.08438287440843177,
        0.36652552197818133
      ],
      "plane_equation": [
        0.9265735654793917,
        -0.08438287440843177,
        0.36652552197818133,
        -0.3356636696290654
      ],
      "inlier_ratio": 1.0,
      "target_point": [
        0.5029406784866575,
        0.41522147375468604,
        -0.1372627104325097
      ]
    },
    {
      "id": 2,
      "centroid": [
        0.41111135482788086,
        0.42282297772665817,
        -0.2293339197834333
      ],
      "normal": [
        -0.20380233640839882,
        -0.6168675997943497,
        0.7602229751845414
      ],
      "plane_equation": [
        -0.20380233640839882,
        -0.6168675997943497,
        0.7602229751845414,
        0.5189561648545824
      ],
      "inlier_ratio": 1.0,
      "target_point": [
        0.4019402496895029,
        0.3950639357359124,
        -0.1951238859001289
      ]
    },
    {
      "id": 3,
      "centroid": [
        0.45643923150168525,
        0.2938275416692098,
        -0.16676255630122291
      ],
      "normal": [
        0.8601247321930822,
        -0.20012374589655935,
        0.46918645696365546
      ],
      "plane_equation": [
        0.860124732193082,
        -0.20012374589655932,
        0.4691864569636554,
        -0.2555500705262107
      ],
      "inlier_ratio": 1.0,
      "target_point": [
        0.49514484445037393,
        0.28482197310386465,
        -0.1456491657378584
      ]
    },
    {
      "id": 4,
      "centroid": [
        0.4531123439470927,
        0.4299329093524388,
        -0.15148731569449106
      ],
      "normal": [
        0.7974020047215273,
        -0.011375847393281803,
        0.603341224318523
      ],
      "plane_equation": [
        0.7974020047215271,
        -0.011375847393281801,
        0.6033412243185229,
        -0.265023297741498
      ],
      "inlier_ratio": 1.0,
      "target_point": [
        0.4889954341595614,
        0.4294209962197411,
        -0.12433696060015753
      ]
    }
  ]
}