{
  "leaves": [
    {
      "id": 1,
      "centroid": [
        0.41781000104001775,
        0.3080420676738985,
        -0.24402120661350987
      ],
      "normal": [
        0.9709645045381944,
        -0.13305750406748557,
        -0.1988055118406678
      ],
      "plane_equation": [
        0.9709645045381943,
        -0.13305750406748554,
        -0.19880551184066778,
        -0.4133487608222108
      ],
      "inlier_ratio": 0.978494623655914,
      "target_point": [
        0.5149064514938372,
        0.29473631726715,
        -0.26390175779757663
      ],
      "fluorescence_mean": 0.02072168835094611,
      "health_status": "Bon"
    },
    {
      "id": 2,
      "centroid": [
        0.4134945004530575,
        0.3050804594936578,
        -0.2301106663501781
      ],
      "normal": [
        0.8819011044045482,
        -0.22126020723593207,
        0.4162863950983152
      ],
      "plane_equation": [
        0.8819011044045482,
        -0.22126020723593207,
        0.4162863950983152,
        -0.20171455093830562
      ],
      "inlier_ratio": 0.9456521739130435,
      "target_point": [
        0.5016846108935124,
        0.2829544387700646,
        -0.18848202684034657
      ],
      "fluorescence_mean": 0.008269082661960263,
      "health_status": "Critique"
    },
    {
      "id": 3,
      "centroid": [
        0.4037800051626705,
        0.33481423556804657,
        -0.22891585688505853
      ],
      "normal": [
        0.5733127416599184,
        0.7596628100937584,
        0.30696077145270867
      ],
      "plane_equation": [
        0.5733127416599184,
        0.7596628100937584,
        0.30696077145270867,
        -0.41556995681108705
      ],
      "inlier_ratio": 1.0,
      "target_point": [
        0.46111127932866236,
        0.4107805165774224,
        -0.19821977973978766
      ],
      "fluorescence_mean": 0.028605598493722094,
      "health_status": "Excellent"
    },
    {
      "id": 4,
      "centroid": [
        0.3942810069573553,
        0.3256152178111829,
        -0.21477688652904411
      ],
      "normal": [
        0.225492690924641,
        0.32092615267241525,
        0.9198692574874139
      ],
      "plane_equation": [
        0.225492690924641,
        0.32092615267241525,
        0.9198692574874139,
        0.004058028087512246
      ],
      "inlier_ratio": 0.9868421052631579,
      "target_point": [
        0.41683027604981937,
        0.35770783307842446,
        -0.12278996078030271
      ],
      "fluorescence_mean": 0.009142673656833404,
      "health_status": "Critique"
    },
    {
      "id": 5,
      "centroid": [
        0.22904155866519824,
        0.3214521710131619,
        -0.28809534778466095
      ],
      "normal": [
        -0.27045958833216804,
        0.9623369857318769,
        0.027552440394266072
      ],
      "plane_equation": [
        -0.27045958833216804,
        0.9623369857318769,
        0.027552440394266072,
        -0.2394610977445242
      ],
      "inlier_ratio": 1.0,
      "target_point": [
        0.20199559983198143,
        0.4176858695863496,
        -0.28534010374523433
      ],
      "fluorescence_mean": 0.015731428478839047,
      "health_status": "Normal"
    },
    {
      "id": 6,
      "centroid": [
        0.400598889326348,
        0.3126436498235254,
        -0.213991029516739
      ],
      "normal": [
        -0.4548068235266049,
        -0.8263563943663097,
        0.332093153743873
      ],
      "plane_equation": [
        -0.4548068235266049,
        -0.8263563943663097,
        0.332093153743873,
        0.5116151434176059
      ],
      "inlier_ratio": 1.0,
      "target_point": [
        0.3551182069736875,
        0.2300080103868944,
        -0.18078171414235172
      ],
      "fluorescence_mean": 0.00843475658307226,
      "health_status": "Critique"
    },
    {
      "id": 7,
      "centroid": [
        0.22723508600530953,
        0.3315105391987439,
        -0.2991959390969112
      ],
      "normal": [
        -0.40739630255228065,
        0.07452093156884654,
        0.9102059565971001
      ],
      "plane_equation": [
        -0.40739630255228065,
        0.07452093156884654,
        0.9102059565971001,
        0.34020018559840337
      ],
      "inlier_ratio": 1.0,
      "target_point": [
        0.18649545575008147,
        0.33896263235562857,
        -0.2081753434372012
      ],
      "fluorescence_mean": 0.0076802104336171,
      "health_status": "Critique"
    },
    {
      "id": 8,
      "centroid": [
        0.3761267785144889,
        0.36252269537552545,
        -0.3068515088247216
      ],
      "normal": [
        -0.4923785829018878,
        0.42644037945633356,
        0.7587568344790492
      ],
      "plane_equation": [
        -0.4923785829018878,
        0.42644037945633356,
        0.7587568344790492,
        0.26342813390991016
      ],
      "inlier_ratio": 1.0,
      "target_point": [
        0.3268889202243001,
        0.4051667333211588,
        -0.2309758253768167
      ],
      "fluorescence_mean": 0.009607976771981934,
      "health_status": "Critique"
    },
    {
      "id": 9,
      "centroid": [
        0.4152109812606465,
        0.3152502897110852,
        -0.25288995931094344
      ],
      "normal": [
        0.9329397720908557,
        0.1997662087346278,
        -0.2995277007204102
      ],
      "plane_equation": [
        0.9329397720908557,
        0.1997662087346278,
        -0.2995277007204102,
        -0.5260907414526896
      ],
      "inlier_ratio": 1.0,
      "target_point": [
        0.5085049584697321,
        0.335226910584548,
        -0.28284272938298444
      ],
      "fluorescence_mean": 0.008206453046557453,
      "health_status": "Critique"
    },
    {
      "id": 10,
      "centroid": [
        0.41127032276831177,
        0.3226319527939746,
        -0.22583480532232084
      ],
      "normal": [
        0.853433157559732,
        0.3362790746982348,
        0.3982062650156635
      ],
      "plane_equation": [
        0.853433157559732,
        0.3362790746982348,
        0.3982062650156635,
        -0.36955727038647196
      ],
      "inlier_ratio": 1.0,
      "target_point": [
        0.496613638524285,
        0.3562598602637981,
        -0.1860141788207545
      ],
      "fluorescence_mean": 0.029647652620557772,
      "health_status": "Excellent"
    },
    {
      "id": 11,
      "centroid": [
        0.22723139218381933,
        0.32827968613521474,
        -0.2906392192518389
      ],
      "normal": [
        -0.06535420145670402,
        0.7122467520592941,
        0.6988800988245001
      ],
      "plane_equation": [
        -0.06535420145670402,
        0.7122467520592941,
        0.6988800988245001,
        -0.01584364776178183
      ],
      "inlier_ratio": 1.0,
      "target_point": [
        0.22069597203814892,
        0.39950436134114414,
        -0.22075120936938886
      ],
      "fluorescence_mean": 0.020669450035409178,
      "health_status": "Bon"
    }
  ]
}