{
  "leaves": [
    {
      "id": 1,
      "centroid": [
        0.3112264953198887,
        0.3071668034508115,
        -0.25156947633340243
      ],
      "normal": [
        -0.6484694975815612,
        -0.7553695551108051,
        0.0943617820837547
      ],
      "plane_equation": [
        -0.6484694975815612,
        -0.7553695551108051,
        0.0943617820837547,
        0.4575838848263027
      ],
      "inlier_ratio": 1.0,
      "target_point": [
        0.24637954556173258,
        0.23162984793973096,
        -0.24213329812502696
      ],
      "fluorescence_mean": 0.026919963276788837,
      "health_status": "Excellent"
    },
    {
      "id": 2,
      "centroid": [
        0.38803586479905366,
        0.2915272511445083,
        -0.19219325386084518
      ],
      "normal": [
        0.4152742615316542,
        -0.7936775034979721,
        0.44454843172658465
      ],
      "plane_equation": [
        0.4152742615316542,
        -0.7936775034979721,
        0.44454843172658465,
        0.1556765232800439
      ],
      "inlier_ratio": 1.0,
      "target_point": [
        0.42956329095221907,
        0.21215950079471108,
        -0.14773841068818672
      ],
      "fluorescence_mean": 0.012387383348291533,
      "health_status": "Stress\u00e9"
    },
    {
      "id": 3,
      "centroid": [
        0.436369211458769,
        0.4113842669080515,
        -0.18389013116476965
      ],
      "normal": [
        0.1762058779579456,
        0.9767949099240907,
        0.12175053395963951
      ],
      "plane_equation": [
        0.17620587795794557,
        0.9767949099240906,
        0.1217505339596395,
        -0.45634015629832814
      ],
      "inlier_ratio": 1.0,
      "target_point": [
        0.45398979925456356,
        0.5090637579004607,
        -0.1717150777688057
      ],
      "fluorescence_mean": 0.007473327289309166,
      "health_status": "Critique"
    },
    {
      "id": 4,
      "centroid": [
        0.39199481876391284,
        0.37260594233027045,
        -0.2863198698691602
      ],
      "normal": [
        0.39112116051199053,
        0.9198096710099988,
        -0.031215491606440028
      ],
      "plane_equation": [
        0.3911211605119905,
        0.9198096710099987,
        -0.031215491606440025,
        -0.5049816331554633
      ],
      "inlier_ratio": 1.0,
      "target_point": [
        0.4311069348151119,
        0.46458690943127035,
        -0.2894414190298042
      ],
      "fluorescence_mean": 0.02677141573012143,
      "health_status": "Excellent"
    },
    {
      "id": 5,
      "centroid": [
        0.4357062473016627,
        0.3895667791366577,
        -0.17822421239871605
      ],
      "normal": [
        0.46513361689403415,
        -0.3662834289561064,
        0.8059076672344239
      ],
      "plane_equation": [
        0.46513361689403415,
        -0.3662834289561064,
        0.8059076672344239,
        0.08366249221775404
      ],
      "inlier_ratio": 1.0,
      "target_point": [
        0.4822196089910661,
        0.3529384362410471,
        -0.09763344567527366
      ],
      "fluorescence_mean": 0.008930161276070743,
      "health_status": "Critique"
    },
    {
      "id": 6,
      "centroid": [
        0.3901573649297158,
        0.37323455202082795,
        -0.3139220265050729
      ],
      "normal": [
        0.9132660515794089,
        0.39907764132913726,
        -0.08174445072131305
      ],
      "plane_equation": [
        0.9132660515794088,
        0.3990776413291372,
        -0.08174445072131303,
        -0.530928424472976
      ],
      "inlier_ratio": 1.0,
      "target_point": [
        0.4814839700876567,
        0.4131423161537417,
        -0.3220964715772042
      ],
      "fluorescence_mean": 0.013024808554820036,
      "health_status": "Stress\u00e9"
    },
    {
      "id": 7,
      "centroid": [
        0.38696404742567164,
        0.3021476480521654,
        -0.18610569834709167
      ],
      "normal": [
        0.810416362023001,
        -0.4277200103797176,
        0.4003509871177771
      ],
      "plane_equation": [
        0.810416362023001,
        -0.4277200103797176,
        0.4003509871177771,
        -0.10977270380713658
      ],
      "inlier_ratio": 0.9736842105263158,
      "target_point": [
        0.46800568362797174,
        0.25937564701419363,
        -0.14607059963531396
      ],
      "fluorescence_mean": 0.009242553089737808,
      "health_status": "Critique"
    },
    {
      "id": 8,
      "centroid": [
        0.30525290469328564,
        0.3223783191707399,
        -0.25127501951323616
      ],
      "normal": [
        -0.9665161364374562,
        0.17754805448501096,
        0.18526534040289422
      ],
      "plane_equation": [
        -0.9665161364374562,
        0.17754805448501096,
        0.18526534040289422,
        0.28434676672841624
      ],
      "inlier_ratio": 1.0,
      "target_point": [
        0.20860129104954,
        0.340133124619241,
        -0.23274848547294674
      ],
      "fluorescence_mean": 0.018909219216334212,
      "health_status": "Normal"
    },
    {
      "id": 9,
      "centroid": [
        0.3910649165962682,
        0.374475514346903,
        -0.2701223004948009
      ],
      "normal": [
        0.8849625590831789,
        0.44301251924130286,
        0.14346141229064135
      ],
      "plane_equation": [
        0.8849625590831789,
        0.44301251924130286,
        0.14346141229064135,
        -0.47322302364350644
      ],
      "inlier_ratio": 1.0,
      "target_point": [
        0.4795611725045861,
        0.41877676627103333,
        -0.25577615926573677
      ],
      "fluorescence_mean": 0.019062354326903494,
      "health_status": "Normal"
    },
    {
      "id": 10,
      "centroid": [
        0.3110325535138448,
        0.31953122489380115,
        -0.239647955605478
      ],
      "normal": [
        -0.7687905868294908,
        -0.08699366072554361,
        0.6335559459084386
      ],
      "plane_equation": [
        -0.7687905868294908,
        -0.08699366072554361,
        0.6335559459084386,
        0.41874647750726457
      ],
      "inlier_ratio": 1.0,
      "target_point": [
        0.2341534948308957,
        0.3108318588212468,
        -0.17629236101463414
      ],
      "fluorescence_mean": 0.028257198212222504,
      "health_status": "Excellent"
    },
    {
      "id": 11,
      "centroid": [
        0.3470005113631487,
        0.35005808528512716,
        -0.32406089175492525
      ],
      "normal": [
        -0.9602968412679738,
        0.21035940802441808,
        -0.18324545316697055
      ],
      "plane_equation": [
        -0.9602968412679738,
        0.21035940802441808,
        -0.18324545316697055,
        0.20020279842233887
      ],
      "inlier_ratio": 1.0,
      "target_point": [
        0.25097082723635133,
        0.371094026087569,
        -0.3423854370716223
      ],
      "fluorescence_mean": 0.025323151659625343,
      "health_status": "Excellent"
    },
    {
      "id": 12,
      "centroid": [
        0.39082607440650463,
        0.3752125008031726,
        -0.25799999944865704
      ],
      "normal": [
        0.5311582535973607,
        0.8419158405826833,
        -0.0951242714103804
      ],
      "plane_equation": [
        0.5311582535973607,
        0.8419158405826833,
        -0.0951242714103804,
        -0.548029905124337
      ],
      "inlier_ratio": 1.0,
      "target_point": [
        0.4439418997662407,
        0.4594040848614409,
        -0.2675124265896951
      ],
      "fluorescence_mean": 0.027699317084996785,
      "health_status": "Excellent"
    },
    {
      "id": 13,
      "centroid": [
        0.36980440219243366,
        0.30808557868003844,
        -0.18531579822301864
      ],
      "normal": [
        -0.4819491827343417,
        -0.2813920889016523,
        0.8297851996542629
      ],