{
  "leaves": [
    {
      "id": 1,
      "centroid": [
        0.24322064781578373,
        0.2791961680023962,
        -0.30521634983808943
      ],
      "normal": [
        -0.6734342572142112,
        -0.42504973352145503,
        0.6048297489737785
      ],
      "plane_equation": [
        -0.6734342572142112,
        -0.42504973352145503,
        0.6048297489737785,
        0.4670693013658761
      ],
      "inlier_ratio": 1.0,
      "target_point": [
        0.1758772220943626,
        0.2366911946502507,
        -0.24473337494071157
      ],
      "fluorescence_mean": 0.024063003238759775,
      "health_status": "Bon"
    },
    {
      "id": 2,
      "centroid": [
        0.31805576812455283,
        0.3426193592277488,
        -0.2325039110114202
      ],
      "normal": [
        -0.05785868488310084,
        0.6541560153505215,
        0.7541434082217562
      ],
      "plane_equation": [
        -0.05785868488310084,
        0.6541560153505215,
        0.7541434082217562,
        -0.030382934476161624
      ],
      "inlier_ratio": 1.0,
      "target_point": [
        0.31226989963624274,
        0.40803496076280094,
        -0.15708957018924458
      ],
      "fluorescence_mean": 0.011095685462837294,
      "health_status": "Stress\u00e9"
    },
    {
      "id": 3,
      "centroid": [
        0.3318558981252,
        0.394798837891305,
        -0.22773029080119495
      ],
      "normal": [
        -0.50919814995429,
        -0.4952058756448311,
        0.7039093583764637
      ],
      "plane_equation": [
        -0.50919814995429,
        -0.4952058756448311,
        0.7039093583764637,
        0.5247885964790513
      ],
      "inlier_ratio": 1.0,
      "target_point": [
        0.280936083129771,
        0.34527825032682186,
        -0.15733935496354856
      ],
      "fluorescence_mean": 0.02368307245282516,
      "health_status": "Bon"
    },
    {
      "id": 4,
      "centroid": [
        0.34732580974175686,
        0.3535632019485365,
        -0.25932400503554837
      ],
      "normal": [
        -0.5522508184143943,
        0.45738339370803216,
        0.697007506932856
      ],
      "plane_equation": [
        -0.5522508184143943,
        0.45738339370803216,
        0.697007506932856,
        0.2108478037264984
      ],
      "inlier_ratio": 1.0,
      "target_point": [
        0.29210072790031744,
        0.39930154131933976,
        -0.18962325434226276
      ],
      "fluorescence_mean": 0.024175660931420317,
      "health_status": "Bon"
    },
    {
      "id": 5,
      "centroid": [
        0.3627255306886365,
        0.3700255419858322,
        -0.23175919136166875
      ],
      "normal": [
        -0.7087034551898562,
        0.10979267529109728,
        0.6969110280763128
      ],
      "plane_equation": [
        -0.7087034551898562,
        0.10979267529109728,
        0.6969110280763128,
        0.3779542790219436
      ],
      "inlier_ratio": 1.0,
      "target_point": [
        0.29185518516965087,
        0.3810048095149419,
        -0.16206808855403748
      ],
      "fluorescence_mean": 0.02586390759840146,
      "health_status": "Excellent"
    },
    {
      "id": 6,
      "centroid": [
        0.3914870238288853,
        0.3293050763955288,
        -0.2647862065730516
      ],
      "normal": [
        0.39170296754539596,
        0.7703861127834747,
        0.5030646304864793
      ],
      "plane_equation": [
        0.39170296754539596,
        0.7703861127834747,
        0.5030646304864793,
        -0.27383411154591736
      ],
      "inlier_ratio": 1.0,
      "target_point": [
        0.4306573205834249,
        0.4063436876738763,
        -0.21447974352440363
      ],
      "fluorescence_mean": 0.023344553583936143,
      "health_status": "Bon"
    },
    {
      "id": 7,
      "centroid": [
        0.3692280206635337,
        0.3092531769716945,
        -0.2701337258173308
      ],
      "normal": [
        -0.6601675875380248,
        -0.7378043849089865,
        0.14079575978450623
      ],
      "plane_equation": [
        -0.6601675875380248,
        -0.7378043849089865,
        0.14079575978450623,
        0.5099544048395066
      ],
      "inlier_ratio": 1.0,
      "target_point": [
        0.30321126190973124,
        0.23547273848079586,
        -0.2560541498388802
      ],
      "fluorescence_mean": 0.012748324906709088,
      "health_status": "Stress\u00e9"
    },
    {
      "id": 8,
      "centroid": [
        0.3753543663350334,
        0.33824534981638704,
        -0.22946492123724405
      ],
      "normal": [
        -0.3216530249176922,
        0.38606008437994194,
        0.8645790552690081
      ],
      "plane_equation": [
        -0.3216530249176922,
        0.38606008437994194,
        0.8645790552690081,
        0.18854140387716353
      ],
      "inlier_ratio": 1.0,
      "target_point": [
        0.34318906384326414,
        0.3768513582543812,
        -0.14300701571034324
      ],
      "fluorescence_mean": 0.008663819916407899,
      "health_status": "Critique"
    },
    {
      "id": 9,
      "centroid": [
        0.38178440876413755,
        0.3761517100671158,
        -0.23825392729426073
      ],
      "normal": [
        0.5087730712615651,
        -0.6183470650596317,
        0.5989965518191352
      ],
      "plane_equation": [
        0.5087730712615651,
        -0.6183470650596317,
        0.5989965518191352,
        0.1810639606370806
      ],
      "inlier_ratio": 1.0,
      "target_point": [
        0.43266171589029406,
        0.3143170035611526,
        -0.1783542721123472
      ],
      "fluorescence_mean": 0.005092843829498928,
      "health_status": "Critique"
    },
    {
      "id": 10,
      "centroid": [
        0.3996480086104149,
        0.33193590749634155,
        -0.24692274193344202
      ],
      "normal": [
        0.913997625432917,
        0.30667125776743714,
        0.2656333570211535
      ],
      "plane_equation": [
        0.913997625432917,
        0.30667125776743714,
        0.2656333570211535,
        -0.40148161626434375
      ],
      "inlier_ratio": 1.0,
      "target_point": [
        0.49104777115370657,
        0.3626030332730853,
        -0.22035940623132666
      ],
      "fluorescence_mean": 0.01891438059110303,
      "health_status": "Normal"
    },
    {
      "id": 11,
      "centroid": [
        0.4408690894413029,
        0.48783460662021694,
        -0.2962991355073559
      ],
      "normal": [
        0.16039021906533546,
        0.6277628126639334,
        0.761701272589485
      ],
      "plane_equation": [
        0.16039021906533546,
        0.6277628126639334,
        0.761701272589485,
        -0.15126408601821917
      ],
      "inlier_ratio": 1.0,
      "target_point": [
        0.45690811134783643,
        0.5506108878866103,
        -0.22012900824840742
      ],
      "fluorescence_mean": 0.01773751927814465,
      "health_status": "Normal"
    },
    {
      "id": 12,
      "centroid": [
        0.45072378136878766,
        0.2781085605097801,
        -0.2972142253012671
      ],
      "normal": [
        0.7832934033253834,
        -0.3016673530525969,
        0.5435515177139866
      ],
      "plane_equation": [
        0.7832934033253834,
        -0.3016673530525969,
        0.5435515177139866,
        -0.10760144810909991
      ],
      "inlier_ratio": 1.0,
      "target_point": [
        0.529053121701326,
        0.2479418252045204,
        -0.24285907352986846
      ],
      "fluorescence_mean": 0.007434648124292335,
      "health_status": "Critique"
    },
    {
      "id": 13,
      "centroid": [
        0.4673466813534508,
        0.361982832150391,
        -0.29488384536029544
      ],
      "normal": [
        0.9867456494788417,
        -0.016098618841655282,
        0.16147401557516897
      ],
      "plane_equation": [
        0.9867456494788417,
        -0.016098618841655282,
        0.16147401557516897,
        -0.407708802343306
      ],
      "inlier_ratio": 1.0,