{
  "leaves": [
    {
      "id": 1,
      "centroid": [
        0.4134945004530575,
        0.3050804594936578,
        -0.2301106663501781
      ],
      "normal": [
        0.8864399168976398,
        -0.2269636364536248,
        0.40337548445369403
      ],
      "plane_equation": [
        0.8864399168976398,
        -0.2269636364536248,
        0.40337548445369403,
        -0.2047772852467877
      ],
      "inlier_ratio": 0.9565217391304348,
      "target_point": [
        0.5021384921428215,
        0.2823840958482953,
        -0.1897731179048087
      ],
      "fluorescence_mean": 0.013632572543034974,
      "health_status": "Stress\u00e9"
    },
    {
      "id": 2,
      "centroid": [
        0.41797550495933083,
        0.3080275717903586,
        -0.24349222376066096
      ],
      "normal": [
        0.9793452302137516,
        -0.1358848178715075,
        -0.14972720637746895
      ],
      "plane_equation": [
        0.9793452302137516,
        -0.1358848178715075,
        -0.14972720637746895,
        -0.40410700463400984
      ],
      "inlier_ratio": 0.9764705882352941,
      "target_point": [
        0.5159100279807061,
        0.29443909000320784,
        -0.25846494439840784
      ],
      "fluorescence_mean": 0.006134032222213458,
      "health_status": "Critique"
    },
    {
      "id": 3,
      "centroid": [
        0.22906794695005026,
        0.3214107588545917,
        -0.28811630035099917
      ],
      "normal": [
        -0.27711455557758713,
        0.9603571805386889,
        0.030358011707232836
      ],
      "plane_equation": [
        -0.2771145555775871,
        0.9603571805386888,
        0.030358011707232832,
        -0.23644442983316238
      ],
      "inlier_ratio": 1.0,
      "target_point": [
        0.20135649139229153,
        0.4174464769084606,
        -0.2850804991802759
      ],
      "fluorescence_mean": 0.02688947848415632,
      "health_status": "Excellent"
    },
    {
      "id": 4,
      "centroid": [
        0.39444324158240057,
        0.32482632001241046,
        -0.21445584901864978
      ],
      "normal": [
        0.24513268615786088,
        0.280220612271682,
        0.9281090316525938
      ],
      "plane_equation": [
        0.24513268615786088,
        0.280220612271682,
        0.9281090316525938,
        0.011142097800522771
      ],
      "inlier_ratio": 0.9710144927536232,
      "target_point": [
        0.41895651019818664,
        0.3528483812395787,
        -0.12164494585339039
      ],
      "fluorescence_mean": 0.029471692792371135,
      "health_status": "Excellent"
    },
    {
      "id": 5,
      "centroid": [
        0.400598889326348,
        0.3126436498235254,
        -0.213991029516739
      ],
      "normal": [
        -0.4548068235266049,
        -0.8263563943663097,
        0.332093153743873
      ],
      "plane_equation": [
        -0.4548068235266049,
        -0.8263563943663097,
        0.332093153743873,
        0.5116151434176059
      ],
      "inlier_ratio": 1.0,
      "target_point": [
        0.3551182069736875,
        0.2300080103868944,
        -0.18078171414235172
      ],
      "fluorescence_mean": 0.027279542008108112,
      "health_status": "Excellent"
    },
    {
      "id": 6,
      "centroid": [
        0.22723508600530953,
        0.3315105391987439,
        -0.2991959390969112
      ],
      "normal": [
        -0.40739630255228065,
        0.07452093156884654,
        0.9102059565971001
      ],
      "plane_equation": [
        -0.40739630255228065,
        0.07452093156884654,
        0.9102059565971001,
        0.34020018559840337
      ],
      "inlier_ratio": 1.0,
      "target_point": [
        0.18649545575008147,
        0.33896263235562857,
        -0.2081753434372012
      ],
      "fluorescence_mean": 0.027261818349817384,
      "health_status": "Excellent"
    },
    {
      "id": 7,
      "centroid": [
        0.4119345291094346,
        0.31966119408607485,
        -0.2256813247095455
      ],
      "normal": [
        0.907447949705596,
        0.25339623707412945,
        0.3351545398943328
      ],
      "plane_equation": [
        0.907447949705596,
        0.25339623707412945,
        0.3351545398943328,
        -0.3791719670275596
      ],
      "inlier_ratio": 1.0,
      "target_point": [
        0.5026793240799943,
        0.3450008177934878,
        -0.1921658707201122
      ],
      "fluorescence_mean": 0.028448886751044424,
      "health_status": "Excellent"
    },
    {
      "id": 8,
      "centroid": [
        0.41534029520474947,
        0.3141650276688429,
        -0.25239021932849515
      ],
      "normal": [
        0.9667400577309738,
        0.13940619822150827,
        -0.21442847916202526
      ],
      "plane_equation": [
        0.9667400577309738,
        0.13940619822150827,
        -0.21442847916202526,
        -0.4994423039716867
      ],
      "inlier_ratio": 1.0,
      "target_point": [
        0.5120143009778468,
        0.32810564749099375,
        -0.2738330672446977
      ],
      "fluorescence_mean": 0.006782447803464193,
      "health_status": "Critique"
    },
    {
      "id": 9,
      "centroid": [
        0.39917891116245935,
        0.33466294602207514,
        -0.2221077402000842
      ],
      "normal": [
        0.3780496403677724,
        0.6940123141658855,
        0.6127196562898162
      ],
      "plane_equation": [
        0.37804964036777233,
        0.6940123141658854,
        0.6127196562898161,
        -0.24707987120701647
      ],
      "inlier_ratio": 1.0,
      "target_point": [
        0.4369838751992366,
        0.4040641774386637,
        -0.16083577457110257
      ],
      "fluorescence_mean": 0.007198089131468417,
      "health_status": "Critique"
    },
    {
      "id": 10,
      "centroid": [
        0.3761267785144889,
        0.36252269537552545,
        -0.3068515088247216
      ],
      "normal": [
        -0.4923785829018878,
        0.42644037945633356,
        0.7587568344790492
      ],
      "plane_equation": [
        -0.4923785829018878,
        0.42644037945633356,
        0.7587568344790492,
        0.26342813390991016
      ],
      "inlier_ratio": 1.0,
      "target_point": [
        0.3268889202243001,
        0.4051667333211588,
        -0.2309758253768167
      ],
      "fluorescence_mean": 0.005791493573773639,
      "health_status": "Critique"
    },
    {
      "id": 11,
      "centroid": [
        0.4067167822610248,
        0.3348255076191642,
        -0.2342664467340166
      ],
      "normal": [
        0.7428478267946726,
        0.6559952745584843,
        0.13359380967459178
      ],
      "plane_equation": [
        0.7428478267946725,
        0.6559952745584842,
        0.13359380967459175,
        -0.4904760815252146
      ],
      "inlier_ratio": 1.0,
      "target_point": [
        0.48100156494049207,
        0.4004250350750126,
        -0.22090706576655741
      ],
      "fluorescence_mean": 0.024106669820132192,
      "health_status": "Bon"
    },
    {
      "id": 12,
      "centroid": [
        0.22722833485979782,
        0.32817956962083517,
        -0.29053202428315816
      ],
      "normal": [
        -0.06476669354707897,
        0.7138747974471439,
        0.6972718615983139
      ],
      "plane_equation": [
        -0.06476669354707895,
        0.7138747974471438,
        0.6972718615983138,
        -0.016982490434442773
      ],
      "inlier_ratio": 1.0,
      "target_point": [
        0.22075166550508993,
        0.39956704936554954,
        -0.22080483812332677
      ],
      "fluorescence_mean": 0.010748870852861463,
      "health_status": "Stress\u00e9"
    },
    {
      "id": 13,
      "centroid": [
        0.3862615128358205,
        0.3727608563171493,
        -0.2925528734922409
      ],
      "normal": [
        0.9564635689585377,
        0.1926510074711477,
        -0.21923282276029868
      ],