{
  "leaves": [
    {
      "id": 1,
      "centroid": [
        0.40032606715915586,
        0.3188201634823775,
        -0.26109890476996156
      ],
      "normal": [
        0.48492149556719055,
        -0.870529078544945,
        0.08384668475597679
      ],
      "plane_equation": [
        0.4849214955671905,
        -0.8705290785449449,
        0.08384668475597677,
        0.10520693929089966
      ],
      "inlier_ratio": 0.9747899159663865,
      "target_point": [
        0.4488182167158749,
        0.23176725562788303,
        -0.2527142362943639
      ],
      "fluorescence_mean": 0.027213644976990775,
      "health_status": "Excellent"
    },
    {
      "id": 2,
      "centroid": [
        0.335487422593143,
        0.3271977141362811,
        -0.12552351169629927
      ],
      "normal": [
        0.11794957436192616,
        0.15061941689218014,
        0.9815302792898954
      ],
      "plane_equation": [
        0.11794957436192616,
        0.15061941689218014,
        0.9815302792898954,
        0.0343521998824153
      ],
      "inlier_ratio": 1.0,
      "target_point": [
        0.34728238002933565,
        0.34225965582549916,
        -0.027370483767309717
      ],
      "fluorescence_mean": 0.01894144012153216,
      "health_status": "Normal"
    },
    {
      "id": 3,
      "centroid": [
        0.36732092445049813,
        0.3483202722641306,
        -0.3017232951221116
      ],
      "normal": [
        -0.931529698564849,
        -0.05698073894608029,
        -0.35917351806729897
      ],
      "plane_equation": [
        -0.9315296985648488,
        -0.05698073894608027,
        -0.3591735180672989,
        0.25303139271749797
      ],
      "inlier_ratio": 0.944954128440367,
      "target_point": [
        0.2741679545940132,
        0.34262219836952257,
        -0.3376406469288415
      ],
      "fluorescence_mean": 0.029155133736282698,
      "health_status": "Excellent"
    },
    {
      "id": 4,
      "centroid": [
        0.37678412702477093,
        0.3136623252942724,
        -0.2743414385804852
      ],
      "normal": [
        0.26018424324748773,
        -0.9586673734780359,
        -0.11515653083718853
      ],
      "plane_equation": [
        0.26018424324748773,
        -0.9586673734780359,
        -0.11515653083718853,
        0.17107233625945578
      ],
      "inlier_ratio": 1.0,
      "target_point": [
        0.4028025513495197,
        0.2177955879464688,
        -0.2858570916642041
      ],
      "fluorescence_mean": 0.014824908620202863,
      "health_status": "Stress\u00e9"
    },
    {
      "id": 5,
      "centroid": [
        0.3537978181744566,
        0.39885565550020424,
        -0.24173339389928497
      ],
      "normal": [
        -0.9477469083149204,
        -0.3081349126638144,
        0.08263578750864159
      ],
      "plane_equation": [
        -0.9477469083149204,
        -0.3081349126638144,
        0.08263578750864159,
        0.4781879702884336
      ],
      "inlier_ratio": 1.0,
      "target_point": [
        0.25902312734296457,
        0.3680421642338228,
        -0.2334698151484208
      ],
      "fluorescence_mean": 0.02289494511657652,
      "health_status": "Bon"
    },
    {
      "id": 6,
      "centroid": [
        0.35265471206771004,
        0.4142159130236115,
        -0.24079620130736418
      ],
      "normal": [
        -0.9903126650849144,
        0.13439659832051867,
        0.03490529662225057
      ],
      "plane_equation": [
        -0.9903126650849143,
        0.13439659832051865,
        0.034905296622250566,
        0.3019742809140705
      ],
      "inlier_ratio": 1.0,
      "target_point": [
        0.25362344555921856,
        0.42765557285566336,
        -0.23730567164513913
      ],
      "fluorescence_mean": 0.02433617799274251,
      "health_status": "Bon"
    },
    {
      "id": 7,
      "centroid": [
        0.35257018215200875,
        0.4089395055610142,
        -0.24759947868545404
      ],
      "normal": [
        -0.9950993278322463,
        -0.04749810588238432,
        -0.08672518483922352
      ],
      "plane_equation": [
        -0.9950993278322463,
        -0.04749810588238432,
        -0.08672518483922352,
        0.3487930926526921
      ],
      "inlier_ratio": 1.0,
      "target_point": [
        0.25306024936878413,
        0.4041896949727758,
        -0.2562719971693764
      ],
      "fluorescence_mean": 0.024310017705090142,
      "health_status": "Bon"
    },
    {
      "id": 8,
      "centroid": [
        0.3977397662543115,
        0.3165461853856132,
        -0.125073943021042
      ],
      "normal": [
        -0.03131868644863216,
        0.04342287494703656,
        0.9985657683950849
      ],
      "plane_equation": [
        -0.03131868644863215,
        0.043422874947036554,
        0.9985657683950848,
        0.12360589962351995
      ],
      "inlier_ratio": 1.0,
      "target_point": [
        0.3946078976094483,
        0.32088847288031686,
        -0.0252173661815335
      ],
      "fluorescence_mean": 0.01004873455125465,
      "health_status": "Stress\u00e9"
    },
    {
      "id": 9,
      "centroid": [
        0.4025578122586012,
        0.39964388236403464,
        -0.1250075907446444
      ],
      "normal": [
        -0.01898381915334583,
        -0.017736755363927534,
        0.9996624540911364
      ],
      "plane_equation": [
        -0.018983819153345828,
        -0.01773675536392753,
        0.9996624540911363,
        0.13969586542467657
      ],
      "inlier_ratio": 1.0,
      "target_point": [
        0.4006594303432666,
        0.3978702068276419,
        -0.025041345335530762
      ],
      "fluorescence_mean": 0.014853713948949441,
      "health_status": "Stress\u00e9"
    },
    {
      "id": 10,
      "centroid": [
        0.3293055206128996,
        0.399870609992171,
        -0.12503122915960338
      ],
      "normal": [
        0.042888208941309264,
        -0.04444208754393926,
        0.9980909289180738
      ],
      "plane_equation": [
        0.042888208941309264,
        -0.04444208754393926,
        0.9980909289180738,
        0.12844029633762488
      ],
      "inlier_ratio": 1.0,
      "target_point": [
        0.3335943415070305,
        0.39542640123777706,
        -0.025222136267795986
      ],
      "fluorescence_mean": 0.02270202681883196,
      "health_status": "Bon"
    },
    {
      "id": 11,
      "centroid": [
        0.42186197949879206,
        0.35807140149287325,
        -0.1257451533604024
      ],
      "normal": [
        -0.4103076445374972,
        0.03938716984026954,
        0.9110962011149342
      ],
      "plane_equation": [
        -0.4103076445374972,
        0.03938716984026954,
        0.9110962011149342,
        0.2735557075578096
      ],
      "inlier_ratio": 1.0,
      "target_point": [
        0.38083121504504236,
        0.36201011847690023,
        -0.03463553324890897
      ],
      "fluorescence_mean": 0.027904232833511573,
      "health_status": "Excellent"
    },
    {
      "id": 12,
      "centroid": [
        0.5235713283220927,
        0.40132677207390466,
        -0.29684850871562957
      ],
      "normal": [
        0.9778623697324255,
        0.20534449336895366,
        0.04023462320356803
      ],
      "plane_equation": [
        0.9778623697324255,
        0.20534449336895366,
        0.04023462320356803,
        -0.5824473546271944
      ],
      "inlier_ratio": 1.0,
      "target_point": [
        0.6213575652953353,
        0.4218612214108,
        -0.29282504639527274
      ],
      "fluorescence_mean": 0.02387633790918103,
      "health_status": "Bon"
    },
    {
      "id": 13,
      "centroid": [
        0.3577483507494132,
        0.42462947964668274,
        -0.23612906721731028
      ],
      "normal": [
        -0.3209318810954549,
        0.947099876614072,
        0.0021334043551183095
      ],