{
  "leaves": [
    {
      "id": 1,
      "centroid": [
        0.41781000104001775,
        0.3080420676738985,
        -0.24402120661350987
      ],
      "normal": [
        0.973119652653893,
        -0.09165741286262177,
        -0.2112748453699528
      ],
      "plane_equation": [
        0.973119652653893,
        -0.09165741286262177,
        -0.2112748453699528,
        -0.42990032680580115
      ],
      "inlier_ratio": 1.0,
      "target_point": [
        0.5151219663054071,
        0.29887632638763634,
        -0.26514869115050516
      ],
      "fluorescence_mean": 0.02481753538200899,
      "health_status": "Bon"
    },
    {
      "id": 2,
      "centroid": [
        0.4027478980120792,
        0.3346220639444167,
        -0.22782270033513347
      ],
      "normal": [
        0.44408010819651655,
        0.8357744678072755,
        0.32291468914503674
      ],
      "plane_equation": [
        0.44408010819651655,
        0.8357744678072755,
        0.32291468914503674,
        -0.38495361107593823
      ],
      "inlier_ratio": 1.0,
      "target_point": [
        0.4471559088317309,
        0.4181995107251442,
        -0.19553123142062978
      ],
      "fluorescence_mean": 0.020515502807180407,
      "health_status": "Bon"
    },
    {
      "id": 3,
      "centroid": [
        0.4134945004530575,
        0.3050804594936578,
        -0.2301106663501781
      ],
      "normal": [
        0.8864399168976398,
        -0.2269636364536248,
        0.40337548445369403
      ],
      "plane_equation": [
        0.8864399168976398,
        -0.2269636364536248,
        0.40337548445369403,
        -0.2047772852467877
      ],
      "inlier_ratio": 0.9565217391304348,
      "target_point": [
        0.5021384921428215,
        0.2823840958482953,
        -0.1897731179048087
      ],
      "fluorescence_mean": 0.023277358022302172,
      "health_status": "Bon"
    },
    {
      "id": 4,
      "centroid": [
        0.400598889326348,
        0.3126436498235254,
        -0.213991029516739
      ],
      "normal": [
        -0.4548068235266049,
        -0.8263563943663097,
        0.332093153743873
      ],
      "plane_equation": [
        -0.4548068235266049,
        -0.8263563943663097,
        0.332093153743873,
        0.5116151434176059
      ],
      "inlier_ratio": 1.0,
      "target_point": [
        0.3551182069736875,
        0.2300080103868944,
        -0.18078171414235172
      ],
      "fluorescence_mean": 0.013386449709100173,
      "health_status": "Stress\u00e9"
    },
    {
      "id": 5,
      "centroid": [
        0.39443764846716356,
        0.3246462745452995,
        -0.2143949884087292
      ],
      "normal": [
        0.24879628703808662,
        0.22800478722857212,
        0.9413364035013815
      ],
      "plane_equation": [
        0.2487962870380866,
        0.2280047872285721,
        0.9413364035013814,
        0.029547482837853335
      ],
      "inlier_ratio": 0.9850746268656716,
      "target_point": [
        0.4193172771709722,
        0.3474467532681567,
        -0.12026134805859104
      ],
      "fluorescence_mean": 0.02826813277719676,
      "health_status": "Excellent"
    },
    {
      "id": 6,
      "centroid": [
        0.22795553783238945,
        0.32101393150070967,
        -0.28679505495701807
      ],
      "normal": [
        -0.23201769260559574,
        0.9456145962139634,
        -0.22799303880837762
      ],
      "plane_equation": [
        -0.23201769260559574,
        0.9456145962139634,
        -0.22799303880837762,
        -0.31605301740542807
      ],
      "inlier_ratio": 1.0,
      "target_point": [
        0.20475376857182986,
        0.415575391122106,
        -0.30959435883785585
      ],
      "fluorescence_mean": 0.006460545600086333,
      "health_status": "Critique"
    },
    {
      "id": 7,
      "centroid": [
        0.3761267785144889,
        0.36252269537552545,
        -0.3068515088247216
      ],
      "normal": [
        -0.4923785829018878,
        0.42644037945633356,
        0.7587568344790492
      ],
      "plane_equation": [
        -0.4923785829018878,
        0.42644037945633356,
        0.7587568344790492,
        0.26342813390991016
      ],
      "inlier_ratio": 1.0,
      "target_point": [
        0.3268889202243001,
        0.4051667333211588,
        -0.2309758253768167
      ],
      "fluorescence_mean": 0.022478610109900515,
      "health_status": "Bon"
    },
    {
      "id": 8,
      "centroid": [
        0.4152109812606465,
        0.3152502897110852,
        -0.25288995931094344
      ],
      "normal": [
        0.9329397720908557,
        0.1997662087346278,
        -0.2995277007204102
      ],
      "plane_equation": [
        0.9329397720908557,
        0.1997662087346278,
        -0.2995277007204102,
        -0.5260907414526896
      ],
      "inlier_ratio": 1.0,
      "target_point": [
        0.5085049584697321,
        0.335226910584548,
        -0.28284272938298444
      ],
      "fluorescence_mean": 0.012188819035198264,
      "health_status": "Stress\u00e9"
    },
    {
      "id": 9,
      "centroid": [
        0.22734946809535803,
        0.3330197154089462,
        -0.2994064695613329
      ],
      "normal": [
        -0.47216609197297915,
        -0.8257715601609042,
        0.30848097513524275
      ],
      "plane_equation": [
        -0.47216609197297915,
        -0.8257715601609042,
        0.30848097513524275,
        0.4747061195123869
      ],
      "inlier_ratio": 1.0,
      "target_point": [
        0.1801328588980601,
        0.25044255939285576,
        -0.2685583720478086
      ],
      "fluorescence_mean": 0.01568725466467873,
      "health_status": "Normal"
    },
    {
      "id": 10,
      "centroid": [
        0.41127032276831177,
        0.3226319527939746,
        -0.22583480532232084
      ],
      "normal": [
        0.853433157559732,
        0.3362790746982348,
        0.3982062650156635
      ],
      "plane_equation": [
        0.853433157559732,
        0.3362790746982348,
        0.3982062650156635,
        -0.36955727038647196
      ],
      "inlier_ratio": 1.0,
      "target_point": [
        0.496613638524285,
        0.3562598602637981,
        -0.1860141788207545
      ],
      "fluorescence_mean": 0.013140177991735391,
      "health_status": "Stress\u00e9"
    },
    {
      "id": 11,
      "centroid": [
        0.22723139218381933,
        0.32827968613521474,
        -0.2906392192518389
      ],
      "normal": [
        -0.06535420145670402,
        0.7122467520592941,
        0.6988800988245001
      ],
      "plane_equation": [
        -0.06535420145670402,
        0.7122467520592941,
        0.6988800988245001,
        -0.01584364776178183
      ],
      "inlier_ratio": 1.0,
      "target_point": [
        0.22069597203814892,
        0.39950436134114414,
        -0.22075120936938886
      ],
      "fluorescence_mean": 0.01476005872079483,
      "health_status": "Stress\u00e9"
    },
    {
      "id": 12,
      "centroid": [
        0.3862615128358205,
        0.3727608563171493,
        -0.2925528734922409
      ],
      "normal": [
        0.9564635689585377,
        0.1926510074711477,
        -0.21923282276029868
      ],
      "plane_equation": [
        0.9564635689585376,
        0.19265100747114766,
        -0.21923282276029865,
        -0.5053950118959198
      ],
      "inlier_ratio": 1.0,
      "target_point": [
        0.48190786973167427,
        0.3920259570642641,
        -0.31447615576827076
      ],
      "fluorescence_mean": 0.014231969008329293,
      "health_status": "Stress\u00e9"
    }
  ]
}