{
  "leaves": [
    {
      "id": 1,
      "centroid": [
        0.38252875700737665,
        0.3130878673016446,
        -0.23294453988376174
      ],
      "normal": [
        0.827640436052696,
        -0.41858804865126,
        0.37389216913013
      ],
      "plane_equation": [
        0.8276404360526959,
        -0.4185880486512599,
        0.37389216913012996,
        -0.09844528851794118
      ],
      "inlier_ratio": 1.0,
      "target_point": [
        0.4652928006126463,
        0.2712290624365186,
        -0.19555532297074874
      ],
      "fluorescence_mean": 0.012319302814984404,
      "health_status": "Stress\u00e9"
    },
    {
      "id": 2,
      "centroid": [
        0.36668795380327435,
        0.37584611111217076,
        -0.30537080963452656
      ],
      "normal": [
        -0.3331756241859011,
        0.5747648385045668,
        0.7474218245857921
      ],
      "plane_equation": [
        -0.3331756241859011,
        0.5747648385045668,
        0.7474218245857921,
        0.13445300423187664
      ],
      "inlier_ratio": 0.9888888888888889,
      "target_point": [
        0.3333703913846842,
        0.4333225949626274,
        -0.23062862717594734
      ],
      "fluorescence_mean": 0.029486272794056384,
      "health_status": "Excellent"
    },
    {
      "id": 3,
      "centroid": [
        0.38270430216628515,
        0.33311610710754824,
        -0.22492829266558872
      ],
      "normal": [
        0.8333976805746593,
        0.15104178360596723,
        0.5316339771101039
      ],
      "plane_equation": [
        0.8333976805746592,
        0.1510417836059672,
        0.5316339771101037,
        -0.24967980594233374
      ],
      "inlier_ratio": 1.0,
      "target_point": [
        0.4660440702237511,
        0.348220285468145,
        -0.17176489495457833
      ],
      "fluorescence_mean": 0.029747248584825362,
      "health_status": "Excellent"
    },
    {
      "id": 4,
      "centroid": [
        0.38123152248653364,
        0.3061748010876738,
        -0.24943321924886586
      ],
      "normal": [
        0.806924131397478,
        -0.588316030903868,
        -0.052513750103613935
      ],
      "plane_equation": [
        0.806924131397478,
        -0.588316030903868,
        -0.052513750103613935,
        -0.14059604514827762
      ],
      "inlier_ratio": 1.0,
      "target_point": [
        0.4619239356262814,
        0.24734319799728702,
        -0.25468459425922724
      ],
      "fluorescence_mean": 0.02510532029721542,
      "health_status": "Excellent"
    },
    {
      "id": 5,
      "centroid": [
        0.3819565944215085,
        0.39828553795814514,
        -0.2819790719671452
      ],
      "normal": [
        0.8572713303062381,
        0.5111064295888259,
        0.06209737408244754
      ],
      "plane_equation": [
        0.8572713303062381,
        0.5111064295888259,
        0.06209737408244754,
        -0.513496577166254
      ],
      "inlier_ratio": 1.0,
      "target_point": [
        0.46768372745213227,
        0.4493961809170277,
        -0.27576933455890046
      ],
      "fluorescence_mean": 0.019679741190639876,
      "health_status": "Normal"
    },
    {
      "id": 6,
      "centroid": [
        0.3804690773997988,
        0.3827202830995832,
        -0.2935159915969485
      ],
      "normal": [
        0.8975275848032244,
        -0.10160059586662706,
        -0.4290938748535537
      ],
      "plane_equation": [
        0.8975275848032244,
        -0.10160059586662706,
        -0.4290938748535537,
        -0.42854279748360835
      ],
      "inlier_ratio": 1.0,
      "target_point": [
        0.47022183588012123,
        0.3725602235129205,
        -0.3364253790823039
      ],
      "fluorescence_mean": 0.027526977248593487,
      "health_status": "Excellent"
    },
    {
      "id": 7,
      "centroid": [
        0.22649798887531933,
        0.32650892182094293,
        -0.2822096500454879
      ],
      "normal": [
        -0.9463750994156298,
        -0.15336485449018766,
        0.2843473098400271
      ],
      "plane_equation": [
        -0.9463750994156298,
        -0.15336485449018766,
        0.2843473098400271,
        0.3446726048254675
      ],
      "inlier_ratio": 1.0,
      "target_point": [
        0.13186047893375635,
        0.31117243637192415,
        -0.2537749190614852
      ],
      "fluorescence_mean": 0.02494434742114286,
      "health_status": "Bon"
    },
    {
      "id": 8,
      "centroid": [
        0.38718240625328487,
        0.32232171462641823,
        -0.2556847867866357
      ],
      "normal": [
        0.9601338995281665,
        -0.054816857671175875,
        -0.2741131282735192
      ],
      "plane_equation": [
        0.9601338995281665,
        -0.054816857671175875,
        -0.2741131282735192,
        -0.42416484674769195
      ],
      "inlier_ratio": 1.0,
      "target_point": [
        0.48319579620610154,
        0.3168400288593006,
        -0.28309609961398763
      ],
      "fluorescence_mean": 0.02143150774242653,
      "health_status": "Bon"
    },
    {
      "id": 9,
      "centroid": [
        0.3779338151216507,
        0.3995125486570246,
        -0.2969242001281065
      ],
      "normal": [
        -0.3438487925373757,
        0.9163421386647688,
        -0.20514651539294185
      ],
      "plane_equation": [
        -0.34384879253737566,
        0.9163421386647687,
        -0.20514651539294182,
        -0.29705106226328454
      ],
      "inlier_ratio": 1.0,
      "target_point": [
        0.34354893586791313,
        0.49114676252350153,
        -0.3174388516674007
      ],
      "fluorescence_mean": 0.02440829420136666,
      "health_status": "Bon"
    },
    {
      "id": 10,
      "centroid": [
        0.372157492181834,
        0.3024817564908196,
        -0.23239856958389282
      ],
      "normal": [
        0.17615719021764953,
        -0.9279143155873523,
        0.32854781579349845
      ],
      "plane_equation": [
        0.1761571902176495,
        -0.9279143155873522,
        0.3285478157934984,
        0.29147297634096153
      ],
      "inlier_ratio": 1.0,
      "target_point": [
        0.389773211203599,
        0.20969032493208437,
        -0.19954378800454298
      ],
      "fluorescence_mean": 0.020373033077883886,
      "health_status": "Bon"
    },
    {
      "id": 11,
      "centroid": [
        0.37225734256207943,
        0.3922274364158511,
        -0.30847729183733463
      ],
      "normal": [
        0.9018500120253712,
        -0.06610596058510246,
        -0.42696200976779985
      ],
      "plane_equation": [
        0.9018500120253712,
        -0.06610596058510246,
        -0.42696200976779985,
        -0.44149980190463856
      ],
      "inlier_ratio": 1.0,
      "target_point": [
        0.46244234376461657,
        0.3856168403573409,
        -0.35117349281411464
      ],
      "fluorescence_mean": 0.02922626511945945,
      "health_status": "Excellent"
    },
    {
      "id": 12,
      "centroid": [
        0.3500702411964022,
        0.3862567050703641,
        -0.2205216160108303
      ],
      "normal": [
        0.07499932349632032,
        0.368329292376398,
        0.9266653300154248
      ],
      "plane_equation": [
        0.07499932349632032,
        0.368329292376398,
        0.9266653300154248,
        0.03582504595608076
      ],
      "inlier_ratio": 1.0,
      "target_point": [
        0.3575701735460342,
        0.4230896343080039,
        -0.12785508300928783
      ],
      "fluorescence_mean": 0.015673799934179913,
      "health_status": "Normal"
    },
    {
      "id": 13,
      "centroid": [
        0.36042079010180067,
        0.39327724065099445,
        -0.22578890302351542
      ],
      "normal": [
        0.3930629027223902,
        0.5476489619840453,
        0.7386353423315504
      ],
      "plane_equation": [
        0.3930629027223902,
        0.5476489619840453,
        0.7386353423315504,
        -0.1902702508939382
      ],