{
  "timestamp": "2025-12-11T14:58:40.465985",
  "leaf_id": 1,
  "leaf_index": 0,
  "position": {
    "x": 0.3917125,
    "y": 0.214775,
    "z": -0.1276325
  },
  "camera_angles": {
    "pan": 3.710082935334832,
    "tilt": 218.89220327055983
  },
  "measurements": [
    0.0071736,
    0.0087962,
    0.0124684,
    0.0052948,
    0.0133224,
    0.013236999999999999,
    0.0056364,
    0.0097356,
    0.008967000000000001,
    0.0128954,
    0.0100772,
    0.0133224,
    0.007259000000000001,
    0.0040992,
    0.0164822,
    0.011101999999999999,
    0.0097356,
    0.0135786,
    0.0071736,
    0.0126392,
    0.0133224,
    0.008113,
    0.011956,
    0.0071736,
    0.0087962,
    0.0128954,
    0.0108458,
    0.0053802,
    0.008283800000000001,
    0.011101999999999999,
    0.0137494,
    0.0130662,
    0.0056364,
    0.007856799999999999,
    0.010675,
    0.0112728,
    0.012041399999999999,
    0.0099064,
    0.007685999999999999,
    0.0109312,
    0.0056364,
    0.010675,
    0.0092232,
    0.008113,
    0.0056364,
    0.011529,
    0.0063196,
    0.0093086,
    0.007429799999999999,
    0.0079422,
    0.011529,
    0.007685999999999999,
    0.0088816,
    0.007429799999999999,
    0.0056364,
    0.0142618,
    0.0081984,
    0.006404999999999999,
    0.011529,
    0.012297599999999999,
    0.012724599999999999,
    0.015457400000000001,
    0.012041399999999999,
    0.012980799999999999,
    0.0080276,
    0.0097356,
    0.0093086,
    0.012297599999999999,
    0.0086254,
    0.014091000000000001,
    0.013920199999999999,
    0.0079422,
    0.0047824,
    0.0121268,
    0.0063196,
    0.0100772,
    0.0124684,
    0.012297599999999999,
    0.0110166,
    0.013920199999999999,
    0.0088816,
    0.005978,
    0.0095648,
    0.013236999999999999,
    0.0111874,
    0.0079422,
    0.005978,
    0.006148799999999999,
    0.0121268,
    0.0073444,
    0.012980799999999999,
    0.0107604,
    0.0137494,
    0.014859599999999999,
    0.0103334,
    0.008283800000000001,
    0.0058926,
    0.012980799999999999,
    0.0079422,
    0.0065758
  ],
  "statistics": {
    "count": 100,
    "mean": 0.009922626,
    "std": 0.0028628162695716257,
    "min": 0.0040992,
    "max": 0.0164822
  }
}