{
  "timestamp": "2025-12-11T15:01:07.503378",
  "leaf_id": 2,
  "leaf_index": 1,
  "position": {
    "x": 0.4539875,
    "y": 0.5090625,
    "z": -0.171715
  },
  "camera_angles": {
    "pan": 169.7754561823454,
    "tilt": 186.99330070540907
  },
  "measurements": [
    0.014432599999999999,
    0.007429799999999999,
    0.0151158,
    0.0094794,
    0.0067466,
    0.0058926,
    0.007002800000000001,
    0.013236999999999999,
    0.0137494,
    0.007856799999999999,
    0.007429799999999999,
    0.008967000000000001,
    0.0133224,
    0.0056364,
    0.0155428,
    0.014005600000000002,
    0.0151158,
    0.0117852,
    0.0101626,
    0.0121268,
    0.0044408,
    0.0131516,
    0.0096502,
    0.0099064,
    0.012383,
    0.011101999999999999,
    0.0099918,
    0.010248,
    0.0138348,
    0.007002800000000001,
    0.0092232,
    0.014091000000000001,
    0.011358199999999999,
    0.011529,
    0.0086254,
    0.0063196,
    0.007856799999999999,
    0.011529,
    0.011101999999999999,
    0.0126392,
    0.0049532,
    0.0070882,
    0.0052094,
    0.012041399999999999,
    0.0087962,
    0.0126392,
    0.014945000000000002,
    0.013920199999999999,
    0.0097356,
    0.0138348,
    0.0134078,
    0.0088816,
    0.003416,
    0.010248,
    0.011529,
    0.006148799999999999,
    0.013664,
    0.012297599999999999,
    0.0088816,
    0.0095648,
    0.012980799999999999,
    0.006148799999999999,
    0.0046116,
    0.008454600000000001,
    0.010675,
    0.012809999999999998,
    0.012980799999999999,
    0.009821,
    0.015457400000000001,
    0.009821,
    0.012297599999999999,
    0.008454600000000001,
    0.0083692,
    0.0046116,
    0.0056364,
    0.008710800000000001,
    0.012980799999999999,
    0.0069174,
    0.0083692,
    0.0107604,
    0.008454600000000001,
    0.013236999999999999,
    0.008967000000000001,
    0.0066612,
    0.006832,
    0.0046116,
    0.0099918,
    0.0073444,
    0.0152866,
    0.0073444,
    0.0093086,
    0.005978,
    0.0052094,
    0.0075152000000000005,
    0.006404999999999999,
    0.012297599999999999,
    0.0070882,
    0.0091378,
    0.0126392,
    0.0075152000000000005
  ],
  "statistics": {
    "count": 100,
    "mean": 0.009849182,
    "std": 0.0030858142272139452,
    "min": 0.003416,
    "max": 0.0155428
  }
}