{
  "leaves": [
    {
      "id": 1,
      "centroid": [
        0.3866759747266769,
        0.2924466341733932,
        -0.19041974544525148
      ],
      "normal": [
        0.050478255111648294,
        -0.7766933680851587,
        0.6278529746154076
      ],
      "plane_equation": [
        0.050478255111648294,
        -0.7766933680851587,
        0.6278529746154076,
        0.3271782363868124
      ],
      "inlier_ratio": 1.0,
      "target_point": [
        0.39172380023784176,
        0.21477729736487736,
        -0.1276344479837107
      ],
      "fluorescence_mean": 0.007388202317915478,
      "health_status": "Critique"
    },
    {
      "id": 2,
      "centroid": [
        0.436369211458769,
        0.4113842669080515,
        -0.18389013116476965
      ],
      "normal": [
        0.1762058779579456,
        0.9767949099240907,
        0.12175053395963951
      ],
      "plane_equation": [
        0.17620587795794557,
        0.9767949099240906,
        0.1217505339596395,
        -0.45634015629832814
      ],
      "inlier_ratio": 1.0,
      "target_point": [
        0.45398979925456356,
        0.5090637579004607,
        -0.1717150777688057
      ],
      "fluorescence_mean": 0.005041991710740349,
      "health_status": "Critique"
    },
    {
      "id": 3,
      "centroid": [
        0.4357062473016627,
        0.3895667791366577,
        -0.17822421239871605
      ],
      "normal": [
        0.46513361689403415,
        -0.3662834289561064,
        0.8059076672344239
      ],
      "plane_equation": [
        0.46513361689403415,
        -0.3662834289561064,
        0.8059076672344239,
        0.08366249221775404
      ],
      "inlier_ratio": 1.0,
      "target_point": [
        0.4822196089910661,
        0.3529384362410471,
        -0.09763344567527366
      ],
      "fluorescence_mean": 0.026382998785241186,
      "health_status": "Excellent"
    },
    {
      "id": 4,
      "centroid": [
        0.31290348681310814,
        0.3054761377473672,
        -0.25006116771449644
      ],
      "normal": [
        -0.6279140917351987,
        -0.7692977362620613,
        0.11791898228202477
      ],
      "plane_equation": [
        -0.6279140917351987,
        -0.7692977362620613,
        0.11791898228202477,
        0.4609655683793049
      ],
      "inlier_ratio": 1.0,
      "target_point": [
        0.25011207763958826,
        0.22854636412116108,
        -0.23826926948629396
      ],
      "fluorescence_mean": 0.00557821138088314,
      "health_status": "Critique"
    },
    {
      "id": 5,
      "centroid": [
        0.3901573649297158,
        0.37323455202082795,
        -0.3139220265050729
      ],
      "normal": [
        0.9132660515794089,
        0.39907764132913726,
        -0.08174445072131305
      ],
      "plane_equation": [
        0.9132660515794088,
        0.3990776413291372,
        -0.08174445072131303,
        -0.530928424472976
      ],
      "inlier_ratio": 1.0,
      "target_point": [
        0.4814839700876567,
        0.4131423161537417,
        -0.3220964715772042
      ],
      "fluorescence_mean": 0.008593231296008957,
      "health_status": "Critique"
    },
    {
      "id": 6,
      "centroid": [
        0.3110325535138448,
        0.31953122489380115,
        -0.239647955605478
      ],
      "normal": [
        -0.7687905868294908,
        -0.08699366072554361,
        0.6335559459084386
      ],
      "plane_equation": [
        -0.7687905868294908,
        -0.08699366072554361,
        0.6335559459084386,
        0.41874647750726457
      ],
      "inlier_ratio": 1.0,
      "target_point": [
        0.2341534948308957,
        0.3108318588212468,
        -0.17629236101463414
      ],
      "fluorescence_mean": 0.01130237893461828,
      "health_status": "Stress\u00e9"
    },
    {
      "id": 7,
      "centroid": [
        0.3470005113631487,
        0.35005808528512716,
        -0.32406089175492525
      ],
      "normal": [
        -0.9602968412679738,
        0.21035940802441808,
        -0.18324545316697055
      ],
      "plane_equation": [
        -0.9602968412679738,
        0.21035940802441808,
        -0.18324545316697055,
        0.20020279842233887
      ],
      "inlier_ratio": 1.0,
      "target_point": [
        0.25097082723635133,
        0.371094026087569,
        -0.3423854370716223
      ],
      "fluorescence_mean": 0.028653321828977292,
      "health_status": "Excellent"
    },
    {
      "id": 8,
      "centroid": [
        0.39082607440650463,
        0.3752125008031726,
        -0.25799999944865704
      ],
      "normal": [
        0.5311582535973607,
        0.8419158405826833,
        -0.0951242714103804
      ],
      "plane_equation": [
        0.5311582535973607,
        0.8419158405826833,
        -0.0951242714103804,
        -0.548029905124337
      ],
      "inlier_ratio": 1.0,
      "target_point": [
        0.4439418997662407,
        0.4594040848614409,
        -0.2675124265896951
      ],
      "fluorescence_mean": 0.021221420581079686,
      "health_status": "Bon"
    },
    {
      "id": 9,
      "centroid": [
        0.3921457904000436,
        0.372554027265118,
        -0.28957880120123586
      ],
      "normal": [
        0.27724185256555345,
        0.9607465504882694,
        -0.010149921719467495
      ],
      "plane_equation": [
        0.2772418525655534,
        0.9607465504882693,
        -0.010149921719467494,
        -0.46958842413557583
      ],
      "inlier_ratio": 1.0,
      "target_point": [
        0.41986997565659895,
        0.46862868231394494,
        -0.2905937933731826
      ],
      "fluorescence_mean": 0.010211084653727696,
      "health_status": "Stress\u00e9"
    },
    {
      "id": 10,
      "centroid": [
        0.30678191061677607,
        0.31110321036700544,
        -0.2530248925603669
      ],
      "normal": [
        -0.9180727139663937,
        -0.37726002464382874,
        0.12172660217108694
      ],
      "plane_equation": [
        -0.9180727139663937,
        -0.37726002464382874,
        0.12172660217108694,
        0.4298147665216477
      ],
      "inlier_ratio": 1.0,
      "target_point": [
        0.2149746392201367,
        0.27337720790262254,
        -0.24085223234325823
      ],
      "fluorescence_mean": 0.02813720047429667,
      "health_status": "Excellent"
    }
  ]
}