{
  "leaves": [
    {
      "id": 1,
      "centroid": [
        0.38726422092416785,
        0.2925057326044355,
        -0.19107851926442032
      ],
      "normal": [
        0.20626224727886455,
        -0.7904798977080348,
        0.5767125945104435
      ],
      "plane_equation": [
        0.20626224727886455,
        -0.7904798977080348,
        0.5767125945104435,
        0.26153930168984807
      ],
      "inlier_ratio": 1.0,
      "target_point": [
        0.4078904456520543,
        0.21345774283363203,
        -0.13340725981337598
      ],
      "fluorescence_mean": 0.012833087591028088,
      "health_status": "Stress\u00e9"
    },
    {
      "id": 2,
      "centroid": [
        0.436369211458769,
        0.4113842669080515,
        -0.18389013116476965
      ],
      "normal": [
        0.1762058779579456,
        0.9767949099240907,
        0.12175053395963951
      ],
      "plane_equation": [
        0.17620587795794557,
        0.9767949099240906,
        0.1217505339596395,
        -0.45634015629832814
      ],
      "inlier_ratio": 1.0,
      "target_point": [
        0.45398979925456356,
        0.5090637579004607,
        -0.1717150777688057
      ],
      "fluorescence_mean": 0.009667081431416315,
      "health_status": "Critique"
    },
    {
      "id": 3,
      "centroid": [
        0.3910958429552474,
        0.37559811068031024,
        -0.2543977451212001
      ],
      "normal": [
        0.5560853792657542,
        0.8234256459829249,
        -0.11286831488272268
      ],
      "plane_equation": [
        0.5560853792657541,
        0.8234256459829248,
        -0.11286831488272267,
        -0.5554732418777233
      ],
      "inlier_ratio": 1.0,
      "target_point": [
        0.44670438088182285,
        0.4579406752786027,
        -0.26568457660947237
      ],
      "fluorescence_mean": 0.02754293104991659,
      "health_status": "Excellent"
    },
    {
      "id": 4,
      "centroid": [
        0.4357062473016627,
        0.3895667791366577,
        -0.17822421239871605
      ],
      "normal": [
        0.46513361689403415,
        -0.3662834289561064,
        0.8059076672344239
      ],
      "plane_equation": [
        0.46513361689403415,
        -0.3662834289561064,
        0.8059076672344239,
        0.08366249221775404
      ],
      "inlier_ratio": 1.0,
      "target_point": [
        0.4822196089910661,
        0.3529384362410471,
        -0.09763344567527366
      ],
      "fluorescence_mean": 0.021957599559736987,
      "health_status": "Bon"
    },
    {
      "id": 5,
      "centroid": [
        0.31290348681310814,
        0.3054761377473672,
        -0.25006116771449644
      ],
      "normal": [
        -0.6279140917351987,
        -0.7692977362620613,
        0.11791898228202477
      ],
      "plane_equation": [
        -0.6279140917351987,
        -0.7692977362620613,
        0.11791898228202477,
        0.4609655683793049
      ],
      "inlier_ratio": 1.0,
      "target_point": [
        0.25011207763958826,
        0.22854636412116108,
        -0.23826926948629396
      ],
      "fluorescence_mean": 0.02514657455003562,
      "health_status": "Excellent"
    },
    {
      "id": 6,
      "centroid": [
        0.3901573649297158,
        0.37323455202082795,
        -0.3139220265050729
      ],
      "normal": [
        0.9132660515794089,
        0.39907764132913726,
        -0.08174445072131305
      ],
      "plane_equation": [
        0.9132660515794088,
        0.3990776413291372,
        -0.08174445072131303,
        -0.530928424472976
      ],
      "inlier_ratio": 1.0,
      "target_point": [
        0.4814839700876567,
        0.4131423161537417,
        -0.3220964715772042
      ],
      "fluorescence_mean": 0.020254425881294235,
      "health_status": "Bon"
    },
    {
      "id": 7,
      "centroid": [
        0.3470005113631487,
        0.35005808528512716,
        -0.32406089175492525
      ],
      "normal": [
        -0.9602968412679738,
        0.21035940802441808,
        -0.18324545316697055
      ],
      "plane_equation": [
        -0.9602968412679738,
        0.21035940802441808,
        -0.18324545316697055,
        0.20020279842233887
      ],
      "inlier_ratio": 1.0,
      "target_point": [
        0.25097082723635133,
        0.371094026087569,
        -0.3423854370716223
      ],
      "fluorescence_mean": 0.02126587506154038,
      "health_status": "Bon"
    },
    {
      "id": 8,
      "centroid": [
        0.3921457904000436,
        0.372554027265118,
        -0.28957880120123586
      ],
      "normal": [
        0.27724185256555345,
        0.9607465504882694,
        -0.010149921719467495
      ],
      "plane_equation": [
        0.2772418525655534,
        0.9607465504882693,
        -0.010149921719467494,
        -0.46958842413557583
      ],
      "inlier_ratio": 1.0,
      "target_point": [
        0.41986997565659895,
        0.46862868231394494,
        -0.2905937933731826
      ],
      "fluorescence_mean": 0.026129835652632365,
      "health_status": "Excellent"
    },
    {
      "id": 9,
      "centroid": [
        0.30678191061677607,
        0.31110321036700544,
        -0.2530248925603669
      ],
      "normal": [
        -0.9180727139663937,
        -0.37726002464382874,
        0.12172660217108694
      ],
      "plane_equation": [
        -0.9180727139663937,
        -0.37726002464382874,
        0.12172660217108694,
        0.4298147665216477
      ],
      "inlier_ratio": 1.0,
      "target_point": [
        0.2149746392201367,
        0.27337720790262254,
        -0.24085223234325823
      ],
      "fluorescence_mean": 0.024420251633906993,
      "health_status": "Bon"
    }
  ]
}