{
  "leaves": [
    {
      "id": 1,
      "centroid": [
        0.3880437676111857,
        0.29137372930844624,
        -0.19237274607022603
      ],
      "normal": [
        0.4126701277998424,
        -0.807186889114641,
        0.4220813803795308
      ],
      "plane_equation": [
        0.4126701277998424,
        -0.807186889114641,
        0.4220813803795308,
        0.15625593716689784
      ],
      "inlier_ratio": 1.0,
      "target_point": [
        0.42931078039116993,
        0.21065504039698213,
        -0.15016460803227294
      ],
      "fluorescence_mean": 0.009470691034522279,
      "health_status": "Critique"
    },
    {
      "id": 2,
      "centroid": [
        0.436369211458769,
        0.4113842669080515,
        -0.18389013116476965
      ],
      "normal": [
        0.1762058779579456,
        0.9767949099240907,
        0.12175053395963951
      ],
      "plane_equation": [
        0.17620587795794557,
        0.9767949099240906,
        0.1217505339596395,
        -0.45634015629832814
      ],
      "inlier_ratio": 1.0,
      "target_point": [
        0.45398979925456356,
        0.5090637579004607,
        -0.1717150777688057
      ],
      "fluorescence_mean": 0.015138534992692014,
      "health_status": "Normal"
    },
    {
      "id": 3,
      "centroid": [
        0.31177088564092464,
        0.3068259759382768,
        -0.24983862069520082
      ],
      "normal": [
        -0.7441840150674366,
        -0.6602550167983088,
        0.1012593922101761
      ],
      "plane_equation": [
        -0.7441840150674366,
        -0.6602550167983088,
        0.1012593922101761,
        0.4598968062369031
      ],
      "inlier_ratio": 1.0,
      "target_point": [
        0.23735248413418097,
        0.24080047425844592,
        -0.2397126814741832
      ],
      "fluorescence_mean": 0.026810193926264693,
      "health_status": "Excellent"
    },
    {
      "id": 4,
      "centroid": [
        0.4357062473016627,
        0.3895667791366577,
        -0.17822421239871605
      ],
      "normal": [
        0.46513361689403415,
        -0.3662834289561064,
        0.8059076672344239
      ],
      "plane_equation": [
        0.46513361689403415,
        -0.3662834289561064,
        0.8059076672344239,
        0.08366249221775404
      ],
      "inlier_ratio": 1.0,
      "target_point": [
        0.4822196089910661,
        0.3529384362410471,
        -0.09763344567527366
      ],
      "fluorescence_mean": 0.018845436939154397,
      "health_status": "Normal"
    },
    {
      "id": 5,
      "centroid": [
        0.3901573649297158,
        0.37323455202082795,
        -0.3139220265050729
      ],
      "normal": [
        0.9132660515794089,
        0.39907764132913726,
        -0.08174445072131305
      ],
      "plane_equation": [
        0.9132660515794088,
        0.3990776413291372,
        -0.08174445072131303,
        -0.530928424472976
      ],
      "inlier_ratio": 1.0,
      "target_point": [
        0.4814839700876567,
        0.4131423161537417,
        -0.3220964715772042
      ],
      "fluorescence_mean": 0.009836888223027102,
      "health_status": "Critique"
    },
    {
      "id": 6,
      "centroid": [
        0.3470005113631487,
        0.35005808528512716,
        -0.32406089175492525
      ],
      "normal": [
        -0.9602968412679738,
        0.21035940802441808,
        -0.18324545316697055
      ],
      "plane_equation": [
        -0.9602968412679738,
        0.21035940802441808,
        -0.18324545316697055,
        0.20020279842233887
      ],
      "inlier_ratio": 1.0,
      "target_point": [
        0.25097082723635133,
        0.371094026087569,
        -0.3423854370716223
      ],
      "fluorescence_mean": 0.01782874384717844,
      "health_status": "Normal"
    },
    {
      "id": 7,
      "centroid": [
        0.39082607440650463,
        0.3752125008031726,
        -0.25799999944865704
      ],
      "normal": [
        0.5311582535973607,
        0.8419158405826833,
        -0.0951242714103804
      ],
      "plane_equation": [
        0.5311582535973607,
        0.8419158405826833,
        -0.0951242714103804,
        -0.548029905124337
      ],
      "inlier_ratio": 1.0,
      "target_point": [
        0.4439418997662407,
        0.4594040848614409,
        -0.2675124265896951
      ],
      "fluorescence_mean": 0.02043518975773406,
      "health_status": "Bon"
    },
    {
      "id": 8,
      "centroid": [
        0.3921457904000436,
        0.372554027265118,
        -0.28957880120123586
      ],
      "normal": [
        0.27724185256555345,
        0.9607465504882694,
        -0.010149921719467495
      ],
      "plane_equation": [
        0.2772418525655534,
        0.9607465504882693,
        -0.010149921719467494,
        -0.46958842413557583
      ],
      "inlier_ratio": 1.0,
      "target_point": [
        0.41986997565659895,
        0.46862868231394494,
        -0.2905937933731826
      ],
      "fluorescence_mean": 0.016472631104354696,
      "health_status": "Normal"
    }
  ]
}