{
  "timestamp": "2026-02-27T13:16:34.430021",
  "leaf_id": 13,
  "leaf_index": 0,
  "position": {
    "x": 0.556425,
    "y": 0.3354875,
    "z": -0.29548
  },
  "camera_angles": {
    "pan": 89.13969747331244,
    "tilt": 228.38316673466738
  },
  "measurements": [
    0.0537,
    0.0576,
    0.0608,
    0.0587,
    0.0528,
    0.0596,
    0.0583,
    0.0589,
    0.0595,
    0.0556,
    0.0585,
    0.0587,
    0.0585,
    0.0599,
    0.0596,
    0.0583,
    0.0583,
    0.059,
    0.0588,
    0.0576,
    0.0578,
    0.0583,
    0.0572,
    0.0583,
    0.0565,
    0.0606,
    0.0613,
    0.0603,
    0.0585,
    0.059,
    0.0597,
    0.0596,
    0.0603,
    0.059,
    0.0599,
    0.0575,
    0.0595,
    0.0576,
    0.0597,
    0.0627,
    0.0585,
    0.0581,
    0.0596,
    0.0597,
    0.0578,
    0.059,
    0.0599,
    0.0618,
    0.0601,
    0.0596,
    0.0599,
    0.0573,
    0.0573,
    0.0608,
    0.0624,
    0.0638,
    0.0594,
    0.0604,
    0.0613,
    0.0596,
    0.0585,
    0.065,
    0.0564,
    0.0594,
    0.062,
    0.0588,
    0.0597,
    0.0573,
    0.058,
    0.0578,
    0.058,
    0.061,
    0.0585,
    0.0532,
    0.059,
    0.0749,
    0.1808,
    0.1611,
    0.1663,
    0.1338,
    0.1354,
    0.1367,
    0.1353,
    0.1431,
    0.1357,
    0.1391,
    0.1426,
    0.1478,
    0.1483,
    0.1497,
    0.1534,
    0.1589,
    0.1544,
    0.1596,
    0.1624,
    0.1552,
    0.1623,
    0.1637,
    0.1638,
    0.1642,
    0.1667,
    0.164,
    0.166,
    0.1675,
    0.1667,
    0.1665,
    0.1689,
    0.1671,
    0.1685,
    0.1651,
    0.1669,
    0.1695,
    0.1675,
    0.1661,
    0.1645,
    0.1685,
    0.1665,
    0.1666,
    0.1632,
    0.1639,
    0.1639,
    0.161,
    0.1592,
    0.1594,
    0.163,
    0.1592,
    0.1595,
    0.1588,
    0.1613,
    0.1593,
    0.1568,
    0.1565,
    0.1557,
    0.1568,
    0.1588,
    0.1487,
    0.1471,
    0.1511,
    0.153,
    0.1508,
    0.1501,
    0.1491,
    0.1528,
    0.1464,
    0.1477,
    0.1473,
    0.1471,
    0.1457,
    0.1438,
    0.1391,
    0.1381,
    0.1412,
    0.1421,
    0.1374,
    0.1428,
    0.1393,
    0.137,
    0.1402,
    0.1388,
    0.1391,
    0.1376,
    0.1388,
    0.1351,
    0.1339,
    0.1321,
    0.1309,
    0.133,
    0.1337,
    0.1325,
    0.1304,
    0.1317,
    0.1301,
    0.1309,
    0.1312,
    0.1295,
    0.1253,
    0.1331,
    0.1281,
    0.1284,
    0.1304,
    0.1273,
    0.1249,
    0.1251,
    0.1265,
    0.1247,
    0.1263,
    0.1226,
    0.1217,
    0.1233,
    0.1228,
    0.1231,
    0.121,
    0.1226,
    0.1203,
    0.1212,
    0.1207,
    0.1181,
    0.1182,
    0.1193,
    0.1231,
    0.1164,
    0.1206,
    0.1173,
    0.1154,
    0.1152,
    0.116,
    0.1165,
    0.1136,
    0.1144,
    0.1156,
    0.1153,
    0.1155,
    0.1118,
    0.1133,
    0.1139,
    0.1112,
    0.114,
    0.1154,
    0.1089,
    0.1124,
    0.1133,
    0.1161,
    0.1105,
    0.1097,
    0.1114,
    0.1108,
    0.108,
    0.1097,
    0.1099,
    0.1091,
    0.1096,
    0.1106,
    0.1104,
    0.1098,
    0.1079,
    0.1078,
    0.1065,
    0.1082,
    0.1038,
    0.1052,
    0.1075,
    0.1089,
    0.1054,
    0.1057,
    0.1034,
    0.0991,
    0.1075,
    0.1041,
    0.1066,
    0.1022,
    0.1071,
    0.1066,
    0.1041,
    0.1036,
    0.1024,
    0.1039,
    0.1048,
    0.104,
    0.0995,
    0.1023,
    0.1008,
    0.0987,
    0.1004,
    0.1009,
    0.0983,
    0.1008,
    0.1008,
    0.1018,
    0.1009,
    0.1016,
    0.0999,
    0.104,
    0.1051,
    0.1012,
    0.1026,
    0.1011,
    0.0995,
    0.0994,
    0.0996,
    0.0987,
    0.0962,
    0.0959,
    0.0971,
    0.0979,
    0.0966,
    0.101,
    0.1018,
    0.1008,
    0.1017,
    0.0985,
    0.0974,
    0.0985,
    0.093,
    0.0992,
    0.0939,
    0.0977,
    0.091,
    0.0969,
    0.0962,
    0.098,
    0.0867,
    0.0957,
    0.0962,
    0.0962,
    0.0932,
    0.0955,
    0.0957,
    0.0952,
    0.0939,
    0.0967,
    0.0946,
    0.095,
    0.0958,
    0.0932,
    0.0942,
    0.0964,
    0.0929,
    0.0952,
    0.0941,
    0.0915,
    0.0898,
    0.0922,
    0.0939,
    0.0918,
    0.0921,
    0.0942,
    0.0923,
    0.0976,
    0.0939,
    0.0925,
    0.0932,
    0.0923,
    0.0931,
    0.0935,
    0.0925,
    0.0904,
    0.0902,
    0.0924,
    0.0986,
    0.0915,
    0.0913,
    0.0914,
    0.0922,
    0.0902,
    0.0895,
    0.0904,
    0.0901,
    0.0967,
    0.0902,
    0.0914,
    0.0919,
    0.0843,
    0.0912,
    0.0916,
    0.092,
    0.0915,
    0.0895,
    0.0895,
    0.0902,
    0.0902,
    0.0906,
    0.0896,
    0.0899,
    0.0888,
    0.0885,
    0.0902,
    0.093,
    0.0885,
    0.0879,
    0.0863,
    0.0881,
    0.089,
    0.0893,
    0.0892,
    0.0895,
    0.0907,
    0.0897,
    0.086,
    0.0771,
    0.0844,
    0.0991,
    0.0971,
    0.063,
    0.0658,
    0.0649,
    0.0617,
    0.065,
    0.0643,
    0.065,
    0.0661,
    0.0649,
    0.0636,
    0.0646,
    0.0648,
    0.061,
    0.0635,
    0.0628,
    0.0575,
    0.0655,
    0.0643,
    0.0655,
    0.0685,
    0.0636,
    0.0655,
    0.0627,
    0.0634,
    0.0643,
    0.0665,
    0.064,
    0.061,
    0.0614,
    0.0631,
    0.0622,
    0.061,
    0.0621,
    0.0623,
    0.0623,
    0.0565,
    0.0614,
    0.0625,
    0.0602,
    0.0637,
    0.0609,
    0.0621,
    0.0614,
    0.0643,
    0.0602,
    0.0574,
    0.062,
    0.0595,
    0.0609,
    0.0636,
    0.0652,
    0.062,
    0.0604,
    0.0597,
    0.0609,
    0.0618,
    0.0599,
    0.0567,
    0.0604,
    0.0603,
    0.0613,
    0.0596,
    0.0606,
    0.0599,
    0.059,
    0.0599,
    0.0599,
    0.0587,
    0.0534,
    0.0605,
    0.0573,
    0.0596,
    0.0582,
    0.0599,
    0.0589,
    0.0596,
    0.0532,
    0.0589,
    0.0585,
    0.0589,
    0.0584,
    0.0594,
    0.0594,
    0.0568,
    0.06,
    0.0564,
    0.0591,
    0.0571,
    0.0633,
    0.0591,
    0.0585,
    0.06,
    0.0596,
    0.0589,
    0.0582,
    0.057,
    0.0589,
    0.0607,
    0.0593,
    0.0596,
    0.0577,
    0.0575,
    0.0591,
    0.0593,
    0.0592,
    0.0584,
    0.0589,
    0.058,
    0.0575,
    0.0586,
    0.0607,
    0.0582,
    0.0589,
    0.0589,
    0.0533,
    0.058,
    0.058,
    0.0579,
    0.0621,
    0.0554,
    0.058,
    0.0565,
    0.0618,
    0.0573,
    0.0584,
    0.0588,
    0.0556,
    0.0591,
    0.0559,
    0.0588,
    0.0573,
    0.0574,
    0.0554,
    0.0554,
    0.0568,
    0.0586,
    0.0595,
    0.0545,
    0.0582,
    0.0584,
    0.0579,
    0.0572,
    0.0561,
    0.0595,
    0.0588,
    0.0556,
    0.0571,
    0.06,
    0.0574,
    0.0572,
    0.0558,
    0.0526,
    0.052,
    0.0609,
    0.0588,
    0.0588,
    0.0582,
    0.0577,
    0.0579,
    0.0586,
    0.0567,
    0.0572,
    0.0565,
    0.0577,
    0.0567,
    0.0582,
    0.0584,
    0.057,
    0.0568,
    0.0588,
    0.054,
    0.0586,
    0.0536,
    0.0581,
    0.0565,
    0.0581,
    0.0563,
    0.0575,
    0.0613,
    0.0581,
    0.0575,
    0.0547,
    0.0575,
    0.0648,
    0.057,
    0.0581,
    0.0588,
    0.0575,
    0.0577,
    0.0574,
    0.0559,
    0.0549,
    0.0568,
    0.0489,
    0.0576,
    0.0581,
    0.0567,
    0.0554,
    0.0565,
    0.0583,
    0.0579,
    0.057,
    0.0561,
    0.0591,
    0.057,
    0.0581,
    0.0588,
    0.06,
    0.0579,
    0.0586,
    0.0565,
    0.0583,
    0.0591,
    0.0572,
    0.0567,
    0.0581,
    0.0579,
    0.0576,
    0.0632,
    0.0588,
    0.0577,
    0.0563,
    0.0562,
    0.0591,
    0.0581,
    0.0554,
    0.0542,
    0.0574,
    0.0595,
    0.0567,
    0.0583,
    0.0645,
    0.059,
    0.0552,
    0.0533,
    0.0583,
    0.0572,
    0.0579,
    0.0556,
    0.0576,
    0.0586,
    0.0576,
    0.0581,
    0.0586,
    0.0623,
    0.0553,
    0.0544,
    0.0581,
    0.059,
    0.0586,
    0.0588,
    0.0586,
    0.0529,
    0.0574,
    0.0556,
    0.0581,
    0.0549,
    0.0584,
    0.0576,
    0.0588,
    0.0563,
    0.0575,
    0.0583,
    0.0584,
    0.0576,
    0.0522,
    0.0576,
