{
  "timestamp": "2026-02-25T16:33:23.090171",
  "leaf_id": 12,
  "leaf_index": 0,
  "position": {
    "x": 0.4232125,
    "y": 0.53365,
    "z": -0.2934775
  },
  "camera_angles": {
    "pan": -175.88822680216518,
    "tilt": 222.42844894664262
  },
  "measurements": [
    0.0409,
    0.0386,
    0.0399,
    0.0422,
    0.0429,
    0.0412,
    0.0434,
    0.0441,
    0.0401,
    0.0392,
    0.0422,
    0.0429,
    0.0418,
    0.041,
    0.0415,
    0.0461,
    0.0411,
    0.0417,
    0.0425,
    0.0348,
    0.0411,
    0.0396,
    0.042,
    0.0374,
    0.0478,
    0.092,
    0.0961,
    0.0938,
    0.0987,
    0.0933,
    0.094,
    0.0943,
    0.0904,
    0.0947,
    0.0927,
    0.0917,
    0.0954,
    0.0955,
    0.0925,
    0.0942,
    0.0928,
    0.0903,
    0.0917,
    0.0932,
    0.0936,
    0.0895,
    0.0933,
    0.091,
    0.0919,
    0.0915,
    0.0928,
    0.0909,
    0.0913,
    0.0907,
    0.0889,
    0.0889,
    0.0905,
    0.0908,
    0.0942,
    0.0865,
    0.092,
    0.095,
    0.088,
    0.0896,
    0.0897,
    0.092,
    0.09,
    0.0901,
    0.0902,
    0.0951,
    0.09,
    0.0899,
    0.0898,
    0.091,
    0.0892,
    0.0884,
    0.089,
    0.0886,
    0.0893,
    0.0897,
    0.0893,
    0.0861,
    0.0874,
    0.0889,
    0.0893,
    0.0906,
    0.0895,
    0.0898,
    0.0885,
    0.0869,
    0.0883,
    0.0894,
    0.0889,
    0.0876,
    0.0864,
    0.0831,
    0.0903,
    0.0912,
    0.0881,
    0.0869,
    0.0878,
    0.0876,
    0.0873,
    0.0903,
    0.0894,
    0.0878,
    0.0886,
    0.0882,
    0.0865,
    0.088,
    0.0869,
    0.0871,
    0.0868,
    0.0889,
    0.0875,
    0.0849,
    0.0859,
    0.0767,
    0.0871,
    0.086,
    0.0839,
    0.0852,
    0.0857,
    0.0862,
    0.0851,
    0.0872,
    0.0853,
    0.0844,
    0.0852,
    0.0828,
    0.0848,
    0.0839,
    0.0843,
    0.0831,
    0.0832,
    0.0855,
    0.0851,
    0.0796,
    0.0806,
    0.0806,
    0.082,
    0.0823,
    0.0838,
    0.0828,
    0.0836,
    0.0812,
    0.0826,
    0.0848,
    0.085,
    0.0825,
    0.0817,
    0.0825,
    0.0802,
    0.0811,
    0.0807,
    0.0816,
    0.0807,
    0.0798,
    0.0829,
    0.0803,
    0.0835,
    0.0821,
    0.081,
    0.0783,
    0.076,
    0.0794,
    0.0801,
    0.0776,
    0.0792,
    0.0773,
    0.0776,
    0.0774,
    0.081,
    0.0776,
    0.0784,
    0.0803,
    0.0792,
    0.0765,
    0.0779,
    0.0829,
    0.0758,
    0.0747,
    0.0779,
    0.0752,
    0.0781,
    0.0746,
    0.0768,
    0.074,
    0.0769,
    0.0768,
    0.0763,
    0.0741,
    0.0805,
    0.0744,
    0.0756,
    0.0726,
    0.0742,
    0.0747,
    0.0697,
    0.0766,
    0.0743,
    0.0807,
    0.0668,
    0.073,
    0.0786,
    0.0741,
    0.0726,
    0.0731,
    0.0722,
    0.0728,
    0.0729,
    0.0729,
    0.072,
    0.0705,
    0.0707,
    0.0718,
    0.0709,
    0.0691,
    0.0702,
    0.0701,
    0.0707,
    0.0715,
    0.0735,
    0.0705,
    0.0713,
    0.0709,
    0.0716,
    0.0718,
    0.0705,
    0.0717,
    0.0717,
    0.071,
    0.0722,
    0.0696,
    0.0703,
    0.0735,
    0.068,
    0.0698,
    0.0692,
    0.0689,
    0.0685,
    0.0694,
    0.0697,
    0.0697,
    0.0673,
    0.0701,
    0.0703,
    0.0706,
    0.0698,
    0.0665,
    0.068,
    0.0688,
    0.0683,
    0.0702,
    0.0679,
    0.0682,
    0.0686,
    0.0667,
    0.0703,
    0.0675,
    0.0647,
    0.0691,
    0.0672,
    0.0716,
    0.0691,
    0.0683,
    0.0673,
    0.0652,
    0.0645,
    0.0686,
    0.0631,
    0.0664,
    0.067,
    0.0655,
    0.0665,
    0.0666,
    0.0675,
    0.0679,
    0.064,
    0.0634,
    0.0653,
    0.0693,
    0.0676,
    0.0658,
    0.0648,
    0.0667,
    0.0638,
    0.0662,
    0.0611,
    0.0663,
    0.0572,
    0.0641,
    0.064,
    0.0671,
    0.0643,
    0.0657,
    0.0659,
    0.0659,
    0.0657,
    0.0641,
    0.0687,
    0.0632,
    0.0653,
    0.0645,
    0.0659,
    0.0627,
    0.0645,
    0.0639,
    0.0654,
    0.0636,
    0.0638,
    0.067,
    0.0641,
    0.071,
    0.0641,
    0.0636,
    0.067,
    0.0643,
    0.0623,
    0.0618,
    0.0639,
    0.0624,
    0.064,
    0.0653,
    0.0597,
    0.0493,
    0.0495,
    0.0498,
    0.0495,
    0.0492,
    0.0471,
    0.0511,
    0.0487,
    0.046,
    0.0469,
    0.0541,
    0.0484,
    0.0461,
    0.0481,
    0.049,
    0.0471,
    0.0478,
    0.048,
    0.0477,
    0.0501,
    0.0479,
    0.0481,
    0.0483,
    0.0491,
    0.0483,
    0.0483,
    0.0457,
    0.0473,
    0.0463,
    0.0473,
    0.0482,
    0.0478,
    0.0461,
    0.0472,
    0.0465,
    0.0458,
    0.0479,
    0.0471,
    0.0462,
    0.0467,
    0.0478,
    0.0474,
    0.0486,
    0.0488,
    0.0467,
    0.0471,
    0.0464,
    0.0494,
    0.0487,
    0.0454,
    0.0447,
    0.0462,
    0.0447,
    0.0454,
    0.0459,
    0.0464,
    0.0328,
    0.0449,
    0.0466,
    0.0474,
    0.0472,
    0.0472,
    0.0493,
    0.0477,
    0.0465,
    0.046,
    0.0469,
    0.0465,
    0.046,
    0.0465,
    0.0464,
    0.0441,
    0.0481,
    0.0453,
    0.0455,
    0.0464,
    0.0464,
    0.0455,
    0.0468,
    0.0393,
    0.0449,
    0.0449,
    0.0461,
    0.0431,
    0.0452,
    0.044,
    0.0452,
    0.0426,
    0.0452,
    0.0454,
    0.0461,
    0.0445,
    0.0444,
    0.0463,
    0.0472,
    0.0433,
    0.0456,
    0.0458,
    0.043,
    0.0416,
    0.043,
    0.0446,
    0.0439,
    0.046,
    0.0481,
    0.0449,
    0.0439,
    0.0458,
    0.0469,
    0.0427,
    0.0467,
    0.0436,
    0.0457,
    0.0443,
    0.0446,
    0.0443,
    0.0443,
    0.0431,
    0.042,
    0.0445,
    0.0448,
    0.0464,
    0.0431,
    0.0446,
    0.0439,
    0.0452,
    0.0425,
    0.046,
    0.0431,
    0.0422,
    0.0429,
    0.0431,
    0.044,
    0.0427,
    0.0384,
    0.044,
    0.0434,
    0.0429,
    0.0422,
    0.0441,
    0.0429,
    0.044,
    0.0433,
    0.044,
    0.0414,
    0.0422,
    0.0405,
    0.0497,
    0.0438,
    0.0428,
    0.0417,
    0.0456,
    0.0431,
    0.0438,
    0.0428,
    0.0421,
    0.0417,
    0.0431,
    0.0437,
    0.0431,
    0.0417,
    0.0428,
    0.0442,
    0.0407,
    0.0414,
    0.0452,
    0.0423,
    0.045,
    0.0437,
    0.0419,
    0.0449,
    0.0428,
    0.043,
    0.0413,
    0.0423,
    0.0421,
    0.0414,
    0.0428,
    0.0432,
    0.0423,
    0.0416,
    0.0423,
    0.0423,
    0.0425,
    0.0434,
    0.0428,
    0.0434,
    0.0441,
    0.0435,
    0.0434,
    0.0425,
    0.0423,
    0.0423,
    0.0428,
    0.0418,
    0.0427,
    0.0418,
    0.0408,
    0.0411,
    0.0437,
    0.0399,
    0.0432,
    0.0442,
    0.0451,
    0.0425,
    0.0432,
    0.0418,
    0.0418,
    0.0439,
    0.0416,
    0.0387,
    0.0445,
    0.042,
    0.0406,
    0.0417,
    0.0425,
    0.0429,
    0.0439,
    0.0425,
    0.039,
    0.0434,
    0.0417,
    0.0413,
    0.0432,
    0.0418,
    0.0399,
    0.0415,
    0.0362,
    0.0417,
    0.0431,
    0.0429,
    0.042,
    0.0422,
    0.0432,
    0.0455,
    0.0424,
    0.0373,
    0.0432,
    0.041,
    0.0427,
    0.0415,
    0.0422,
    0.041,
    0.0475,
    0.0426,
    0.0378,
    0.0389,
    0.0406,
    0.042,
    0.041,
    0.0434,
    0.0426,
    0.0412,
    0.0413,
    0.0431,
    0.042,
    0.0408,
    0.0401,
    0.0408,
    0.045,
    0.0429,
    0.0412,
    0.0415,
    0.0419,
    0.0415,
    0.042,
    0.041,
    0.0429,
    0.0447,
    0.0364,
    0.0412,
    0.042,
    0.0422,
    0.0413,
    0.0426,
    0.0386,
    0.0424,
    0.0405,
    0.0417,
    0.0419,
    0.0401,
    0.0424,
    0.0422,
    0.0412,
    0.041,
    0.0412,
    0.0424,
    0.0401,
    0.0403,
    0.0423,
    0.0443,
    0.0408,
    0.0415,
    0.0435,
    0.0415,
    0.0419,
    0.0421,
    0.0423,
    0.041
  ],
  "statistics": {
    "count": 624,
    "mean": 0.06029038461538462,
    "std": 0.018685348465789137,
    "min": 0.0328,
    "max": 0.0987
  },