{
  "timestamp": "2025-12-11T13:49:04.960106",
  "leaf_id": 1,
  "leaf_index": 0,
  "position": {
    "x": 0.410625,
    "y": 0.2146625,
    "z": -0.1328175
  },
  "camera_angles": {
    "pan": 16.704517444157407,
    "tilt": 215.63507667630802
  },
  "measurements": [
    0.0104188,
    0.008113,
    0.0075152000000000005,
    0.0071736,
    0.008113,
    0.0076006,
    0.0087962,
    0.00854,
    0.0076006,
    0.0112728,
    0.0093086,
    0.0065758,
    0.0128954,
    0.0103334,
    0.007259000000000001,
    0.0063196,
    0.0093086,
    0.0050386,
    0.0137494,
    0.0142618,
    0.0131516,
    0.0087962,
    0.0075152000000000005,
    0.0049532,
    0.0128954,
    0.0086254,
    0.0052094,
    0.012724599999999999,
    0.0064903999999999995,
    0.011358199999999999,
    0.0130662,
    0.0086254,
    0.009821,
    0.0064903999999999995,
    0.0109312,
    0.0095648,
    0.0065758,
    0.0067466,
    0.0099918,
    0.0101626,
    0.007685999999999999,
    0.0087962,
    0.0038429999999999996,
    0.0122122,
    0.0056364,
    0.00427,
    0.010675,
    0.010675,
    0.0090524,
    0.013236999999999999,
    0.0040992,
    0.006148799999999999,
    0.0083692,
    0.0077714,
    0.0058926,
    0.011101999999999999,
    0.0117852,
    0.010248,
    0.005978,
    0.007002800000000001,
    0.0095648,
    0.006832,
    0.0134932,
    0.009394,
    0.0054656,
    0.0141764,
    0.008454600000000001,
    0.0062342,
    0.011358199999999999,
    0.015030400000000001,
    0.0109312,
    0.010675,
    0.008710800000000001,
    0.0121268,
    0.0100772,
    0.007259000000000001,
    0.0055509999999999995,
    0.0073444,
    0.0045262,
    0.008454600000000001,
    0.0134932,
    0.0097356,
    0.0134078,
    0.008283800000000001,
    0.0143472,
    0.0103334,
    0.0073444,
    0.0073444,
    0.0143472,
    0.0079422,
    0.012297599999999999,
    0.0063196,
    0.0103334,
    0.0099918,
    0.0079422,
    0.0114436,
    0.0151158,
    0.012980799999999999,
    0.0057218,
    0.008454600000000001
  ],
  "statistics": {
    "count": 100,
    "mean": 0.009212098,
    "std": 0.0027935501791798907,
    "min": 0.0038429999999999996,
    "max": 0.0151158
  }
}