{
  "timestamp": "2025-12-11T13:51:31.338772",
  "leaf_id": 2,
  "leaf_index": 1,
  "position": {
    "x": 0.4539875,
    "y": 0.5090625,
    "z": -0.171715
  },
  "camera_angles": {
    "pan": 169.7754561823454,
    "tilt": 186.99330070540907
  },
  "measurements": [
    0.0075152000000000005,
    0.0071736,
    0.0047824,
    0.014005600000000002,
    0.00427,
    0.0130662,
    0.0064903999999999995,
    0.0083692,
    0.0121268,
    0.0101626,
    0.0103334,
    0.0099064,
    0.007259000000000001,
    0.0090524,
    0.0086254,
    0.0081984,
    0.0142618,
    0.0108458,
    0.0104188,
    0.0103334,
    0.011358199999999999,
    0.011956,
    0.014859599999999999,
    0.0053802,
    0.0097356,
    0.0112728,
    0.0086254,
    0.011956,
    0.0095648,
    0.0105896,
    0.0071736,
    0.0104188,
    0.012383,
    0.007259000000000001,
    0.0064903999999999995,
    0.0070882,
    0.0086254,
    0.0105042,
    0.008454600000000001,
    0.013664,
    0.0067466,
    0.010675,
    0.0108458,
    0.0090524,
    0.007259000000000001,
    0.0095648,
    0.0079422,
    0.0077714,
    0.0091378,
    0.012297599999999999,
    0.013236999999999999,
    0.0079422,
    0.012980799999999999,
    0.009394,
    0.0117852,
    0.0054656,
    0.008710800000000001,
    0.0077714,
    0.012809999999999998,
    0.0052094,
    0.0058926,
    0.006832,
    0.0091378,
    0.0079422,
    0.014432599999999999,
    0.0077714,
    0.0111874,
    0.0058926,
    0.0063196,
    0.0054656,
    0.006148799999999999,
    0.0081984,
    0.008283800000000001,
    0.0066612,
    0.0134078,
    0.0076006,
    0.0073444,
    0.0057218,
    0.012980799999999999,
    0.012383,
    0.012980799999999999,
    0.008967000000000001,
    0.013236999999999999,
    0.008710800000000001,
    0.0103334,
    0.0065758,
    0.0141764,
    0.0088816,
    0.0081984,
    0.0,
    0.0077714,
    0.012809999999999998,
    0.0065758,
    0.0077714,
    0.0057218,
    0.012809999999999998,
    0.0099064,
    0.008967000000000001,
    0.0112728,
    0.009821
  ],
  "statistics": {
    "count": 100,
    "mean": 0.009262483999999998,
    "std": 0.0027381967549728777,
    "min": 0.0,
    "max": 0.014859599999999999
  }
}