{
  "leaves": [
    {
      "id": 1,
      "centroid": [
        0.29159987442222707,
        0.4342190960606376,
        -0.1325785931704682
      ],
      "normal": [
        0.43486293128370834,
        -0.3831144356353057,
        0.8149340833485749
      ],
      "plane_equation": [
        0.43486293128370834,
        -0.3831144356353057,
        0.8149340833485749,
        0.14759244207315197
      ],
      "inlier_ratio": 1.0,
      "target_point": [
        0.3350861675505979,
        0.395907652497107,
        -0.0510851848356107
      ],
      "fluorescence_mean": 0.02416988971012713,
      "health_status": "Bon"
    },
    {
      "id": 2,
      "centroid": [
        0.3147208712719105,
        0.4523248475380045,
        -0.13241159829197738
      ],
      "normal": [
        0.3023047116480965,
        -0.4979470885658421,
        0.8128102843248003
      ],
      "plane_equation": [
        0.3023047116480965,
        -0.4979470885658421,
        0.8128102843248003,
        0.2377177475336485
      ],
      "inlier_ratio": 1.0,
      "target_point": [
        0.34495134243672015,
        0.4025301386814203,
        -0.05113056985949735
      ],
      "fluorescence_mean": 0.017110952875104977,
      "health_status": "Normal"
    },
    {
      "id": 3,
      "centroid": [
        0.3023279130458832,
        0.3349058670923114,
        -0.15407174173742533
      ],
      "normal": [
        0.5338103700702108,
        0.2451305470265248,
        0.8092944480966007
      ],
      "plane_equation": [
        0.5338103700702107,
        0.24513054702652476,
        0.8092944480966006,
        -0.11879202835163667
      ],
      "inlier_ratio": 1.0,
      "target_point": [
        0.35570895005290426,
        0.3594189217949639,
        -0.07314229692776525
      ],
      "fluorescence_mean": 0.01962137336273938,
      "health_status": "Normal"
    },
    {
      "id": 4,
      "centroid": [
        0.28783799508574665,
        0.4023919382672401,
        -0.14246909965755075
      ],
      "normal": [
        0.5324216113043223,
        -0.2193153108267574,
        0.8175744750498709
      ],
      "plane_equation": [
        0.5324216113043223,
        -0.2193153108267574,
        0.8175744750498709,
        0.05147864324045211
      ],
      "inlier_ratio": 1.0,
      "target_point": [
        0.3410801562161789,
        0.38046040718456436,
        -0.06071165215256366
      ],
      "fluorescence_mean": 0.010286070147279353,
      "health_status": "Stress\u00e9"
    },
    {
      "id": 5,
      "centroid": [
        0.43666394878374903,
        0.4394874304140869,
        -0.13230833675908416
      ],
      "normal": [
        -0.38499827755504085,
        -0.42272888550196536,
        0.8204124667762662
      ],
      "plane_equation": [
        -0.3849982775550408,
        -0.4227288855019653,
        0.8204124667762661,
        0.4624463087387806
      ],
      "inlier_ratio": 1.0,
      "target_point": [
        0.39816412102824494,
        0.3972145418638904,
        -0.05026709008145752
      ],
      "fluorescence_mean": 0.01781335325714447,
      "health_status": "Normal"
    },
    {
      "id": 6,
      "centroid": [
        0.31689710465053583,
        0.4079966107070846,
        -0.15818965485031972
      ],
      "normal": [
        0.43123415909088314,
        -0.38024728316982137,
        0.818198694496116
      ],
      "plane_equation": [
        0.43123415909088314,
        -0.38024728316982137,
        0.818198694496116,
        0.14791331540287755
      ],
      "inlier_ratio": 1.0,
      "target_point": [
        0.36002052055962414,
        0.3699718823901025,
        -0.0763697854007081
      ],
      "fluorescence_mean": 0.024381921638812195,
      "health_status": "Bon"
    },
    {
      "id": 7,
      "centroid": [
        0.471827390541633,
        0.35994028896093366,
        -0.13551649823784828
      ],
      "normal": [
        -0.5486927797441968,
        -0.021583766337963196,
        0.835745400518157
      ],
      "plane_equation": [
        -0.5486927797441968,
        -0.021583766337963196,
        0.835745400518157,
        0.37991443966489974
      ],
      "inlier_ratio": 1.0,
      "target_point": [
        0.41695811256721327,
        0.35778191232713735,
        -0.051941958186032575
      ],
      "fluorescence_mean": 0.028854440621454803,
      "health_status": "Excellent"
    }
  ]
}