{
  "timestamp": "2026-02-03T13:51:53.725816",
  "leaf_id": 2,
  "leaf_index": 0,
  "position": {
    "x": 0.4687875,
    "y": 0.2970125,
    "z": -0.23239
  },
  "camera_angles": {
    "pan": 81.0817520121322,
    "tilt": 209.3976012290584
  },
  "measurements": [
    0.0396,
    0.0403,
    0.0422,
    0.0411,
    0.0418,
    0.0416,
    0.0432,
    0.0421,
    0.0414,
    0.0421,
    0.0469,
    0.0407,
    0.0407,
    0.0475,
    0.0416,
    0.0423,
    0.0405,
    0.0414,
    0.0393,
    0.0419,
    0.0413,
    0.0409,
    0.0471,
    0.0432,
    0.0557,
    0.1277,
    0.131,
    0.1322,
    0.1276,
    0.1313,
    0.1274,
    0.1253,
    0.1265,
    0.1251,
    0.1263,
    0.127,
    0.1262,
    0.126,
    0.1254,
    0.128,
    0.1249,
    0.1235,
    0.1273,
    0.1262,
    0.1262,
    0.1257,
    0.1248,
    0.1258,
    0.1244,
    0.1268,
    0.125,
    0.1254,
    0.1276,
    0.1255,
    0.1231,
    0.1273,
    0.1249,
    0.1258,
    0.1273,
    0.1274,
    0.1269,
    0.1208,
    0.1289,
    0.1254,
    0.1275,
    0.1257,
    0.1266,
    0.1262,
    0.1223,
    0.1232,
    0.1225,
    0.1244,
    0.1243,
    0.1262,
    0.1227,
    0.1249,
    0.1249,
    0.124,
    0.1224,
    0.1229,
    0.1216,
    0.1259,
    0.1213,
    0.1241,
    0.122,
    0.1225,
    0.1221,
    0.1219,
    0.1202,
    0.1221,
    0.1228,
    0.1221,
    0.1238,
    0.1197,
    0.1186,
    0.1166,
    0.1213,
    0.1206,
    0.1195,
    0.1195,
    0.1186,
    0.1202,
    0.1191,
    0.1158,
    0.1191,
    0.1159,
    0.1175,
    0.118,
    0.1185,
    0.1178,
    0.1155,
    0.1138,
    0.1209,
    0.1176,
    0.1164,
    0.1193,
    0.1139,
    0.1162,
    0.1162,
    0.1166,
    0.1147,
    0.114,
    0.1141,
    0.1135,
    0.1142,
    0.1152,
    0.1154,
    0.1125,
    0.1144,
    0.1132,
    0.1138,
    0.1117,
    0.1153,
    0.114,
    0.1169,
    0.1105,
    0.1137,
    0.1104,
    0.1078,
    0.1132,
    0.1114,
    0.1114,
    0.1093,
    0.1117,
    0.1111,
    0.1117,
    0.1142,
    0.1097,
    0.111,
    0.1139,
    0.1096,
    0.1097,
    0.1076,
    0.1084,
    0.1089,
    0.1093,
    0.1073,
    0.1084,
    0.1086,
    0.107,
    0.1082,
    0.1076,
    0.1075,
    0.1085,
    0.11,
    0.106,
    0.1072,
    0.1056,
    0.1048,
    0.1054,
    0.105,
    0.104,
    0.1061,
    0.1046,
    0.1046,
    0.1043,
    0.1041,
    0.1032,
    0.1026,
    0.1031,
    0.1027,
    0.1029,
    0.1041,
    0.1045,
    0.1008,
    0.1031,
    0.1024,
    0.1015,
    0.105,
    0.1019,
    0.1031,
    0.1033,
    0.1007,
    0.1009,
    0.1028,
    0.0968,
    0.0999,
    0.0996,
    0.0978,
    0.1005,
    0.1029,
    0.0991,
    0.1027,
    0.0996,
    0.1005,
    0.1008,
    0.0979,
    0.111,
    0.0986,
    0.1,
    0.098,
    0.099,
    0.1022,
    0.0976,
    0.0984,
    0.0976,
    0.0952,
    0.0992,
    0.0953,
    0.098,
    0.0971,
    0.0951,
    0.1013,
    0.0965,
    0.0976,
    0.0968,
    0.0958,
    0.0969,
    0.0961,
    0.0966,
    0.0925,
    0.0971,
    0.0946,
    0.098,
    0.0965,
    0.0957,
    0.0979,
    0.0943,
    0.0963,
    0.0925,
    0.0955,
    0.0969,
    0.0937,
    0.0956,
    0.093,
    0.0958,
    0.0959,
    0.0929,
    0.0945,
    0.0956,
    0.0928,
    0.0963,
    0.0943,
    0.0923,
    0.0886,
    0.093,
    0.0984,
    0.0931,
    0.0908,
    0.0924,
    0.092,
    0.0901,
    0.0892,
    0.092,
    0.0928,
    0.0901,
    0.093,
    0.089,
    0.0894,
    0.0904,
    0.0888,
    0.0948,
    0.0935,
    0.0894,
    0.093,
    0.0909,
    0.0904,
    0.0902,
    0.0908,
    0.0906,
    0.0906,
    0.09,
    0.0895,
    0.0904,
    0.0888,
    0.0916,
    0.0895,
    0.0893,
    0.0884,
    0.0888,
    0.0885,
    0.0909,
    0.0895,
    0.0885,
    0.089,
    0.0876,
    0.0891,
    0.0891,
    0.0916,
    0.0887,
    0.0873,
    0.0903,
    0.0868,
    0.0889,
    0.0893,
    0.0882,
    0.0864,
    0.0871,
    0.0873,
    0.0863,
    0.0907,
    0.0865,
    0.0881,
    0.0847,
    0.0857,
    0.0848,
    0.0849,
    0.0858,
    0.088,
    0.0834,
    0.0863,
    0.0849,
    0.084,
    0.086,
    0.0829,
    0.059,
    0.0555,
    0.0624,
    0.061,
    0.0612,
    0.0615,
    0.0585,
    0.0596,
    0.0579,
    0.0598,
    0.0565,
    0.0602,
    0.0573,
    0.0564,
    0.0572,
    0.0563,
    0.0575,
    0.0564,
    0.0597,
    0.0562,
    0.0568,
    0.0545,
    0.0577,
    0.0538,
    0.0622,
    0.0518,
    0.0544,
    0.0517,
    0.0533,
    0.0519,
    0.0514,
    0.0521,
    0.0464,
    0.0538,
    0.0521,
    0.0512,
    0.052,
    0.0529,
    0.0525,
    0.0503,
    0.051,
    0.051,
    0.0517,
    0.0492,
    0.0484,
    0.05,
    0.0477,
    0.0475,
    0.0502,
    0.0495,
    0.051,
    0.0483,
    0.0479,
    0.0479,
    0.0528,
    0.0486,
    0.0488,
    0.0488,
    0.0473,
    0.048,
    0.0473,
    0.0418,
    0.0461,
    0.0471,
    0.0473,
    0.0471,
    0.0501,
    0.047,
    0.0466,
    0.0463,
    0.0454,
    0.0468,
    0.047,
    0.047,
    0.0468,
    0.0466,
    0.0452,
    0.0449,
    0.0432,
    0.0467,
    0.0456,
    0.0465,
    0.0442,
    0.0446,
    0.0481,
    0.0442,
    0.0491,
    0.0465,
    0.0442,
    0.0458,
    0.0449,
    0.0453,
    0.0476,
    0.0441,
    0.0427,
    0.0423,
    0.046,
    0.0458,
    0.0451,
    0.0413,
    0.0432,
    0.0439,
    0.0431,
    0.0436,
    0.0471,
    0.0438,
    0.0445,
    0.0417,
    0.0448,
    0.0461,
    0.0427,
    0.0434,
    0.0478,
    0.0448,
    0.0434,
    0.0462,
    0.0455,
    0.0431,
    0.0361,
    0.0424,
    0.0447,
    0.0438,
    0.0443,
    0.044,
    0.0436,
    0.0438,
    0.0454,
    0.0436,
    0.0436,
    0.0424,
    0.0433,
    0.0445,
    0.0431,
    0.0412,
    0.0435,
    0.0428,
    0.0429,
    0.046,
    0.0514,
    0.0444,
    0.0438,
    0.0419,
    0.0429,
    0.0437,
    0.0428,
    0.043,
    0.0449,
    0.0431,
    0.044,
    0.0426,
    0.0429,
    0.0428,
    0.0421,
    0.0431,
    0.0449,
    0.0435,
    0.0446,
    0.0419,
    0.0445,
    0.0419,
    0.0433,
    0.0424,
    0.0449,
    0.0428,
    0.0428,
    0.043,
    0.0379,
    0.0421,
    0.043,
    0.0423,
    0.0365,
    0.0447,
    0.0426,
    0.044,
    0.0375,
    0.043,
    0.0419,
    0.0432,
    0.0366,
    0.0423,
    0.0439,
    0.0418,
    0.0351,
    0.0439,
    0.0428,
    0.0434,
    0.036,
    0.0449,
    0.0435,
    0.0456,
    0.0367,
    0.0435,
    0.0414,
    0.0416,
    0.0471,
    0.0441,
    0.0432,
    0.0434,
    0.0421,
    0.0423,
    0.0441,
    0.0384,
    0.0379,
    0.0437,
    0.046,
    0.0423,
    0.0457,
    0.0412,
    0.0377,
    0.0427,
    0.0393,
    0.0439,
    0.0434,
    0.0439,
    0.042,
    0.043,
    0.0428,
    0.0444,
    0.0427,
    0.0413,
    0.0429,
    0.0423,
    0.0423,
    0.0457,
    0.0423,
    0.0434,
    0.0435,
    0.0427,
    0.0427,
    0.0439,
    0.0423,
    0.0478,
    0.0439,
    0.0425,
    0.0397,
    0.0448,
    0.0439,
    0.0436,
    0.0446,
    0.0423,
    0.0427,
    0.0425,
    0.0415,
    0.0427,
    0.0425,
    0.0427,
    0.0436,
    0.045,
    0.0457,
    0.0439,
    0.0429,
    0.042,
    0.0413,
    0.0434,
    0.0425,
    0.0392,
    0.0434,
    0.0429,
    0.0437,
    0.0427,
    0.0409,
    0.0427,
    0.042,
    0.0436,
    0.0432,
    0.0438,
    0.0388,
    0.0432,
    0.0436,
    0.0422,
    0.0431,
    0.0413,
    0.0425,
    0.042,
    0.0413,
    0.0466,
    0.041,
    0.0443,
    0.0447,
    0.044,
    0.0418,
    0.0436,
    0.0427,
    0.0427,
    0.0406,
    0.0429,
    0.0434,
    0.0429,
    0.0434,
    0.0434,
    0.0432,
    0.0411,
    0.0411,
    0.0417,
    0.0426,
    0.041,
    0.0415,
    0.0438,
    0.0452
  ],
  "statistics": {
    "count": 624,
    "mean": 0.07458653846153847,
    "std": 0.03216179367872905,
    "min": 0.0351,
    "max": 0.1322
  },