{
  "leaves": [
    {
      "id": 1,
      "centroid": [
        0.22837264876846874,
        0.3237653473101625,
        -0.2888070976515429
      ],
      "normal": [
        -0.23617052186120077,
        -0.41883753067945245,
        -0.8768116146003924
      ],
      "plane_equation": [
        -0.23617052186120077,
        -0.41883753067945245,
        -0.8768116146003924,
        -0.06368945137446475
      ],
      "inlier_ratio": 1.0,
      "target_point": [
        0.20475559658234865,
        0.28188159424221726,
        -0.3764882591115821
      ],
      "fluorescence_mean": 0.006609956180977115,
      "health_status": "Critique"
    },
    {
      "id": 2,
      "centroid": [
        0.41361164425810176,
        0.3056593493868907,
        -0.23027508612722158
      ],
      "normal": [
        0.8997268062622952,
        -0.14110604346988684,
        0.41301423533496384
      ],
      "plane_equation": [
        0.8997268062622951,
        -0.1411060434698868,
        0.4130142353349638,
        -0.23423473108466927
      ],
      "inlier_ratio": 0.9479166666666666,
      "target_point": [
        0.5035843248843312,
        0.291548745039902,
        -0.1889736625937252
      ],
      "fluorescence_mean": 0.016973367265382816,
      "health_status": "Normal"
    },
    {
      "id": 3,
      "centroid": [
        0.41781000104001775,
        0.3080420676738985,
        -0.24402120661350987
      ],
      "normal": [
        0.9709645045381944,
        -0.13305750406748557,
        -0.1988055118406678
      ],
      "plane_equation": [
        0.9709645045381943,
        -0.13305750406748554,
        -0.19880551184066778,
        -0.4133487608222108
      ],
      "inlier_ratio": 0.978494623655914,
      "target_point": [
        0.5149064514938372,
        0.29473631726715,
        -0.26390175779757663
      ],
      "fluorescence_mean": 0.026480348110270675,
      "health_status": "Excellent"
    },
    {
      "id": 4,
      "centroid": [
        0.400598889326348,
        0.3126436498235254,
        -0.213991029516739
      ],
      "normal": [
        -0.4548068235266049,
        -0.8263563943663097,
        0.332093153743873
      ],
      "plane_equation": [
        -0.4548068235266049,
        -0.8263563943663097,
        0.332093153743873,
        0.5116151434176059
      ],
      "inlier_ratio": 1.0,
      "target_point": [
        0.3551182069736875,
        0.2300080103868944,
        -0.18078171414235172
      ],
      "fluorescence_mean": 0.026863064366946757,
      "health_status": "Excellent"
    },
    {
      "id": 5,
      "centroid": [
        0.39939460514196706,
        0.33215362367345325,
        -0.22037981895368491
      ],
      "normal": [
        0.4106241573375575,
        0.553776220559057,
        0.724375385386712
      ],
      "plane_equation": [
        0.4106241573375575,
        0.553776220559057,
        0.724375385386712,
        -0.18830213525843767
      ],
      "inlier_ratio": 1.0,
      "target_point": [
        0.4404570208757228,
        0.38753124572935893,
        -0.14794228041501373
      ],
      "fluorescence_mean": 0.011379342535329094,
      "health_status": "Stress\u00e9"
    },
    {
      "id": 6,
      "centroid": [
        0.4080006001425571,
        0.33323996135445894,
        -0.23670545342515725
      ],
      "normal": [
        0.8057109144814151,
        0.5883287245711484,
        0.06855096009544707
      ],
      "plane_equation": [
        0.8057109144814151,
        0.5883287245711484,
        0.06855096009544707,
        -0.5085587919975109
      ],
      "inlier_ratio": 1.0,
      "target_point": [
        0.48857169159069863,
        0.39207283381157376,
        -0.22985035741561255
      ],
      "fluorescence_mean": 0.02795268506499401,
      "health_status": "Excellent"
    },
    {
      "id": 7,
      "centroid": [
        0.22743495035979708,
        0.33127880045923136,
        -0.29914666080878954
      ],
      "normal": [
        -0.43228966122868645,
        0.06248772185345884,
        0.8995670811075471
      ],
      "plane_equation": [
        -0.43228966122868645,
        0.06248772185345884,
        0.8995670811075471,
        0.34671940859038813
      ],
      "inlier_ratio": 1.0,
      "target_point": [
        0.18420598423692844,
        0.3375275726445772,
        -0.2091899526980348
      ],
      "fluorescence_mean": 0.022365460445553764,
      "health_status": "Bon"
    },
    {
      "id": 8,
      "centroid": [
        0.3920703132947286,
        0.3240253919114669,
        -0.2135200366998712
      ],
      "normal": [
        -0.9323757592583354,
        -0.19007850439321955,
        0.3074826917325256
      ],
      "plane_equation": [
        -0.9323757592583354,
        -0.19007850439321955,
        0.3074826917325256,
        0.4928008335440885
      ],
      "inlier_ratio": 1.0,
      "target_point": [
        0.29883273736889504,
        0.30501754147214494,
        -0.18277176752661864
      ],
      "fluorescence_mean": 0.026569058308042934,
      "health_status": "Excellent"
    },
    {
      "id": 9,
      "centroid": [
        0.3761267785144889,
        0.36252269537552545,
        -0.3068515088247216
      ],
      "normal": [
        -0.4923785829018878,
        0.42644037945633356,
        0.7587568344790492
      ],
      "plane_equation": [
        -0.4923785829018878,
        0.42644037945633356,
        0.7587568344790492,
        0.26342813390991016
      ],
      "inlier_ratio": 1.0,
      "target_point": [
        0.3268889202243001,
        0.4051667333211588,
        -0.2309758253768167
      ],
      "fluorescence_mean": 0.018643910058834676,
      "health_status": "Normal"
    },
    {
      "id": 10,
      "centroid": [
        0.4152109812606465,
        0.3152502897110852,
        -0.25288995931094344
      ],
      "normal": [
        0.9329397720908557,
        0.1997662087346278,
        -0.2995277007204102
      ],
      "plane_equation": [
        0.9329397720908557,
        0.1997662087346278,
        -0.2995277007204102,
        -0.5260907414526896
      ],
      "inlier_ratio": 1.0,
      "target_point": [
        0.5085049584697321,
        0.335226910584548,
        -0.28284272938298444
      ],
      "fluorescence_mean": 0.011013061709082174,
      "health_status": "Stress\u00e9"
    },
    {
      "id": 11,
      "centroid": [
        0.41127032276831177,
        0.3226319527939746,
        -0.22583480532232084
      ],
      "normal": [
        0.853433157559732,
        0.3362790746982348,
        0.3982062650156635
      ],
      "plane_equation": [
        0.853433157559732,
        0.3362790746982348,
        0.3982062650156635,
        -0.36955727038647196
      ],
      "inlier_ratio": 1.0,
      "target_point": [
        0.496613638524285,
        0.3562598602637981,
        -0.1860141788207545
      ],
      "fluorescence_mean": 0.007978182910981875,
      "health_status": "Critique"
    },
    {
      "id": 12,
      "centroid": [
        0.3862615128358205,
        0.3727608563171493,
        -0.2925528734922409
      ],
      "normal": [
        0.9564635689585377,
        0.1926510074711477,
        -0.21923282276029868
      ],
      "plane_equation": [
        0.9564635689585376,
        0.19265100747114766,
        -0.21923282276029865,
        -0.5053950118959198
      ],
      "inlier_ratio": 1.0,
      "target_point": [
        0.48190786973167427,
        0.3920259570642641,
        -0.31447615576827076
      ],
      "fluorescence_mean": 0.01864268005185456,
      "health_status": "Normal"
    }
  ]
}