{
  "leaves": [
    {
      "id": 1,
      "centroid": [
        0.37049140101635253,
        0.3444369586288797,
        -0.2591818909908441
      ],
      "normal": [
        0.25185971797703344,
        -0.13448108160012603,
        0.9583744159524448
      ],
      "plane_equation": [
        0.25185971797703344,
        -0.13448108160012603,
        0.9583744159524448,
        0.20140168837037548
      ],
      "inlier_ratio": 1.0,
      "target_point": [
        0.39567737281405585,
        0.33098885046886706,
        -0.1633444493955996
      ],
      "fluorescence_mean": 0.022071184015666302,
      "health_status": "Bon"
    },
    {
      "id": 2,
      "centroid": [
        0.4070654094298203,
        0.3766746024979989,
        -0.27115431353925556
      ],
      "normal": [
        -0.3982665509759539,
        0.8060524815235466,
        0.43779350315354226
      ],
      "plane_equation": [
        -0.3982665509759539,
        0.8060524815235466,
        0.43779350315354226,
        -0.02278936461563376
      ],
      "inlier_ratio": 1.0,
      "target_point": [
        0.36723875433222486,
        0.45727985065035354,
        -0.22737496322390133
      ],
      "fluorescence_mean": 0.020629773340227284,
      "health_status": "Bon"
    }
  ]
}