{
  "leaves": [
    {
      "id": 1,
      "centroid": [
        0.4332430146438905,
        0.3251180952122398,
        -0.26475307491031413
      ],
      "normal": [
        0.443021388881187,
        0.5443586709228536,
        0.7123241441821895
      ],
      "plane_equation": [
        0.443021388881187,
        0.5443586709228536,
        0.7123241441821895,
        -0.18032676876822076
      ],
      "inlier_ratio": 0.7271704903283851,
      "target_point": [
        0.47754515353200916,
        0.37955396230452515,
        -0.19352066049209518
      ]
    }
  ]
}