{
  "leaves": [
    {
      "id": 1,
      "centroid": [
        0.38652948590068076,
        0.292510834607211,
        -0.1901554742029735
      ],
      "normal": [
        0.01375756302606381,
        -0.7567489895941912,
        0.6535607823360844
      ],
      "plane_equation": [
        0.01375756302606381,
        -0.7567489895941912,
        0.6535607823360844,
        0.3403177352562343
      ],
      "inlier_ratio": 1.0,
      "target_point": [
        0.38790524220328715,
        0.21683593564779186,
        -0.12479939596936505
      ],
      "fluorescence_mean": 0.024025505796239556,
      "health_status": "Bon"
    },
    {
      "id": 2,
      "centroid": [
        0.436369211458769,
        0.4113842669080515,
        -0.18389013116476965
      ],
      "normal": [
        0.1762058779579456,
        0.9767949099240907,
        0.12175053395963951
      ],
      "plane_equation": [
        0.17620587795794557,
        0.9767949099240906,
        0.1217505339596395,
        -0.45634015629832814
      ],
      "inlier_ratio": 1.0,
      "target_point": [
        0.45398979925456356,
        0.5090637579004607,
        -0.1717150777688057
      ],
      "fluorescence_mean": 0.016175750873924016,
      "health_status": "Normal"
    },
    {
      "id": 3,
      "centroid": [
        0.4357062473016627,
        0.3895667791366577,
        -0.17822421239871605
      ],
      "normal": [
        0.46513361689403415,
        -0.3662834289561064,
        0.8059076672344239
      ],
      "plane_equation": [
        0.46513361689403415,
        -0.3662834289561064,
        0.8059076672344239,
        0.08366249221775404
      ],
      "inlier_ratio": 1.0,
      "target_point": [
        0.4822196089910661,
        0.3529384362410471,
        -0.09763344567527366
      ],
      "fluorescence_mean": 0.02501559002462251,
      "health_status": "Excellent"
    },
    {
      "id": 4,
      "centroid": [
        0.3901573649297158,
        0.37323455202082795,
        -0.3139220265050729
      ],
      "normal": [
        0.9132660515794089,
        0.39907764132913726,
        -0.08174445072131305
      ],
      "plane_equation": [
        0.9132660515794088,
        0.3990776413291372,
        -0.08174445072131303,
        -0.530928424472976
      ],
      "inlier_ratio": 1.0,
      "target_point": [
        0.4814839700876567,
        0.4131423161537417,
        -0.3220964715772042
      ],
      "fluorescence_mean": 0.017911379230996317,
      "health_status": "Normal"
    },
    {
      "id": 5,
      "centroid": [
        0.31290323308535983,
        0.30577825222696575,
        -0.24733632249491555
      ],
      "normal": [
        -0.5896444468626973,
        -0.7425168816084644,
        0.3177862596312583
      ],
      "plane_equation": [
        -0.5896444468626973,
        -0.7425168816084644,
        0.3177862596312583,
        0.49014725289802963
      ],
      "inlier_ratio": 1.0,
      "target_point": [
        0.2539387883990901,
        0.23152656406611932,
        -0.21555769653178972
      ],
      "fluorescence_mean": 0.010749146284681252,
      "health_status": "Stress\u00e9"
    },
    {
      "id": 6,
      "centroid": [
        0.3110325535138448,
        0.31953122489380115,
        -0.239647955605478
      ],
      "normal": [
        -0.7687905868294908,
        -0.08699366072554361,
        0.6335559459084386
      ],
      "plane_equation": [
        -0.7687905868294908,
        -0.08699366072554361,
        0.6335559459084386,
        0.41874647750726457
      ],
      "inlier_ratio": 1.0,
      "target_point": [
        0.2341534948308957,
        0.3108318588212468,
        -0.17629236101463414
      ],
      "fluorescence_mean": 0.006320276701883958,
      "health_status": "Critique"
    },
    {
      "id": 7,
      "centroid": [
        0.3470005113631487,
        0.35005808528512716,
        -0.32406089175492525
      ],
      "normal": [
        -0.9602968412679738,
        0.21035940802441808,
        -0.18324545316697055
      ],
      "plane_equation": [
        -0.9602968412679738,
        0.21035940802441808,
        -0.18324545316697055,
        0.20020279842233887
      ],
      "inlier_ratio": 1.0,
      "target_point": [
        0.25097082723635133,
        0.371094026087569,
        -0.3423854370716223
      ],
      "fluorescence_mean": 0.02654697901756805,
      "health_status": "Excellent"
    },
    {
      "id": 8,
      "centroid": [
        0.39082607440650463,
        0.3752125008031726,
        -0.25799999944865704
      ],
      "normal": [
        0.5311582535973607,
        0.8419158405826833,
        -0.0951242714103804
      ],
      "plane_equation": [
        0.5311582535973607,
        0.8419158405826833,
        -0.0951242714103804,
        -0.548029905124337
      ],
      "inlier_ratio": 1.0,
      "target_point": [
        0.4439418997662407,
        0.4594040848614409,
        -0.2675124265896951
      ],
      "fluorescence_mean": 0.008589383514221251,
      "health_status": "Critique"
    },
    {
      "id": 9,
      "centroid": [
        0.3921457904000436,
        0.372554027265118,
        -0.28957880120123586
      ],
      "normal": [
        0.27724185256555345,
        0.9607465504882694,
        -0.010149921719467495
      ],
      "plane_equation": [
        0.2772418525655534,
        0.9607465504882693,
        -0.010149921719467494,
        -0.46958842413557583
      ],
      "inlier_ratio": 1.0,
      "target_point": [
        0.41986997565659895,
        0.46862868231394494,
        -0.2905937933731826
      ],
      "fluorescence_mean": 0.02714152873844005,
      "health_status": "Excellent"
    },
    {
      "id": 10,
      "centroid": [
        0.30678191061677607,
        0.31110321036700544,
        -0.2530248925603669
      ],
      "normal": [
        -0.9180727139663937,
        -0.37726002464382874,
        0.12172660217108694
      ],
      "plane_equation": [
        -0.9180727139663937,
        -0.37726002464382874,
        0.12172660217108694,
        0.4298147665216477
      ],
      "inlier_ratio": 1.0,
      "target_point": [
        0.2149746392201367,
        0.27337720790262254,
        -0.24085223234325823
      ],
      "fluorescence_mean": 0.016771873817329818,
      "health_status": "Normal"
    }
  ]
}