{
  "timestamp": "2026-02-02T17:46:06.952049",
  "leaf_id": 1,
  "leaf_index": 0,
  "position": {
    "x": 0.4035375,
    "y": 0.2519125,
    "z": -0.165295
  },
  "camera_angles": {
    "pan": 22.231815233933933,
    "tilt": 211.7138926124745
  },
  "measurements": [
    0.0495,
    0.0367,
    0.0391,
    0.0483,
    0.0419,
    0.0393,
    0.0417,
    0.0399,
    0.038,
    0.0153,
    0.0146,
    0.0185,
    0.0138,
    0.0135,
    0.0133,
    0.0151,
    0.0137,
    0.0124,
    0.0121,
    0.0123,
    0.0126,
    0.0153,
    0.0121,
    0.0135,
    0.0103,
    0.0144,
    0.0183,
    0.0137,
    0.0131,
    0.0123,
    0.0131,
    0.0176,
    0.016,
    0.013,
    0.0071,
    0.0135,
    0.0142,
    0.014,
    0.0148,
    0.0133,
    0.014,
    0.0137,
    0.014,
    0.0156,
    0.0135,
    0.0139,
    0.0149,
    0.0137,
    0.0132,
    0.0132,
    0.0172,
    0.0151,
    0.0149,
    0.0148,
    0.0148,
    0.014,
    0.016,
    0.0144,
    0.0139,
    0.0172,
    0.0151,
    0.0142,
    0.014,
    0.0121,
    0.0133,
    0.0142,
    0.014,
    0.0146,
    0.0151,
    0.0133,
    0.0142,
    0.0146,
    0.0123,
    0.0133,
    0.0176,
    0.014,
    0.0142,
    0.0144,
    0.0156,
    0.0185,
    0.0117,
    0.0142
  ],
  "statistics": {
    "count": 82,
    "mean": 0.017167073170731708,
    "std": 0.008850107548995798,
    "min": 0.0071,
    "max": 0.0495
  },
  "timestamps": [
    0.0,
    0.2,
    0.4,
    0.6000000000000001,
    0.8,
    1.0,
    1.2000000000000002,
    1.4000000000000001,
    1.6,
    1.8,
    2.0,
    2.2,
    2.4000000000000004,
    2.6,
    2.8000000000000003,
    3.0,
    3.2,
    3.4000000000000004,
    3.6,
    3.8000000000000003,
    4.0,
    4.2,
    4.4,
    4.6000000000000005,
    4.800000000000001,
    5.0,
    5.2,
    5.4,
    5.6000000000000005,
    5.800000000000001,
    6.0,
    6.2,
    6.4,
    6.6000000000000005,
    6.800000000000001,
    7.0,
    7.2,
    7.4,
    7.6000000000000005,
    7.800000000000001,
    8.0,
    8.200000000000001,
    8.4,
    8.6,
    8.8,
    9.0,
    9.200000000000001,
    9.4,
    9.600000000000001,
    9.8,
    10.0,
    10.200000000000001,
    10.4,
    10.600000000000001,
    10.8,
    11.0,
    11.200000000000001,
    11.4,
    11.600000000000001,
    11.8,
    12.0,
    12.200000000000001,
    12.4,
    12.600000000000001,
    12.8,
    13.0,
    13.200000000000001,
    13.4,
    13.600000000000001,
    13.8,
    14.0,
    14.200000000000001,
    14.4,
    14.600000000000001,
    14.8,
    15.0,
    15.200000000000001,
    15.4,
    15.600000000000001,
    15.8,
    16.0,
    16.2
  ],
  "sequence_params": {
    "pulse_intensity": 35,
    "dark_intensity": 1,
    "pulse_duration": 1.6,
    "dark_duration": 15.0,
    "frequency": 5,
    "total_points": 82,
    "segments_count": 2
  },
  "timing_info": {
    "execution_time": 14.394325494766235,
    "theoretical_duration": 16.6,
    "start_timestamp": "2026-02-02T17:46:06.952021"
  },
  "device_info": "Ambit Fluorescence Sensor",
  "pattern_type": "leaf_targeting_measurement",
  "format_version": "2.0",
  "integration": "ROMI_leaf_targeting"
}