{
  "leaves": [
    {
      "id": 1,
      "centroid": [
        0.22843845336286872,
        0.32377996852806024,
        -0.28892677002124956
      ],
      "normal": [
        -0.26648826069418335,
        -0.4203074157303198,
        -0.8673670982890054
      ],
      "plane_equation": [
        -0.26648826069418335,
        -0.4203074157303198,
        -0.8673670982890054,
        -0.05364228618173253
      ],
      "inlier_ratio": 1.0,
      "target_point": [
        0.20178962729345037,
        0.28174922695502824,
        -0.3756634798501501
      ],
      "fluorescence_mean": 0.01735796619467818,
      "health_status": "Normal"
    },
    {
      "id": 2,
      "centroid": [
        0.41781000104001775,
        0.3080420676738985,
        -0.24402120661350987
      ],
      "normal": [
        0.973119652653893,
        -0.09165741286262177,
        -0.2112748453699528
      ],
      "plane_equation": [
        0.973119652653893,
        -0.09165741286262177,
        -0.2112748453699528,
        -0.42990032680580115
      ],
      "inlier_ratio": 1.0,
      "target_point": [
        0.5151219663054071,
        0.29887632638763634,
        -0.26514869115050516
      ],
      "fluorescence_mean": 0.00526486940965279,
      "health_status": "Critique"
    },
    {
      "id": 3,
      "centroid": [
        0.4027478980120792,
        0.3346220639444167,
        -0.22782270033513347
      ],
      "normal": [
        0.4586715604652097,
        0.8295225430314132,
        0.31861065616690676
      ],
      "plane_equation": [
        0.4586715604652096,
        0.829522543031413,
        0.3186106561669067,
        -0.38976760116799714
      ],
      "inlier_ratio": 0.989247311827957,
      "target_point": [
        0.4486150540586002,
        0.417574318247558,
        -0.1959616347184428
      ],
      "fluorescence_mean": 0.01326322725173746,
      "health_status": "Stress\u00e9"
    },
    {
      "id": 4,
      "centroid": [
        0.4134945004530575,
        0.3050804594936578,
        -0.2301106663501781
      ],
      "normal": [
        0.8914889587991462,
        -0.22708838734765177,
        0.39201824022748877
      ],
      "plane_equation": [
        0.8914889587991461,
        -0.22708838734765174,
        0.3920182402274887,
        -0.20937858299052692
      ],
      "inlier_ratio": 0.967391304347826,
      "target_point": [
        0.5026433963329722,
        0.2823716207588926,
        -0.19090884232742922
      ],
      "fluorescence_mean": 0.02204217450553829,
      "health_status": "Bon"
    },
    {
      "id": 5,
      "centroid": [
        0.3739327572678265,
        0.36489883104437276,
        -0.3099885226080292
      ],
      "normal": [
        -0.5552657813439051,
        0.4214262955838316,
        0.7169935769998443
      ],
      "plane_equation": [
        -0.555265781343905,
        0.42142629558383154,
        0.7169935769998442,
        0.27611388165812795
      ],
      "inlier_ratio": 1.0,
      "target_point": [
        0.31840617913343594,
        0.4070414606027559,
        -0.2382891649080448
      ],
      "fluorescence_mean": 0.013374406979609732,
      "health_status": "Stress\u00e9"
    },
    {
      "id": 6,
      "centroid": [
        0.400598889326348,
        0.3126436498235254,
        -0.213991029516739
      ],
      "normal": [
        -0.4548068235266049,
        -0.8263563943663097,
        0.332093153743873
      ],
      "plane_equation": [
        -0.4548068235266049,
        -0.8263563943663097,
        0.332093153743873,
        0.5116151434176059
      ],
      "inlier_ratio": 1.0,
      "target_point": [
        0.3551182069736875,
        0.2300080103868944,
        -0.18078171414235172
      ],
      "fluorescence_mean": 0.02020590124435526,
      "health_status": "Bon"
    },
    {
      "id": 7,
      "centroid": [
        0.39443764846716356,
        0.3246462745452995,
        -0.2143949884087292
      ],
      "normal": [
        0.24545326548506846,
        0.27316247078275124,
        0.9301263134749921
      ],
      "plane_equation": [
        0.24545326548506843,
        0.2731624707827512,
        0.930126313474992,
        0.013729900596111509
      ],
      "inlier_ratio": 0.9701492537313433,
      "target_point": [
        0.4189829750156704,
        0.3519625216235746,
        -0.12138235706122999
      ],
      "fluorescence_mean": 0.005620512696736262,
      "health_status": "Critique"
    },
    {
      "id": 8,
      "centroid": [
        0.22705719466247257,
        0.3307711789532313,
        -0.2988319851103283
      ],
      "normal": [
        -0.21886705146832272,
        0.3013422916564177,
        0.9280571302677553
      ],
      "plane_equation": [
        -0.2188670514683227,
        0.3013422916564176,
        0.9280571302677552,
        0.22735314816449045
      ],
      "inlier_ratio": 1.0,
      "target_point": [
        0.2051704895156403,
        0.3609054081188731,
        -0.20602627208355279
      ],
      "fluorescence_mean": 0.025182808368762282,
      "health_status": "Excellent"
    },
    {
      "id": 9,
      "centroid": [
        0.4119976692729526,
        0.31944531974969087,
        -0.2256042739307439
      ],
      "normal": [
        0.9078857322807143,
        0.24570998656547444,
        0.33966174294893053
      ],
      "plane_equation": [
        0.9078857322807143,
        0.24570998656547444,
        0.33966174294893053,
        -0.3759085699898779
      ],
      "inlier_ratio": 1.0,
      "target_point": [
        0.5027862425010241,
        0.3440163184062383,
        -0.19163809963585082
      ],
      "fluorescence_mean": 0.005054455200697595,
      "health_status": "Critique"
    },
    {
      "id": 10,
      "centroid": [
        0.4152109812606465,
        0.3152502897110852,
        -0.25288995931094344
      ],
      "normal": [
        0.9329397720908557,
        0.1997662087346278,
        -0.2995277007204102
      ],
      "plane_equation": [
        0.9329397720908557,
        0.1997662087346278,
        -0.2995277007204102,
        -0.5260907414526896
      ],
      "inlier_ratio": 1.0,
      "target_point": [
        0.5085049584697321,
        0.335226910584548,
        -0.28284272938298444
      ],
      "fluorescence_mean": 0.023954853607840134,
      "health_status": "Bon"
    },
    {
      "id": 11,
      "centroid": [
        0.38588730009590705,
        0.37389306178907067,
        -0.29255530383528733
      ],
      "normal": [
        0.9360090824260302,
        0.2611933730907203,
        -0.23593435415274466
      ],
      "plane_equation": [
        0.9360090824260302,
        0.2611933730907203,
        -0.23593435415274466,
        -0.527876254330871
      ],
      "inlier_ratio": 1.0,
      "target_point": [
        0.4794882083385101,
        0.4000123990981427,
        -0.3161487392505618
      ],
      "fluorescence_mean": 0.01148524501907103,
      "health_status": "Stress\u00e9"
    },
    {
      "id": 12,
      "centroid": [
        0.3587051033973694,
        0.3671367965638638,
        -0.31745672672986985
      ],
      "normal": [
        -0.9730887357869398,
        -0.045840821880591055,
        -0.22582500156954968
      ],
      "plane_equation": [
        -0.9730887357869398,
        -0.045840821880591055,
        -0.22582500156954968,
        0.2941920822703276
      ],
      "inlier_ratio": 1.0,
      "target_point": [
        0.2613962298186754,
        0.36255271437580466,
        -0.3400392268868248
      ],
      "fluorescence_mean": 0.021588302607173034,
      "health_status": "Bon"
    }
  ]
}