{
  "leaves": [
    {
      "id": 1,
      "centroid": [
        0.41781000104001775,
        0.3080420676738985,
        -0.24402120661350987
      ],
      "normal": [
        0.9714504923693593,
        -0.11933316075563287,
        -0.20504520872090548
      ],
      "plane_equation": [
        0.9714504923693593,
        -0.11933316075563287,
        -0.20504520872090548,
        -0.4192348906238701
      ],
      "inlier_ratio": 0.989247311827957,
      "target_point": [
        0.5149550502769537,
        0.2961087515983352,
        -0.26452572748560044
      ],
      "fluorescence_mean": 0.0066644017167501275,
      "health_status": "Critique"
    },
    {
      "id": 2,
      "centroid": [
        0.4134945004530575,
        0.3050804594936578,
        -0.2301106663501781
      ],
      "normal": [
        0.8914889587991462,
        -0.22708838734765177,
        0.39201824022748877
      ],
      "plane_equation": [
        0.8914889587991461,
        -0.22708838734765174,
        0.3920182402274887,
        -0.20937858299052692
      ],
      "inlier_ratio": 0.967391304347826,
      "target_point": [
        0.5026433963329722,
        0.2823716207588926,
        -0.19090884232742922
      ],
      "fluorescence_mean": 0.020827737736808405,
      "health_status": "Bon"
    },
    {
      "id": 3,
      "centroid": [
        0.22906794695005026,
        0.3214107588545917,
        -0.28811630035099917
      ],
      "normal": [
        -0.27711455557758713,
        0.9603571805386889,
        0.030358011707232836
      ],
      "plane_equation": [
        -0.2771145555775871,
        0.9603571805386888,
        0.030358011707232832,
        -0.23644442983316238
      ],
      "inlier_ratio": 1.0,
      "target_point": [
        0.20135649139229153,
        0.4174464769084606,
        -0.2850804991802759
      ],
      "fluorescence_mean": 0.006848349589497956,
      "health_status": "Critique"
    },
    {
      "id": 4,
      "centroid": [
        0.39928723301957636,
        0.3321273304960307,
        -0.22030791859416402
      ],
      "normal": [
        0.4079889086838469,
        0.5535758189729908,
        0.7260157457241174
      ],
      "plane_equation": [
        0.4079889086838469,
        0.5535758189729908,
        0.7260157457241174,
        -0.1868154036266331
      ],
      "inlier_ratio": 1.0,
      "target_point": [
        0.44008612388796103,
        0.38748491239332983,
        -0.14770634402175226
      ],
      "fluorescence_mean": 0.01325842723139306,
      "health_status": "Stress\u00e9"
    },
    {
      "id": 5,
      "centroid": [
        0.400598889326348,
        0.3126436498235254,
        -0.213991029516739
      ],
      "normal": [
        -0.4548068235266049,
        -0.8263563943663097,
        0.332093153743873
      ],
      "plane_equation": [
        -0.4548068235266049,
        -0.8263563943663097,
        0.332093153743873,
        0.5116151434176059
      ],
      "inlier_ratio": 1.0,
      "target_point": [
        0.3551182069736875,
        0.2300080103868944,
        -0.18078171414235172
      ],
      "fluorescence_mean": 0.006850202095511128,
      "health_status": "Critique"
    },
    {
      "id": 6,
      "centroid": [
        0.4080006001425571,
        0.33323996135445894,
        -0.23670545342515725
      ],
      "normal": [
        0.8057109144814151,
        0.5883287245711484,
        0.06855096009544707
      ],
      "plane_equation": [
        0.8057109144814151,
        0.5883287245711484,
        0.06855096009544707,
        -0.5085587919975109
      ],
      "inlier_ratio": 1.0,
      "target_point": [
        0.48857169159069863,
        0.39207283381157376,
        -0.22985035741561255
      ],
      "fluorescence_mean": 0.009489610424244253,
      "health_status": "Critique"
    },
    {
      "id": 7,
      "centroid": [
        0.39206982419845904,
        0.32389049200301473,
        -0.2134781099380331
      ],
      "normal": [
        -0.9229655554498906,
        -0.21486651563017917,
        0.31932266426613215
      ],
      "plane_equation": [
        -0.9229655554498906,
        -0.21486651563017917,
        0.31932266426613215,
        0.4996285633568149
      ],
      "inlier_ratio": 1.0,
      "target_point": [
        0.29977326865347,
        0.3024038404399968,
        -0.1815458435114199
      ],
      "fluorescence_mean": 0.025719658326295924,
      "health_status": "Excellent"
    },
    {
      "id": 8,
      "centroid": [
        0.3761267785144889,
        0.36252269537552545,
        -0.3068515088247216
      ],
      "normal": [
        -0.4923785829018878,
        0.42644037945633356,
        0.7587568344790492
      ],
      "plane_equation": [
        -0.4923785829018878,
        0.42644037945633356,
        0.7587568344790492,
        0.26342813390991016
      ],
      "inlier_ratio": 1.0,
      "target_point": [
        0.3268889202243001,
        0.4051667333211588,
        -0.2309758253768167
      ],
      "fluorescence_mean": 0.009010904873176118,
      "health_status": "Critique"
    },
    {
      "id": 9,
      "centroid": [
        0.4152109812606465,
        0.3152502897110852,
        -0.25288995931094344
      ],
      "normal": [
        0.9329397720908557,
        0.1997662087346278,
        -0.2995277007204102
      ],
      "plane_equation": [
        0.9329397720908557,
        0.1997662087346278,
        -0.2995277007204102,
        -0.5260907414526896
      ],
      "inlier_ratio": 1.0,
      "target_point": [
        0.5085049584697321,
        0.335226910584548,
        -0.28284272938298444
      ],
      "fluorescence_mean": 0.005800131728408718,
      "health_status": "Critique"
    },
    {
      "id": 10,
      "centroid": [
        0.2273318526836542,
        0.3282641057784741,
        -0.2906383039095463
      ],
      "normal": [
        -0.0454999454523281,
        0.7233097033753154,
        0.6890230968312663
      ],
      "plane_equation": [
        -0.0454999454523281,
        0.7233097033753154,
        0.6890230968312663,
        -0.02683652186516599
      ],
      "inlier_ratio": 1.0,
      "target_point": [
        0.22278185813842138,
        0.40059507611600564,
        -0.22173599422641968
      ],
      "fluorescence_mean": 0.021900025102039967,
      "health_status": "Bon"
    },
    {
      "id": 11,
      "centroid": [
        0.41127032276831177,
        0.3226319527939746,
        -0.22583480532232084
      ],
      "normal": [
        0.853433157559732,
        0.3362790746982348,
        0.3982062650156635
      ],
      "plane_equation": [
        0.853433157559732,
        0.3362790746982348,
        0.3982062650156635,
        -0.36955727038647196
      ],
      "inlier_ratio": 1.0,
      "target_point": [
        0.496613638524285,
        0.3562598602637981,
        -0.1860141788207545
      ],
      "fluorescence_mean": 0.01633259120974322,
      "health_status": "Normal"
    },
    {
      "id": 12,
      "centroid": [
        0.3862615128358205,
        0.3727608563171493,
        -0.2925528734922409
      ],
      "normal": [
        0.9564635689585377,
        0.1926510074711477,
        -0.21923282276029868
      ],
      "plane_equation": [
        0.9564635689585376,
        0.19265100747114766,
        -0.21923282276029865,
        -0.5053950118959198
      ],
      "inlier_ratio": 1.0,
      "target_point": [
        0.48190786973167427,
        0.3920259570642641,
        -0.31447615576827076
      ],
      "fluorescence_mean": 0.02237030539721801,
      "health_status": "Bon"
    },
    {
      "id": 13,
      "centroid": [
        0.22641739930425372,
        0.3334740766457149,
        -0.29984469158308846
      ],
      "normal": [
        -0.3463156236408849,
        -0.8869523475664916,
        0.3055830852133583
      ],
      "plane_equation": [
        -0.3463156236408849,
        -0.8869523475664916,
        0.3055830852133583,
        0.4658149639154929
      ],