{
  "leaves": [
    {
      "id": 1,
      "centroid": [
        0.335487422593143,
        0.3271977141362811,
        -0.12552351169629927
      ],
      "normal": [
        0.11794957436192616,
        0.15061941689218014,
        0.9815302792898954
      ],
      "plane_equation": [
        0.11794957436192616,
        0.15061941689218014,
        0.9815302792898954,
        0.0343521998824153
      ],
      "inlier_ratio": 1.0,
      "target_point": [
        0.34728238002933565,
        0.34225965582549916,
        -0.027370483767309717
      ],
      "fluorescence_mean": 0.02188717083171219,
      "health_status": "Bon"
    },
    {
      "id": 2,
      "centroid": [
        0.36732092445049813,
        0.3483202722641306,
        -0.3017232951221116
      ],
      "normal": [
        -0.931529698564849,
        -0.05698073894608029,
        -0.35917351806729897
      ],
      "plane_equation": [
        -0.9315296985648488,
        -0.05698073894608027,
        -0.3591735180672989,
        0.25303139271749797
      ],
      "inlier_ratio": 0.944954128440367,
      "target_point": [
        0.2741679545940132,
        0.34262219836952257,
        -0.3376406469288415
      ],
      "fluorescence_mean": 0.011379673317623216,
      "health_status": "Stress\u00e9"
    },
    {
      "id": 3,
      "centroid": [
        0.35267245653763557,
        0.4149761596350994,
        -0.24454984835629323
      ],
      "normal": [
        -0.9920604530238901,
        0.11735208665138952,
        -0.045216648533464014
      ],
      "plane_equation": [
        -0.9920604530238901,
        0.11735208665138952,
        -0.045216648533464014,
        0.29006447012682907
      ],
      "inlier_ratio": 0.9902912621359223,
      "target_point": [
        0.25346641123524655,
        0.4267113683002383,
        -0.24907151320963963
      ],
      "fluorescence_mean": 0.025276884951171367,
      "health_status": "Excellent"
    },
    {
      "id": 4,
      "centroid": [
        0.3524382679085982,
        0.40450690106341713,
        -0.2448910099895377
      ],
      "normal": [
        -0.9996575027436579,
        -0.011965581073545195,
        -0.023274494148875793
      ],
      "plane_equation": [
        -0.9996575027436578,
        -0.011965581073545194,
        -0.02327449414887579,
        0.35145800450917863
      ],
      "inlier_ratio": 1.0,
      "target_point": [
        0.2524725176342324,
        0.4033103429560626,
        -0.24721845940442527
      ],
      "fluorescence_mean": 0.011830215799838197,
      "health_status": "Stress\u00e9"
    },
    {
      "id": 5,
      "centroid": [
        0.3758089352161326,
        0.3131096065044403,
        -0.2725446680758862
      ],
      "normal": [
        0.13961697420003266,
        -0.9853203310960481,
        -0.09823922660527001
      ],
      "plane_equation": [
        0.13961697420003263,
        -0.985320331096048,
        -0.09823922660527,
        0.2292693773309308
      ],
      "inlier_ratio": 1.0,
      "target_point": [
        0.38977063263613587,
        0.2145775733948355,
        -0.2823685907364132
      ],
      "fluorescence_mean": 0.01629210976181895,
      "health_status": "Normal"
    },
    {
      "id": 6,
      "centroid": [
        0.40278043191541324,
        0.3195376033810052,
        -0.2643258175389333
      ],
      "normal": [
        0.6211546012268968,
        -0.7772935281898321,
        -0.09990862029303361
      ],
      "plane_equation": [
        0.6211546012268968,
        -0.7772935281898321,
        -0.09990862029303361,
        -0.028248813494662243
      ],
      "inlier_ratio": 0.9772727272727273,
      "target_point": [
        0.46489589203810294,
        0.24180825056202196,
        -0.2743166795682367
      ],
      "fluorescence_mean": 0.024563952601130843,
      "health_status": "Bon"
    },
    {
      "id": 7,
      "centroid": [
        0.3977397662543115,
        0.3165461853856132,
        -0.125073943021042
      ],
      "normal": [
        -0.03131868644863216,
        0.04342287494703656,
        0.9985657683950849
      ],
      "plane_equation": [
        -0.03131868644863215,
        0.043422874947036554,
        0.9985657683950848,
        0.12360589962351995
      ],
      "inlier_ratio": 1.0,
      "target_point": [
        0.3946078976094483,
        0.32088847288031686,
        -0.0252173661815335
      ],
      "fluorescence_mean": 0.027131032919442133,
      "health_status": "Excellent"
    },
    {
      "id": 8,
      "centroid": [
        0.4025578122586012,
        0.39964388236403464,
        -0.1250075907446444
      ],
      "normal": [
        -0.01898381915334582,
        -0.017736755363927523,
        0.9996624540911364
      ],
      "plane_equation": [
        -0.018983819153345818,
        -0.01773675536392752,
        0.9996624540911363,
        0.13969586542467657
      ],
      "inlier_ratio": 1.0,
      "target_point": [
        0.4006594303432666,
        0.3978702068276419,
        -0.025041345335530762
      ],
      "fluorescence_mean": 0.01832413726569232,
      "health_status": "Normal"
    },
    {
      "id": 9,
      "centroid": [
        0.3292560760463987,
        0.40034049366201674,
        -0.12494635603257588
      ],
      "normal": [
        0.0067929340878706964,
        -0.00696643804254,
        0.9999526612732611
      ],
      "plane_equation": [
        0.0067929340878706964,
        -0.00696643804254,
        0.9999526612732611,
        0.1254927736535728
      ],
      "inlier_ratio": 1.0,
      "target_point": [
        0.3299353694551858,
        0.39964384985776275,
        -0.02495108990524976
      ],
      "fluorescence_mean": 0.023344113900473265,
      "health_status": "Bon"
    },
    {
      "id": 10,
      "centroid": [
        0.4219379276037216,
        0.3582686407096458,
        -0.1257311296508168
      ],
      "normal": [
        -0.4206372109160439,
        0.03460424097562351,
        0.9065687416292669
      ],
      "plane_equation": [
        -0.4206372109160439,
        0.03460424097562351,
        0.9065687416292669,
        0.27906909066096663
      ],
      "inlier_ratio": 1.0,
      "target_point": [
        0.37987420651211723,
        0.3617290648072082,
        -0.03507425548789009
      ],
      "fluorescence_mean": 0.008278251522803322,
      "health_status": "Critique"
    },
    {
      "id": 11,
      "centroid": [
        0.5235713283220927,
        0.40132677207390466,
        -0.29684850871562957
      ],
      "normal": [
        0.9778623697324255,
        0.20534449336895366,
        0.04023462320356803
      ],
      "plane_equation": [
        0.9778623697324255,
        0.20534449336895366,
        0.04023462320356803,
        -0.5824473546271944
      ],
      "inlier_ratio": 1.0,
      "target_point": [
        0.6213575652953353,
        0.4218612214108,
        -0.29282504639527274
      ],
      "fluorescence_mean": 0.014848622037119577,
      "health_status": "Stress\u00e9"
    },
    {
      "id": 12,
      "centroid": [
        0.3524117171764374,
        0.41001093448424825,
        -0.2375620132198139
      ],
      "normal": [
        -0.9984128022534852,
        0.02690441469095306,
        0.049477558210571905
      ],
      "plane_equation": [
        -0.9984128022534852,
        0.02690441469095306,
        0.049477558210571905,
        0.3525752542216041
      ],
      "inlier_ratio": 1.0,
      "target_point": [
        0.25257043695108883,
        0.41270137595334355,
        -0.2326142573987567
      ],
      "fluorescence_mean": 0.024039419016844584,
      "health_status": "Bon"
    },
    {
      "id": 13,
      "centroid": [
        0.35793551996998163,
        0.4247745495775472,
        -0.23589761360831882
      ],
      "normal": [
        -0.2364173772953662,
        0.9715318158271299,
        -0.015256295370123256
      ],