{
  "timestamp": "2026-02-24T16:18:45.162769",
  "leaf_id": 8,
  "leaf_index": 0,
  "position": {
    "x": 0.2155,
    "y": 0.2959375,
    "z": -0.3076125
  },
  "camera_angles": {
    "pan": 274.40383404580814,
    "tilt": 206.5480892059811
  },
  "measurements": [
    0.079,
    0.0794,
    0.0836,
    0.0838,
    0.0838,
    0.0866,
    0.0848,
    0.0901,
    0.0876,
    0.088,
    0.0871,
    0.0819,
    0.0876,
    0.0859,
    0.0882,
    0.0885,
    0.088,
    0.0861,
    0.0922,
    0.0899,
    0.0861,
    0.088,
    0.0948,
    0.0889,
    0.0882,
    0.139,
    0.3038,
    0.3069,
    0.3088,
    0.3056,
    0.3029,
    0.3022,
    0.2981,
    0.2994,
    0.297,
    0.2988,
    0.298,
    0.3012,
    0.3044,
    0.3014,
    0.3012,
    0.3009,
    0.2965,
    0.301,
    0.3004,
    0.2995,
    0.2993,
    0.299,
    0.3031,
    0.3015,
    0.2988,
    0.2967,
    0.2958,
    0.2953,
    0.2931,
    0.295,
    0.2975,
    0.2937,
    0.2963,
    0.2932,
    0.2928,
    0.2903,
    0.2931,
    0.2949,
    0.2914,
    0.2909,
    0.2905,
    0.2909,
    0.2872,
    0.2899,
    0.2868,
    0.288,
    0.2869,
    0.2858,
    0.2861,
    0.2841,
    0.2837,
    0.282,
    0.2846,
    0.2835,
    0.2824,
    0.2842,
    0.2812,
    0.2739,
    0.2795,
    0.279,
    0.2786,
    0.2791,
    0.2785,
    0.2778,
    0.273,
    0.2752,
    0.2742,
    0.2749,
    0.2746,
    0.2727,
    0.2755,
    0.2736,
    0.2737,
    0.2709,
    0.2681,
    0.2689,
    0.2654,
    0.2683,
    0.2651,
    0.2678,
    0.2596,
    0.2645,
    0.264,
    0.2635,
    0.2637,
    0.2631,
    0.2598,
    0.2644,
    0.2583,
    0.2597,
    0.2606,
    0.2596,
    0.2584,
    0.259,
    0.2556,
    0.2557,
    0.2547,
    0.2535,
    0.2538,
    0.2537,
    0.2506,
    0.2491,
    0.25,
    0.2499,
    0.2498,
    0.2489,
    0.2451,
    0.2451,
    0.2471,
    0.2465,
    0.2425,
    0.2407,
    0.2464,
    0.2406,
    0.243,
    0.2386,
    0.237,
    0.2407,
    0.2354,
    0.2377,
    0.2348,
    0.2367,
    0.2324,
    0.2348,
    0.2333,
    0.2347,
    0.2299,
    0.2295,
    0.2301,
    0.2276,
    0.228,
    0.2248,
    0.2272,
    0.2273,
    0.2288,
    0.2242,
    0.2212,
    0.2209,
    0.2219,
    0.2219,
    0.2178,
    0.2192,
    0.2195,
    0.2145,
    0.2166,
    0.2216,
    0.2165,
    0.2133,
    0.2155,
    0.2127,
    0.2087,
    0.2097,
    0.2104,
    0.2099,
    0.21,
    0.2077,
    0.2092,
    0.2047,
    0.2057,
    0.2054,
    0.2015,
    0.2035,
    0.1988,
    0.2007,
    0.2028,
    0.2006,
    0.1934,
    0.1995,
    0.198,
    0.1962,
    0.1972,
    0.1966,
    0.1945,
    0.1967,
    0.1938,
    0.1953,
    0.193,
    0.19,
    0.1915,
    0.1935,
    0.1939,
    0.1935,
    0.1899,
    0.1827,
    0.1872,
    0.1922,
    0.186,
    0.1876,
    0.1871,
    0.1839,
    0.1845,
    0.1863,
    0.1809,
    0.1817,
    0.1821,
    0.1811,
    0.1815,
    0.1834,
    0.1797,
    0.1816,
    0.1778,
    0.1807,
    0.1789,
    0.1771,
    0.1786,
    0.1767,
    0.1771,
    0.1767,
    0.1759,
    0.1755,
    0.1754,
    0.1757,
    0.1748,
    0.172,
    0.1739,
    0.1737,
    0.1724,
    0.1691,
    0.1718,
    0.1707,
    0.1745,
    0.1705,
    0.1686,
    0.1693,
    0.1691,
    0.1703,
    0.1684,
    0.1674,
    0.1664,
    0.1677,
    0.1674,
    0.1651,
    0.1663,
    0.1628,
    0.1655,
    0.1655,
    0.166,
    0.1655,
    0.1637,
    0.1643,
    0.1638,
    0.1628,
    0.1624,
    0.1613,
    0.1621,
    0.1672,
    0.1611,
    0.16,
    0.1623,
    0.1593,
    0.1592,
    0.16,
    0.1643,
    0.1592,
    0.1607,
    0.1634,
    0.1619,
    0.1583,
    0.1573,
    0.1586,
    0.1586,
    0.157,
    0.1576,
    0.1573,
    0.1575,
    0.1564,
    0.1572,
    0.1571,
    0.1563,
    0.1534,
    0.1565,
    0.156,
    0.1553,
    0.1567,
    0.1555,
    0.1548,
    0.1542,
    0.1561,
    0.1555,
    0.1543,
    0.1534,
    0.1535,
    0.1539,
    0.1595,
    0.1537,
    0.1542,
    0.1511,
    0.1536,
    0.1514,
    0.1512,
    0.1525,
    0.1512,
    0.1502,
    0.1509,
    0.1485,
    0.1504,
    0.1477,
    0.1489,
    0.1506,
    0.1445,
    0.1065,
    0.1116,
    0.111,
    0.1027,
    0.1097,
    0.1084,
    0.1122,
    0.1097,
    0.1086,
    0.1105,
    0.1077,
    0.1075,
    0.1072,
    0.1087,
    0.1043,
    0.104,
    0.1078,
    0.1055,
    0.1039,
    0.1046,
    0.1028,
    0.1041,
    0.1022,
    0.1037,
    0.1032,
    0.1007,
    0.104,
    0.1038,
    0.1022,
    0.103,
    0.1031,
    0.0998,
    0.1011,
    0.1023,
    0.1007,
    0.1025,
    0.101,
    0.1017,
    0.0983,
    0.1017,
    0.1003,
    0.1006,
    0.0997,
    0.0999,
    0.1026,
    0.1002,
    0.1007,
    0.0996,
    0.0981,
    0.1003,
    0.0988,
    0.0979,
    0.0971,
    0.098,
    0.0973,
    0.0979,
    0.0971,
    0.0973,
    0.0958,
    0.0953,
    0.0992,
    0.0944,
    0.0966,
    0.0961,
    0.096,
    0.0936,
    0.0951,
    0.0975,
    0.0981,
    0.0981,
    0.0933,
    0.095,
    0.0979,
    0.093,
    0.0925,
    0.0939,
    0.0939,
    0.0942,
    0.0944,
    0.0928,
    0.0947,
    0.0956,
    0.0948,
    0.0939,
    0.0942,
    0.0924,
    0.0903,
    0.09,
    0.0924,
    0.09,
    0.0933,
    0.0911,
    0.0903,
    0.0946,
    0.0947,
    0.0899,
    0.0967,
    0.0922,
    0.0918,
    0.0899,
    0.092,
    0.0926,
    0.093,
    0.0894,
    0.091,
    0.0917,
    0.093,
    0.088,
    0.0944,
    0.0913,
    0.0933,
    0.0896,
    0.0939,
    0.09,
    0.092,
    0.0906,
    0.09,
    0.089,
    0.0898,
    0.0912,
    0.0914,
    0.0897,
    0.0907,
    0.0864,
    0.0871,
    0.0876,
    0.0876,
    0.0899,
    0.0897,
    0.0928,
    0.0903,
    0.0858,
    0.088,
    0.0822,
    0.0868,
    0.086,
    0.0897,
    0.0894,
    0.0889,
    0.0882,
    0.0904,
    0.0905,
    0.0893,
    0.0875,
    0.0886,
    0.0884,
    0.0887,
    0.0906,
    0.0884,
    0.0893,
    0.0879,
    0.0858,
    0.0896,
    0.0896,
    0.0919,
    0.0876,
    0.0895,
    0.0886,
    0.0863,
    0.0879,
    0.091,
    0.0874,
    0.0883,
    0.0878,
    0.0884,
    0.088,
    0.089,
    0.0883,
    0.0881,
    0.0852,
    0.0893,
    0.0887,
    0.0889,
    0.0864,
    0.0837,
    0.088,
    0.0878,
    0.0866,
    0.0877,
    0.0886,
    0.0894,
    0.0861,
    0.0878,
    0.0887,
    0.0879,
    0.0891,
    0.0872,
    0.0872,
    0.0817,
    0.0861,
    0.0903,
    0.0886,
    0.0877,
    0.0888,
    0.0882,
    0.0831,
    0.0867,
    0.0863,
    0.0851,
    0.0887,
    0.09,
    0.0877,
    0.0893,
    0.0857,
    0.0905,
    0.0876,
    0.089,
    0.0893,
    0.0874,
    0.0869,
    0.0867,
    0.0865,
    0.0866,
    0.0879,
    0.0854,
    0.0832,
    0.0881,
    0.0849,
    0.0892,
    0.0876,
    0.0905,
    0.0856,
    0.0861,
    0.0837,
    0.0887,
    0.0863,
    0.087,
    0.0883,
    0.088,
    0.0887,
    0.0887,
    0.0873,
    0.0873,
    0.0868,
    0.0877,
    0.0874,
    0.0872,
    0.09,
    0.0889,
    0.0883,
    0.0837,
    0.0878,
    0.0885,
    0.0884,
    0.0882,
    0.0882,
    0.0879,
    0.0889,
    0.0894,
    0.093,
    0.0889,
    0.0905,
    0.0884,
    0.087,
    0.0874,
    0.0884,
    0.0884,
    0.0876,
    0.0867,
    0.0884,
    0.0901,
    0.0879,
    0.0875,
    0.0919,
    0.0869,
    0.0845,
    0.0862,
    0.0909,
    0.0871,
    0.0895,
    0.0864,
    0.0907,
    0.0892,
    0.0891,
    0.0972,
    0.0845,
    0.0874,
    0.0886,
    0.0874,
    0.088,
    0.085,
    0.0881,
    0.0899,
    0.0895,
    0.088,
    0.092,
    0.088,
    0.0885,
    0.0882,
    0.0758,
    0.0894,
    0.0869,
    0.0942,
    0.0883,
    0.0874,
    0.088,
    0.0861,
    0.0888,
    0.0885
  ],
  "statistics": {
    "count": 625,
    "mean": 0.1530592,
    "std": 0.07344034367675577,
    "min": 0.0758,
    "max": 0.3088
  },