{
  "leaves": [
    {
      "id": 1,
      "centroid": [
        0.46124486804008485,
        0.4190187031030655,
        -0.15375635892152786
      ],
      "normal": [
        0.9265735654793917,
        -0.08438287440843177,
        0.36652552197818133
      ],
      "plane_equation": [
        0.9265735654793917,
        -0.08438287440843177,
        0.36652552197818133,
        -0.3356636696290654
      ],
      "inlier_ratio": 1.0,
      "target_point": [
        0.5539022245880241,
        0.4105804156622223,
        -0.11710380672370974
      ]
    },
    {
      "id": 2,
      "centroid": [
        0.4563052862882614,
        0.29507030189037325,
        -0.1669919788837433
      ],
      "normal": [
        0.9768563349537314,
        0.020696694812835342,
        0.21289280796820695
      ],
      "plane_equation": [
        0.9768563349537313,
        0.02069669481283534,
        0.21289280796820692,
        -0.41630029827739273
      ],
      "inlier_ratio": 1.0,
      "target_point": [
        0.5539909197836346,
        0.29713997137165676,
        -0.1457026980869226
      ]
    },
    {
      "id": 3,
      "centroid": [
        0.41111135482788086,
        0.42282297772665817,
        -0.2293339197834333
      ],
      "normal": [
        -0.20380233640839882,
        -0.6168675997943497,
        0.7602229751845414
      ],
      "plane_equation": [
        -0.20380233640839882,
        -0.6168675997943497,
        0.7602229751845414,
        0.5189561648545824
      ],
      "inlier_ratio": 1.0,
      "target_point": [
        0.39073112118704095,
        0.3611362177472232,
        -0.15331162226497913
      ]
    },
    {
      "id": 4,
      "centroid": [
        0.4531123439470927,
        0.4299329093524388,
        -0.15148731569449106
      ],
      "normal": [
        0.7974020047215273,
        -0.011375847393281803,
        0.603341224318523
      ],
      "plane_equation": [
        0.7974020047215271,
        -0.011375847393281801,
        0.6033412243185229,
        -0.265023297741498
      ],
      "inlier_ratio": 1.0,
      "target_point": [
        0.5328525444192455,
        0.4287953246131106,
        -0.09115319326263877
      ]
    }
  ]
}