{
  "leaves": [
    {
      "id": 1,
      "centroid": [
        0.382282555103302,
        0.3126884605547394,
        -0.23268169601156255
      ],
      "normal": [
        0.808236188429057,
        -0.4604192365780557,
        0.3671081452413584
      ],
      "plane_equation": [
        0.808236188429057,
        -0.4604192365780557,
        0.3671081452413584,
        -0.0795874670898148
      ],
      "inlier_ratio": 1.0,
      "target_point": [
        0.4631061739462077,
        0.26664653689693385,
        -0.1959708814874267
      ],
      "fluorescence_mean": 0.013150251138133558,
      "health_status": "Stress\u00e9"
    },
    {
      "id": 2,
      "centroid": [
        0.36668795380327435,
        0.37584611111217076,
        -0.30537080963452656
      ],
      "normal": [
        -0.3331756241859011,
        0.5747648385045668,
        0.7474218245857921
      ],
      "plane_equation": [
        -0.3331756241859011,
        0.5747648385045668,
        0.7474218245857921,
        0.13445300423187664
      ],
      "inlier_ratio": 0.9888888888888889,
      "target_point": [
        0.3333703913846842,
        0.4333225949626274,
        -0.23062862717594734
      ],
      "fluorescence_mean": 0.005661468726342715,
      "health_status": "Critique"
    },
    {
      "id": 3,
      "centroid": [
        0.38123152248653364,
        0.3061748010876738,
        -0.24943321924886586
      ],
      "normal": [
        0.806924131397478,
        -0.588316030903868,
        -0.052513750103613935
      ],
      "plane_equation": [
        0.806924131397478,
        -0.588316030903868,
        -0.052513750103613935,
        -0.14059604514827762
      ],
      "inlier_ratio": 1.0,
      "target_point": [
        0.4619239356262814,
        0.24734319799728702,
        -0.25468459425922724
      ],
      "fluorescence_mean": 0.0065097777182029455,
      "health_status": "Critique"
    },
    {
      "id": 4,
      "centroid": [
        0.3806823541720708,
        0.33363519112269086,
        -0.22179878676931064
      ],
      "normal": [
        0.6503069022570075,
        0.1563256008386652,
        0.7434132359591974
      ],
      "plane_equation": [
        0.6503069022570075,
        0.1563256008386652,
        0.7434132359591974,
        -0.13482793039472468
      ],
      "inlier_ratio": 1.0,
      "target_point": [
        0.44571304439777154,
        0.3492677512065574,
        -0.1474574631733909
      ],
      "fluorescence_mean": 0.017355850708516703,
      "health_status": "Normal"
    },
    {
      "id": 5,
      "centroid": [
        0.38718240625328487,
        0.32232171462641823,
        -0.2556847867866357
      ],
      "normal": [
        0.9601338995281665,
        -0.054816857671175875,
        -0.2741131282735192
      ],
      "plane_equation": [
        0.9601338995281665,
        -0.054816857671175875,
        -0.2741131282735192,
        -0.42416484674769195
      ],
      "inlier_ratio": 1.0,
      "target_point": [
        0.48319579620610154,
        0.3168400288593006,
        -0.28309609961398763
      ],
      "fluorescence_mean": 0.011342110464617368,
      "health_status": "Stress\u00e9"
    },
    {
      "id": 6,
      "centroid": [
        0.3779338151216507,
        0.3995125486570246,
        -0.2969242001281065
      ],
      "normal": [
        -0.3438487925373757,
        0.9163421386647688,
        -0.20514651539294185
      ],
      "plane_equation": [
        -0.34384879253737566,
        0.9163421386647687,
        -0.20514651539294182,
        -0.29705106226328454
      ],
      "inlier_ratio": 1.0,
      "target_point": [
        0.34354893586791313,
        0.49114676252350153,
        -0.3174388516674007
      ],
      "fluorescence_mean": 0.025769037894138615,
      "health_status": "Excellent"
    },
    {
      "id": 7,
      "centroid": [
        0.37949271763072295,
        0.3811793248443043,
        -0.2953912046025781
      ],
      "normal": [
        -0.8303538536711808,
        0.23303996242031016,
        0.5061668238916492
      ],
      "plane_equation": [
        -0.8303538536711808,
        0.23303996242031016,
        0.5061668238916492,
        0.3758004528269195
      ],
      "inlier_ratio": 1.0,
      "target_point": [
        0.2964573322636049,
        0.4044833210863353,
        -0.2447745222134132
      ],
      "fluorescence_mean": 0.022646680270660236,
      "health_status": "Bon"
    },
    {
      "id": 8,
      "centroid": [
        0.372157492181834,
        0.3024817564908196,
        -0.23239856958389282
      ],
      "normal": [
        0.17615719021764953,
        -0.9279143155873523,
        0.32854781579349845
      ],
      "plane_equation": [
        0.1761571902176495,
        -0.9279143155873522,
        0.3285478157934984,
        0.29147297634096153
      ],
      "inlier_ratio": 1.0,
      "target_point": [
        0.389773211203599,
        0.20969032493208437,
        -0.19954378800454298
      ],
      "fluorescence_mean": 0.022416449795430525,
      "health_status": "Bon"
    },
    {
      "id": 9,
      "centroid": [
        0.37225734256207943,
        0.3922274364158511,
        -0.30847729183733463
      ],
      "normal": [
        0.9018500120253712,
        -0.06610596058510246,
        -0.42696200976779985
      ],
      "plane_equation": [
        0.9018500120253712,
        -0.06610596058510246,
        -0.42696200976779985,
        -0.44149980190463856
      ],
      "inlier_ratio": 1.0,
      "target_point": [
        0.46244234376461657,
        0.3856168403573409,
        -0.35117349281411464
      ],
      "fluorescence_mean": 0.015349742327424531,
      "health_status": "Normal"
    },
    {
      "id": 10,
      "centroid": [
        0.3868876428439699,
        0.332042140179667,
        -0.23140313245099167
      ],
      "normal": [
        0.9356273219134194,
        0.0806084106887807,
        0.3436623322614102
      ],
      "plane_equation": [
        0.9356273219134194,
        0.0806084106887807,
        0.3436623322614102,
        -0.3092234981663795
      ],
      "inlier_ratio": 1.0,
      "target_point": [
        0.48045037503531185,
        0.34010298124854504,
        -0.19703689922485065
      ],
      "fluorescence_mean": 0.017465031706376522,
      "health_status": "Normal"
    },
    {
      "id": 11,
      "centroid": [
        0.3500702411964022,
        0.3862567050703641,
        -0.2205216160108303
      ],
      "normal": [
        0.07499932349632032,
        0.368329292376398,
        0.9266653300154248
      ],
      "plane_equation": [
        0.07499932349632032,
        0.368329292376398,
        0.9266653300154248,
        0.03582504595608076
      ],
      "inlier_ratio": 1.0,
      "target_point": [
        0.3575701735460342,
        0.4230896343080039,
        -0.12785508300928783
      ],
      "fluorescence_mean": 0.014223176028627705,
      "health_status": "Stress\u00e9"
    },
    {
      "id": 12,
      "centroid": [
        0.36042079010180067,
        0.39327724065099445,
        -0.22578890302351542
      ],
      "normal": [
        0.3930629027223902,
        0.5476489619840453,
        0.7386353423315504
      ],
      "plane_equation": [
        0.3930629027223902,
        0.5476489619840453,
        0.7386353423315504,
        -0.1902702508939382
      ],
      "inlier_ratio": 1.0,
      "target_point": [
        0.3997270803740397,
        0.448042136849399,
        -0.1519253687903604
      ],
      "fluorescence_mean": 0.019727716471044602,
      "health_status": "Normal"
    }
  ]
}