{
  "leaves": [
    {
      "id": 1,
      "centroid": [
        0.335487422593143,
        0.3271977141362811,
        -0.12552351169629927
      ],
      "normal": [
        0.11794957436192616,
        0.15061941689218014,
        0.9815302792898954
      ],
      "plane_equation": [
        0.11794957436192616,
        0.15061941689218014,
        0.9815302792898954,
        0.0343521998824153
      ],
      "inlier_ratio": 1.0,
      "target_point": [
        0.34728238002933565,
        0.34225965582549916,
        -0.027370483767309717
      ],
      "fluorescence_mean": 0.01520322959498158,
      "health_status": "Normal"
    },
    {
      "id": 2,
      "centroid": [
        0.37678412702477093,
        0.3136623252942724,
        -0.2743414385804852
      ],
      "normal": [
        0.26018424324748773,
        -0.9586673734780359,
        -0.11515653083718853
      ],
      "plane_equation": [
        0.26018424324748773,
        -0.9586673734780359,
        -0.11515653083718853,
        0.17107233625945578
      ],
      "inlier_ratio": 1.0,
      "target_point": [
        0.4028025513495197,
        0.2177955879464688,
        -0.2858570916642041
      ],
      "fluorescence_mean": 0.02731638966721982,
      "health_status": "Excellent"
    },
    {
      "id": 3,
      "centroid": [
        0.35393786268389743,
        0.39809035445037094,
        -0.24213024568946465
      ],
      "normal": [
        -0.9430784436437765,
        -0.3290876937486833,
        0.04800353067853756
      ],
      "plane_equation": [
        -0.9430784436437764,
        -0.32908769374868324,
        0.048003530678537555,
        0.4764209120133591
      ],
      "inlier_ratio": 1.0,
      "target_point": [
        0.25963001831951976,
        0.36518158507550263,
        -0.2373298926216109
      ],
      "fluorescence_mean": 0.026029235115214284,
      "health_status": "Excellent"
    },
    {
      "id": 4,
      "centroid": [
        0.40278043191541324,
        0.3195376033810052,
        -0.2643258175389333
      ],
      "normal": [
        0.6290800290210414,
        -0.7698077403453836,
        -0.10795536110457965
      ],
      "plane_equation": [
        0.6290800290210414,
        -0.7698077403453836,
        -0.10795536110457965,
        -0.03593399446602356
      ],
      "inlier_ratio": 1.0,
      "target_point": [
        0.46568843481751737,
        0.24255682934646683,
        -0.2751213536493913
      ],
      "fluorescence_mean": 0.014489877518816804,
      "health_status": "Stress\u00e9"
    },
    {
      "id": 5,
      "centroid": [
        0.3527245843275027,
        0.4154272238639268,
        -0.24493864212523808
      ],
      "normal": [
        -0.9867856593806251,
        0.15819521381755605,
        -0.03504763566865552
      ],
      "plane_equation": [
        -0.986785659380625,
        0.15819521381755602,
        -0.035047635668655513,
        0.27376044273020345
      ],
      "inlier_ratio": 1.0,
      "target_point": [
        0.2540460183894402,
        0.4312467452456824,
        -0.24844340569210363
      ],
      "fluorescence_mean": 0.027756918651237802,
      "health_status": "Excellent"
    },
    {
      "id": 6,
      "centroid": [
        0.3977397662543115,
        0.3165461853856132,
        -0.125073943021042
      ],
      "normal": [
        -0.03131868644863216,
        0.04342287494703656,
        0.9985657683950849
      ],
      "plane_equation": [
        -0.03131868644863215,
        0.043422874947036554,
        0.9985657683950848,
        0.12360589962351995
      ],
      "inlier_ratio": 1.0,
      "target_point": [
        0.3946078976094483,
        0.32088847288031686,
        -0.0252173661815335
      ],
      "fluorescence_mean": 0.0065109465099837905,
      "health_status": "Critique"
    },
    {
      "id": 7,
      "centroid": [
        0.3293055206128996,
        0.399870609992171,
        -0.12503122915960338
      ],
      "normal": [
        0.042888208941309264,
        -0.04444208754393926,
        0.9980909289180738
      ],
      "plane_equation": [
        0.042888208941309264,
        -0.04444208754393926,
        0.9980909289180738,
        0.12844029633762488
      ],
      "inlier_ratio": 1.0,
      "target_point": [
        0.3335943415070305,
        0.39542640123777706,
        -0.025222136267795986
      ],
      "fluorescence_mean": 0.02845057037252665,
      "health_status": "Excellent"
    },
    {
      "id": 8,
      "centroid": [
        0.4219379276037216,
        0.3582686407096458,
        -0.1257311296508168
      ],
      "normal": [
        -0.4206372109160439,
        0.03460424097562351,
        0.9065687416292669
      ],
      "plane_equation": [
        -0.4206372109160439,
        0.03460424097562351,
        0.9065687416292669,
        0.27906909066096663
      ],
      "inlier_ratio": 1.0,
      "target_point": [
        0.37987420651211723,
        0.3617290648072082,
        -0.03507425548789009
      ],
      "fluorescence_mean": 0.013909560558689738,
      "health_status": "Stress\u00e9"
    },
    {
      "id": 9,
      "centroid": [
        0.3659952571467748,
        0.3431468355277228,
        -0.2983276129715026
      ],
      "normal": [
        -0.9331188588990734,
        -0.1261632727203808,
        -0.33670762358962736
      ],
      "plane_equation": [
        -0.9331188588990734,
        -0.1261632727203808,
        -0.33670762358962736,
        0.28436042289029045
      ],
      "inlier_ratio": 1.0,
      "target_point": [
        0.2726833712568674,
        0.3305305082556847,
        -0.33199837533046533
      ],
      "fluorescence_mean": 0.022047932736608496,
      "health_status": "Bon"
    },
    {
      "id": 10,
      "centroid": [
        0.5235713283220927,
        0.40132677207390466,
        -0.29684850871562957
      ],
      "normal": [
        0.9778623697324255,
        0.20534449336895366,
        0.04023462320356803
      ],
      "plane_equation": [
        0.9778623697324255,
        0.20534449336895366,
        0.04023462320356803,
        -0.5824473546271944
      ],
      "inlier_ratio": 1.0,
      "target_point": [
        0.6213575652953353,
        0.4218612214108,
        -0.29282504639527274
      ],
      "fluorescence_mean": 0.02599927158710996,
      "health_status": "Excellent"
    },
    {
      "id": 11,
      "centroid": [
        0.3524034197131793,
        0.41040883858998617,
        -0.23799375394980113
      ],
      "normal": [
        -0.998692395942164,
        0.020757005222132585,
        0.04671878660141488
      ],
      "plane_equation": [
        -0.998692395942164,
        0.020757005222132585,
        0.04671878660141488,
        0.3545425365689957
      ],
      "inlier_ratio": 1.0,
      "target_point": [
        0.2525341801189629,
        0.4124845391121994,
        -0.23332187528965964
      ],
      "fluorescence_mean": 0.016190886822996246,
      "health_status": "Normal"
    },
    {
      "id": 12,
      "centroid": [
        0.4102505408881003,
        0.39373117371609334,
        -0.1249833159279405
      ],
      "normal": [
        -0.06703744663718361,
        -0.047019620188992965,
        0.9966419297148047
      ],
      "plane_equation": [
        -0.0670374466371836,
        -0.04701962018899296,
        0.9966419297148046,
        0.17057885215593654
      ],
      "inlier_ratio": 1.0,
      "target_point": [
        0.40354679622438194,
        0.38902921169719407,
        -0.025319122956460022
      ],
      "fluorescence_mean": 0.02825495812162126,
      "health_status": "Excellent"
    },
    {
      "id": 13,
      "centroid": [
        0.3526311135082914,
        0.40655372174162613,
        -0.24777109502700337
      ],
      "normal": [
        -0.9916292762335365,
        -0.09336122080475912,
        -0.08919114847560655
      ],