{
  "leaves": [
    {
      "id": 1,
      "centroid": [
        0.38115338937750143,
        0.4343245069957474,
        -0.25628580369995635
      ],
      "normal": [
        0.5892821132282493,
        0.29591222150576835,
        0.7517862383635192
      ],
      "plane_equation": [
        0.5892821132282492,
        0.2959122215057683,
        0.7517862383635191,
        -0.16045666416643148
      ],
      "inlier_ratio": 1.0,
      "target_point": [
        0.44008160070032637,
        0.46391572914632423,
        -0.18110717986360442
      ],
      "fluorescence_mean": 0.007535089416100783,
      "health_status": "Critique"
    },
    {
      "id": 2,
      "centroid": [
        0.3087740666141697,
        0.4279154898489223,
        -0.26349379063821304
      ],
      "normal": [
        -0.31360490668713364,
        0.5009441261825835,
        0.8066640843281185
      ],
      "plane_equation": [
        -0.31360490668713364,
        0.5009441261825835,
        0.8066640843281185,
        0.09502228855690198
      ],
      "inlier_ratio": 1.0,
      "target_point": [
        0.2774135759454563,
        0.47800990246718067,
        -0.18282738220540118
      ],
      "fluorescence_mean": 0.005946827784552021,
      "health_status": "Critique"
    },
    {
      "id": 3,
      "centroid": [
        0.29886660120066477,
        0.37359656165627875,
        -0.26294384353301103
      ],
      "normal": [
        -0.9815366192386495,
        -0.02846348441681478,
        0.18914464081336285
      ],
      "plane_equation": [
        -0.9815366192386495,
        -0.02846348441681478,
        0.18914464081336285,
        0.3536452726322744
      ],
      "inlier_ratio": 0.9882352941176471,
      "target_point": [
        0.2007129392767998,
        0.3707502132145973,
        -0.24402937945167474
      ],
      "fluorescence_mean": 0.012441271239974374,
      "health_status": "Stress\u00e9"
    },
    {
      "id": 4,
      "centroid": [
        0.3957542324767393,
        0.43232312097268943,
        -0.2716383537825416
      ],
      "normal": [
        0.8693822735679517,
        0.4011295090985839,
        0.2885646883042835
      ],
      "plane_equation": [
        0.8693822735679517,
        0.4011295090985839,
        0.2885646883042835,
        -0.4390940388017622
      ],
      "inlier_ratio": 1.0,
      "target_point": [
        0.4826924598335345,
        0.4724360718825478,
        -0.24278188495211322
      ],
      "fluorescence_mean": 0.018102007344852924,
      "health_status": "Normal"
    },
    {
      "id": 5,
      "centroid": [
        0.45782158554416813,
        0.3096659252904866,
        -0.2703184563003174
      ],
      "normal": [
        0.8945633458126206,
        0.10721129695866954,
        0.4338918737807492
      ],
      "plane_equation": [
        0.8945633458126206,
        0.10721129695866954,
        0.4338918737807492,
        -0.3254611133022652
      ],
      "inlier_ratio": 1.0,
      "target_point": [
        0.5472779201254302,
        0.32038705498635356,
        -0.2269292689222425
      ],
      "fluorescence_mean": 0.027201355987096908,
      "health_status": "Excellent"
    },
    {
      "id": 6,
      "centroid": [
        0.4308846890926361,
        0.3160712399653026,
        -0.24536631980112622
      ],
      "normal": [
        0.6030229354709298,
        0.23408768877501948,
        0.76260493917886
      ],
      "plane_equation": [
        0.6030229354709298,
        0.23408768877501948,
        0.76260493917886,
        -0.14670416872937403
      ],
      "inlier_ratio": 1.0,
      "target_point": [
        0.4911869826397291,
        0.33948000884280455,
        -0.16910582588324022
      ],
      "fluorescence_mean": 0.006886446191828645,
      "health_status": "Critique"
    },
    {
      "id": 7,
      "centroid": [
        0.3948783025597081,
        0.2669966875603705,
        -0.2938640483401038
      ],
      "normal": [
        0.1776432266590861,
        -0.9394420632986517,
        0.29307250592186385
      ],
      "plane_equation": [
        0.17764322665908608,
        -0.9394420632986515,
        0.2930725059218638,
        0.2668039362986284
      ],
      "inlier_ratio": 1.0,
      "target_point": [
        0.41264262522561673,
        0.17305248123050532,
        -0.26455679774791746
      ],
      "fluorescence_mean": 0.015795497815660118,
      "health_status": "Normal"
    },
    {
      "id": 8,
      "centroid": [
        0.4518540105782449,
        0.32841161265969276,
        -0.2758381445892155
      ],
      "normal": [
        0.8663980801158112,
        0.2792756177311213,
        0.41395591083174216
      ],
      "plane_equation": [
        0.8663980801158112,
        0.2792756177311213,
        0.41395591083174216,
        -0.3690179728676638
      ],
      "inlier_ratio": 1.0,
      "target_point": [
        0.538493818589826,
        0.3563391744328049,
        -0.2344425535060413
      ],
      "fluorescence_mean": 0.028705892576488368,
      "health_status": "Excellent"
    },
    {
      "id": 9,
      "centroid": [
        0.4234753308757659,
        0.2742245836604026,
        -0.29845246384220736
      ],
      "normal": [
        0.42998973249432704,
        -0.8557645939125834,
        0.28770782011458845
      ],
      "plane_equation": [
        0.42998973249432704,
        -0.8557645939125834,
        0.28770782011458845,
        0.138448753015644
      ],
      "inlier_ratio": 1.0,
      "target_point": [
        0.4664743041251986,
        0.18864812426914424,
        -0.26968168183074853
      ],
      "fluorescence_mean": 0.009155663486035946,
      "health_status": "Critique"
    },
    {
      "id": 10,
      "centroid": [
        0.3144050879137857,
        0.44226351593221935,
        -0.2746874429285526
      ],
      "normal": [
        -0.22079920579232795,
        0.3859426858935877,
        0.8957097487058633
      ],
      "plane_equation": [
        -0.22079920579232795,
        0.3859426858935877,
        0.8957097487058633,
        0.14467145378620017
      ],
      "inlier_ratio": 0.9821428571428571,
      "target_point": [
        0.2923251673345529,
        0.4808577845215781,
        -0.18511646805796628
      ],
      "fluorescence_mean": 0.0073025938617710074,
      "health_status": "Critique"
    },
    {
      "id": 11,
      "centroid": [
        0.30575887326683315,
        0.32408621108957697,
        -0.2789734053824629
      ],
      "normal": [
        -0.8826033805492141,
        -0.43638057405004704,
        0.1748807228794834
      ],
      "plane_equation": [
        -0.8826033805492141,
        -0.43638057405004704,
        0.1748807228794834,
        0.46007581281263626
      ],
      "inlier_ratio": 1.0,
      "target_point": [
        0.21749853521191176,
        0.28044815368457227,
        -0.26148533309451455
      ],
      "fluorescence_mean": 0.011955561529804214,
      "health_status": "Stress\u00e9"
    }
  ]
}