{
  "leaves": [
    {
      "id": 1,
      "centroid": [
        0.2503952600810266,
        0.27897115968795816,
        -0.3118118998791919
      ],
      "normal": [
        -0.9094864168628783,
        -0.08410648347987842,
        0.4071370248191288
      ],
      "plane_equation": [
        -0.9094864168628783,
        -0.08410648347987842,
        0.4071370248191288,
        0.3781445403442134
      ],
      "inlier_ratio": 1.0,
      "target_point": [
        0.15944661839473873,
        0.27056051133997033,
        -0.27109819739727903
      ],
      "fluorescence_mean": 0.01631693811361575,
      "health_status": "Normal"
    },
    {
      "id": 2,
      "centroid": [
        0.31394622627846414,
        0.3472002794843487,
        -0.2356983858238796
      ],
      "normal": [
        -0.13854705422206806,
        0.5890747395152065,
        0.7961128469202585
      ],
      "plane_equation": [
        -0.13854705422206806,
        0.5890747395152065,
        0.7961128469202585,
        0.02661192359092474
      ],
      "inlier_ratio": 1.0,
      "target_point": [
        0.30009152085625734,
        0.40610775343586936,
        -0.15608710113185376
      ],
      "fluorescence_mean": 0.027364573056976756,
      "health_status": "Excellent"
    },
    {
      "id": 3,
      "centroid": [
        0.3308309267677413,
        0.3978346105648214,
        -0.22972065223630667
      ],
      "normal": [
        -0.5583947230985724,
        -0.3556998811179627,
        0.749448415695394
      ],
      "plane_equation": [
        -0.5583947230985724,
        -0.3556998811179627,
        0.749448415695394,
        0.49840774629844753
      ],
      "inlier_ratio": 1.0,
      "target_point": [
        0.27499145445788403,
        0.3622646224530251,
        -0.15477581066676727
      ],
      "fluorescence_mean": 0.016845356056197473,
      "health_status": "Normal"
    },
    {
      "id": 4,
      "centroid": [
        0.36171244848090045,
        0.37303267230835435,
        -0.23077589903983717
      ],
      "normal": [
        -0.7522274679750662,
        0.17273147673118483,
        0.6358597906536353
      ],
      "plane_equation": [
        -0.7522274679750662,
        0.17273147673118483,
        0.6358597906536353,
        0.35439666975042244
      ],
      "inlier_ratio": 1.0,
      "target_point": [
        0.2864897016833938,
        0.39030581998147285,
        -0.16718991997447363
      ],
      "fluorescence_mean": 0.020850292540772582,
      "health_status": "Bon"
    },
    {
      "id": 5,
      "centroid": [
        0.37275470666666927,
        0.3950990858647804,
        -0.27774704196348055
      ],
      "normal": [
        0.20733679646842468,
        -0.272866503936757,
        0.9394441568606102
      ],
      "plane_equation": [
        0.20733679646842468,
        -0.272866503936757,
        0.9394441568606102,
        0.29145137517764713
      ],
      "inlier_ratio": 1.0,
      "target_point": [
        0.39348838631351174,
        0.36781243547110465,
        -0.1838026262774195
      ],
      "fluorescence_mean": 0.02818490337318117,
      "health_status": "Excellent"
    },
    {
      "id": 6,
      "centroid": [
        0.3662874334229807,
        0.3141971887354976,
        -0.2671116835984468
      ],
      "normal": [
        -0.7359530577957333,
        -0.5885826525939685,
        0.33457967330152943
      ],
      "plane_equation": [
        -0.7359530577957333,
        -0.5885826525939685,
        0.33457967330152943,
        0.5438715112766905
      ],
      "inlier_ratio": 1.0,
      "target_point": [
        0.29269212764340735,
        0.25533892347610077,
        -0.23365371626829384
      ],
      "fluorescence_mean": 0.01182551442227783,
      "health_status": "Stress\u00e9"
    },
    {
      "id": 7,
      "centroid": [
        0.38214790566339113,
        0.3452125979486039,
        -0.24074134845215656
      ],
      "normal": [
        0.21983542280225693,
        0.730816138490623,
        0.6462044247782645
      ],
      "plane_equation": [
        0.21983542280225693,
        0.730816138490623,
        0.6462044247782645,
        -0.1807284596087537
      ],
      "inlier_ratio": 1.0,
      "target_point": [
        0.40413144794361683,
        0.41829421179766624,
        -0.1761209059743301
      ],
      "fluorescence_mean": 0.022764931382991623,
      "health_status": "Bon"
    },
    {
      "id": 8,
      "centroid": [
        0.37710388642602316,
        0.3856711517190973,
        -0.2421226418152633
      ],
      "normal": [
        0.5801153947614149,
        -0.20913636208359032,
        0.7872281186639926
      ],
      "plane_equation": [
        0.5801153947614149,
        -0.20913636208359032,
        0.7872281186639926,
        0.05249984349320968
      ],
      "inlier_ratio": 1.0,
      "target_point": [
        0.4351154259021647,
        0.3647575155107383,
        -0.16339982994886404
      ],
      "fluorescence_mean": 0.009105199782770267,
      "health_status": "Critique"
    },
    {
      "id": 9,
      "centroid": [
        0.3892886125970745,
        0.3171658299821537,
        -0.25215224251063484
      ],
      "normal": [
        0.8582996391508151,
        0.4579009250839083,
        0.23162139849522062
      ],
      "plane_equation": [
        0.8582996391508151,
        0.4579009250839083,
        0.23162139849522062,
        -0.420952947627405
      ],
      "inlier_ratio": 1.0,
      "target_point": [
        0.475118576512156,
        0.36295592249054454,
        -0.22899010266111278
      ],
      "fluorescence_mean": 0.005588691663171034,
      "health_status": "Critique"
    },
    {
      "id": 10,
      "centroid": [
        0.4028808152257013,
        0.33877846311567705,
        -0.28373412221853755
      ],
      "normal": [
        -0.4343811496747966,
        0.283956804941995,
        0.8547991282952596
      ],
      "plane_equation": [
        -0.4343811496747966,
        0.283956804941995,
        0.8547991282952596,
        0.3213410620701988
      ],
      "inlier_ratio": 1.0,
      "target_point": [
        0.3594427002582216,
        0.36717414360987655,
        -0.1982542093890116
      ],
      "fluorescence_mean": 0.02066199952648261,
      "health_status": "Bon"
    },
    {
      "id": 11,
      "centroid": [
        0.40139449442433134,
        0.31583425991131925,
        -0.24953667930636664
      ],
      "normal": [
        -0.8435924977857832,
        -0.16121202282606706,
        0.512213218665695
      ],
      "plane_equation": [
        -0.8435924977857832,
        -0.16121202282606706,
        0.512213218665695,
        0.5173456497496243
      ],
      "inlier_ratio": 1.0,
      "target_point": [
        0.317035244645753,
        0.29971305762871253,
        -0.19831535743979714
      ],
      "fluorescence_mean": 0.020045332125952338,
      "health_status": "Bon"
    },
    {
      "id": 12,
      "centroid": [
        0.42600037586967743,
        0.4947453600664068,
        -0.2952629314723596
      ],
      "normal": [
        -0.05268502320269417,
        0.7363037873892341,
        0.6745969322539209
      ],
      "plane_equation": [
        -0.05268502320269417,
        0.7363037873892341,
        0.6745969322539209,
        -0.14265557494354178
      ],
      "inlier_ratio": 1.0,
      "target_point": [
        0.420731873549408,
        0.5683757388053302,
        -0.22780323824696752
      ],
      "fluorescence_mean": 0.01775334473569338,
      "health_status": "Normal"
    },
    {
      "id": 13,
      "centroid": [
        0.4512886146982306,
        0.28612170542202875,
        -0.2988106222229785
      ],
      "normal": [
        0.8600636694121441,
        0.21242701978317846,
        0.4638590797034756
      ],
      "plane_equation": [
        0.8600636694121441,
        0.21242701978317846,
        0.4638590797034756,
        -0.3103109028693919
      ],
      "inlier_ratio": 1.0,