{
  "leaves": [
    {
      "id": 1,
      "centroid": [
        0.41781000104001775,
        0.3080420676738985,
        -0.24402120661350987
      ],
      "normal": [
        0.973119652653893,
        -0.09165741286262177,
        -0.2112748453699528
      ],
      "plane_equation": [
        0.973119652653893,
        -0.09165741286262177,
        -0.2112748453699528,
        -0.42990032680580115
      ],
      "inlier_ratio": 1.0,
      "target_point": [
        0.5151219663054071,
        0.29887632638763634,
        -0.26514869115050516
      ],
      "fluorescence_mean": 0.02548853387501343,
      "health_status": "Excellent"
    },
    {
      "id": 2,
      "centroid": [
        0.4134945004530575,
        0.3050804594936578,
        -0.2301106663501781
      ],
      "normal": [
        0.8864399168976398,
        -0.2269636364536248,
        0.40337548445369403
      ],
      "plane_equation": [
        0.8864399168976398,
        -0.2269636364536248,
        0.40337548445369403,
        -0.2047772852467877
      ],
      "inlier_ratio": 0.9565217391304348,
      "target_point": [
        0.5021384921428215,
        0.2823840958482953,
        -0.1897731179048087
      ],
      "fluorescence_mean": 0.026915394767790736,
      "health_status": "Excellent"
    },
    {
      "id": 3,
      "centroid": [
        0.4037800051626705,
        0.33481423556804657,
        -0.22891585688505853
      ],
      "normal": [
        0.5733127416599184,
        0.7596628100937584,
        0.30696077145270867
      ],
      "plane_equation": [
        0.5733127416599184,
        0.7596628100937584,
        0.30696077145270867,
        -0.41556995681108705
      ],
      "inlier_ratio": 1.0,
      "target_point": [
        0.46111127932866236,
        0.4107805165774224,
        -0.19821977973978766
      ],
      "fluorescence_mean": 0.017729545524400654,
      "health_status": "Normal"
    },
    {
      "id": 4,
      "centroid": [
        0.3942810069573553,
        0.3256152178111829,
        -0.21477688652904411
      ],
      "normal": [
        0.225492690924641,
        0.32092615267241525,
        0.9198692574874139
      ],
      "plane_equation": [
        0.225492690924641,
        0.32092615267241525,
        0.9198692574874139,
        0.004058028087512246
      ],
      "inlier_ratio": 0.9868421052631579,
      "target_point": [
        0.41683027604981937,
        0.35770783307842446,
        -0.12278996078030271
      ],
      "fluorescence_mean": 0.02164837442380665,
      "health_status": "Bon"
    },
    {
      "id": 5,
      "centroid": [
        0.2290576575199763,
        0.3215223701794942,
        -0.28822087407112124
      ],
      "normal": [
        -0.24554334908885853,
        0.9655573517908611,
        0.08606662605706335
      ],
      "plane_equation": [
        -0.24554334908885853,
        0.9655573517908611,
        0.08606662605706335,
        -0.2293985057396105
      ],
      "inlier_ratio": 1.0,
      "target_point": [
        0.20450332261109044,
        0.4180781053585803,
        -0.2796142114654149
      ],
      "fluorescence_mean": 0.019847591116202493,
      "health_status": "Normal"
    },
    {
      "id": 6,
      "centroid": [
        0.400598889326348,
        0.3126436498235254,
        -0.213991029516739
      ],
      "normal": [
        -0.4548068235266049,
        -0.8263563943663097,
        0.332093153743873
      ],
      "plane_equation": [
        -0.4548068235266049,
        -0.8263563943663097,
        0.332093153743873,
        0.5116151434176059
      ],
      "inlier_ratio": 1.0,
      "target_point": [
        0.3551182069736875,
        0.2300080103868944,
        -0.18078171414235172
      ],
      "fluorescence_mean": 0.007598431571945228,
      "health_status": "Critique"
    },
    {
      "id": 7,
      "centroid": [
        0.37606694199601,
        0.36292223419461933,
        -0.3070907440720772
      ],
      "normal": [
        -0.48744353619152087,
        0.4178081879724857,
        0.7667040609571947
      ],
      "plane_equation": [
        -0.4874435361915208,
        0.41780818797248565,
        0.7667040609571946,
        0.2671272395699148
      ],
      "inlier_ratio": 1.0,
      "target_point": [
        0.3273225883768579,
        0.40470305299186793,
        -0.23042033797635775
      ],
      "fluorescence_mean": 0.02275012826533776,
      "health_status": "Bon"
    },
    {
      "id": 8,
      "centroid": [
        0.2274119857284758,
        0.33280594481362236,
        -0.29938849409421286
      ],
      "normal": [
        -0.5052130800564644,
        -0.8029000079533787,
        0.3164037309646098
      ],
      "plane_equation": [
        -0.5052130800564643,
        -0.8029000079533786,
        0.3164037309646097,
        0.476829042028714
      ],
      "inlier_ratio": 1.0,
      "target_point": [
        0.17689067772282935,
        0.2525159440182845,
        -0.2677481209977519
      ],
      "fluorescence_mean": 0.015200628084853236,
      "health_status": "Normal"
    },
    {
      "id": 9,
      "centroid": [
        0.4152109812606465,
        0.3152502897110852,
        -0.25288995931094344
      ],
      "normal": [
        0.9329397720908557,
        0.1997662087346278,
        -0.2995277007204102
      ],
      "plane_equation": [
        0.9329397720908557,
        0.1997662087346278,
        -0.2995277007204102,
        -0.5260907414526896
      ],
      "inlier_ratio": 1.0,
      "target_point": [
        0.5085049584697321,
        0.335226910584548,
        -0.28284272938298444
      ],
      "fluorescence_mean": 0.009087933778982914,
      "health_status": "Critique"
    },
    {
      "id": 10,
      "centroid": [
        0.41127032276831177,
        0.3226319527939746,
        -0.22583480532232084
      ],
      "normal": [
        0.853433157559732,
        0.3362790746982348,
        0.3982062650156635
      ],
      "plane_equation": [
        0.853433157559732,
        0.3362790746982348,
        0.3982062650156635,
        -0.36955727038647196
      ],
      "inlier_ratio": 1.0,
      "target_point": [
        0.496613638524285,
        0.3562598602637981,
        -0.1860141788207545
      ],
      "fluorescence_mean": 0.02416268244556655,
      "health_status": "Bon"
    },
    {
      "id": 11,
      "centroid": [
        0.22723139218381933,
        0.32827968613521474,
        -0.2906392192518389
      ],
      "normal": [
        -0.06535420145670402,
        0.7122467520592941,
        0.6988800988245001
      ],
      "plane_equation": [
        -0.06535420145670402,
        0.7122467520592941,
        0.6988800988245001,
        -0.01584364776178183
      ],
      "inlier_ratio": 1.0,
      "target_point": [
        0.22069597203814892,
        0.39950436134114414,
        -0.22075120936938886
      ],
      "fluorescence_mean": 0.02780228594385951,
      "health_status": "Excellent"
    },
    {
      "id": 12,
      "centroid": [
        0.3862615128358205,
        0.3727608563171493,
        -0.2925528734922409
      ],
      "normal": [
        0.9564635689585377,
        0.1926510074711477,
        -0.21923282276029868
      ],
      "plane_equation": [
        0.9564635689585376,
        0.19265100747114766,
        -0.21923282276029865,
        -0.5053950118959198
      ],
      "inlier_ratio": 1.0,
      "target_point": [
        0.48190786973167427,
        0.3920259570642641,
        -0.31447615576827076
      ],
      "fluorescence_mean": 0.01728546743747874,
      "health_status": "Normal"
    }
  ]
}