{
  "timestamp": "2026-02-03T14:14:28.310160",
  "leaf_id": 2,
  "leaf_index": 0,
  "position": {
    "x": 0.4563875,
    "y": 0.2936125,
    "z": -0.237855
  },
  "camera_angles": {
    "pan": 75.0303142160073,
    "tilt": 203.7959739022716
  },
  "measurements": [
    0.0258,
    0.0244,
    0.0247,
    0.0257,
    0.0248,
    0.0254,
    0.0247,
    0.0264,
    0.0241,
    0.0241,
    0.0271,
    0.027,
    0.025,
    0.0257,
    0.0341,
    0.0263,
    0.025,
    0.0227,
    0.0216,
    0.0252,
    0.0234,
    0.0243,
    0.0295,
    0.0247,
    0.0249,
    0.0339,
    0.0668,
    0.0617,
    0.0634,
    0.0609,
    0.063,
    0.0619,
    0.0614,
    0.0611,
    0.06,
    0.0595,
    0.0621,
    0.0614,
    0.0597,
    0.0609,
    0.0588,
    0.0621,
    0.0644,
    0.0607,
    0.0614,
    0.0626,
    0.0627,
    0.061,
    0.0604,
    0.0624,
    0.0613,
    0.0632,
    0.0612,
    0.0632,
    0.0642,
    0.0627,
    0.0614,
    0.0602,
    0.0544,
    0.0597,
    0.0628,
    0.0614,
    0.0627,
    0.0618,
    0.0605,
    0.0614,
    0.0607,
    0.0607,
    0.0603,
    0.0587,
    0.0602,
    0.0595,
    0.0576,
    0.0633,
    0.0616,
    0.0632,
    0.0628,
    0.0597,
    0.061,
    0.06,
    0.0625,
    0.0602,
    0.0615,
    0.0605,
    0.06,
    0.0619,
    0.0607,
    0.06,
    0.063,
    0.0635,
    0.0587,
    0.0592,
    0.0614,
    0.0619,
    0.0608,
    0.0565,
    0.0599,
    0.059,
    0.0633,
    0.0606,
    0.0632,
    0.0591,
    0.0578,
    0.0549,
    0.0597,
    0.0547,
    0.0589,
    0.0576,
    0.0586,
    0.0593,
    0.0559,
    0.0564,
    0.0541,
    0.0578,
    0.058,
    0.056,
    0.0545,
    0.0553,
    0.0578,
    0.0526,
    0.0587,
    0.0582,
    0.0585,
    0.056,
    0.0624,
    0.056,
    0.058,
    0.0566,
    0.0564,
    0.0567,
    0.0559,
    0.0563,
    0.0565,
    0.0574,
    0.0555,
    0.0542,
    0.0526,
    0.0558,
    0.0548,
    0.054,
    0.056,
    0.0563,
    0.0549,
    0.0536,
    0.0534,
    0.0572,
    0.0551,
    0.0545,
    0.0544,
    0.0543,
    0.0484,
    0.0546,
    0.0547,
    0.0554,
    0.0543,
    0.0546,
    0.0566,
    0.0539,
    0.0525,
    0.0545,
    0.0574,
    0.0551,
    0.054,
    0.0529,
    0.0547,
    0.0524,
    0.0526,
    0.0552,
    0.0529,
    0.0547,
    0.0516,
    0.054,
    0.0544,
    0.0451,
    0.0534,
    0.0529,
    0.0531,
    0.0523,
    0.052,
    0.0536,
    0.0514,
    0.0542,
    0.052,
    0.0533,
    0.0504,
    0.0563,
    0.0584,
    0.0527,
    0.0531,
    0.0534,
    0.047,
    0.0531,
    0.052,
    0.0516,
    0.0513,
    0.0527,
    0.0514,
    0.0509,
    0.0521,
    0.0533,
    0.0507,
    0.0506,
    0.052,
    0.0518,
    0.0538,
    0.0498,
    0.0504,
    0.05,
    0.0508,
    0.0516,
    0.0523,
    0.0518,
    0.0495,
    0.0552,
    0.0555,
    0.051,
    0.0518,
    0.0531,
    0.0518,
    0.0493,
    0.0519,
    0.048,
    0.0493,
    0.0518,
    0.0491,
    0.0478,
    0.0489,
    0.0507,
    0.0505,
    0.0505,
    0.0502,
    0.0476,
    0.0505,
    0.0486,
    0.0498,
    0.0446,
    0.0471,
    0.0478,
    0.0494,
    0.0498,
    0.0509,
    0.0492,
    0.0497,
    0.0476,
    0.0496,
    0.0491,
    0.0476,
    0.0489,
    0.0446,
    0.0503,
    0.0487,
    0.0494,
    0.0467,
    0.05,
    0.0505,
    0.0485,
    0.0478,
    0.0478,
    0.0475,
    0.0503,
    0.0496,
    0.0483,
    0.053,
    0.0469,
    0.0524,
    0.0486,
    0.0479,
    0.0469,
    0.0501,
    0.05,
    0.0471,
    0.0484,
    0.0474,
    0.0485,
    0.0485,
    0.0435,
    0.0481,
    0.0489,
    0.049,
    0.0491,
    0.0492,
    0.049,
    0.0478,
    0.049,
    0.0477,
    0.0464,
    0.0485,
    0.0469,
    0.048,
    0.0501,
    0.048,
    0.0478,
    0.0485,
    0.0519,
    0.0487,
    0.0476,
    0.0488,
    0.0498,
    0.0416,
    0.0463,
    0.046,
    0.0403,
    0.0458,
    0.0479,
    0.0472,
    0.0472,
    0.0486,
    0.0506,
    0.048,
    0.0457,
    0.05,
    0.0466,
    0.0504,
    0.0466,
    0.0465,
    0.0479,
    0.0479,
    0.0475,
    0.047,
    0.0468,
    0.0472,
    0.0466,
    0.0464,
    0.0481,
    0.047,
    0.0435,
    0.0307,
    0.0302,
    0.0319,
    0.0302,
    0.0359,
    0.0315,
    0.0323,
    0.0299,
    0.031,
    0.0298,
    0.0313,
    0.032,
    0.0325,
    0.0288,
    0.0303,
    0.0302,
    0.031,
    0.0307,
    0.0297,
    0.0274,
    0.0323,
    0.0302,
    0.0296,
    0.0283,
    0.0341,
    0.0327,
    0.0294,
    0.0308,
    0.0322,
    0.0263,
    0.0275,
    0.0289,
    0.0251,
    0.0282,
    0.0303,
    0.0281,
    0.0277,
    0.0208,
    0.0285,
    0.0271,
    0.0271,
    0.0288,
    0.0293,
    0.0267,
    0.0299,
    0.0274,
    0.028,
    0.0271,
    0.0269,
    0.0264,
    0.0278,
    0.0283,
    0.0243,
    0.025,
    0.0275,
    0.0252,
    0.0266,
    0.0256,
    0.0264,
    0.0244,
    0.0259,
    0.0266,
    0.027,
    0.0253,
    0.0258,
    0.0233,
    0.0268,
    0.0258,
    0.0249,
    0.0275,
    0.0256,
    0.0265,
    0.0256,
    0.0267,
    0.0262,
    0.0272,
    0.0255,
    0.0258,
    0.0272,
    0.0267,
    0.0276,
    0.0274,
    0.0269,
    0.0267,
    0.0227,
    0.0255,
    0.0265,
    0.0262,
    0.0276,
    0.0243,
    0.0248,
    0.0262,
    0.0264,
    0.0259,
    0.0288,
    0.0253,
    0.0262,
    0.0225,
    0.0271,
    0.0297,
    0.0267,
    0.0245,
    0.0257,
    0.0248,
    0.0248,
    0.0302,
    0.0297,
    0.024,
    0.0267,
    0.0231,
    0.0268,
    0.0259,
    0.025,
    0.0266,
    0.0264,
    0.0274,
    0.0278,
    0.0247,
    0.0266,
    0.0266,
    0.028,
    0.0252,
    0.0273,
    0.0242,
    0.0269,
    0.0257,
    0.0245,
    0.0252,
    0.0257,
    0.0255,
    0.025,
    0.0261,
    0.0252,
    0.0238,
    0.0252,
    0.0261,
    0.0266,
    0.0235,
    0.027,
    0.0245,
    0.0315,
    0.0271,
    0.0273,
    0.0275,
    0.0263,
    0.0289,
    0.0259,
    0.0291,
    0.0236,
    0.028,
    0.0252,
    0.0254,
    0.0254,
    0.0251,
    0.0256,
    0.0233,
    0.0242,
    0.0245,
    0.0266,
    0.0256,
    0.0272,
    0.0265,
    0.0256,
    0.0256,
    0.0214,
    0.0272,
    0.027,
    0.0245,
    0.0249,
    0.0277,
    0.0251,
    0.0266,
    0.0282,
    0.0266,
    0.0256,
    0.0254,
    0.0295,
    0.027,
    0.0275,
    0.026,
    0.0258,
    0.027,
    0.0251,
    0.0302,
    0.0266,
    0.0279,
    0.0244,
    0.0263,
    0.024,
    0.026,
    0.0251,
    0.0289,
    0.027,
    0.0246,
    0.0265,
    0.0261,
    0.0275,
    0.0268,
    0.0251,
    0.0267,
    0.026,
    0.0261,
    0.0258,
    0.0258,
    0.0265,
    0.0268,
    0.026,
    0.0262,
    0.0286,
    0.0256,
    0.0283,
    0.0277,
    0.0258,
    0.0268,
    0.026,
    0.0272,
    0.0295,
    0.0232,
    0.0249,
    0.0284,
    0.0258,
    0.026,
    0.0276,
    0.0258,
    0.0246,
    0.0262,
    0.0267,
    0.0263,
    0.0256,
    0.0237,
    0.0242,
    0.0267,
    0.0256,
    0.0258,
    0.0293,
    0.0258,
    0.0262,
    0.0265,
    0.0284,
    0.027,
    0.0209,
    0.0316,
    0.0262,
    0.023,
    0.0258,
    0.0265,
    0.0256,
    0.0248,
    0.0255,
    0.0258,
    0.0255,
    0.0255,
    0.0274,
    0.0272,
    0.0271,
    0.026,
    0.0293,
    0.0253,
    0.0281,
    0.0265,
    0.0248,
    0.0271,
    0.0274,
    0.0255,
    0.0283,
    0.0251,
    0.0253,
    0.0262,
    0.0276,
    0.0274,
    0.026,
    0.0274,
    0.0274,
    0.0281,
    0.0278,
    0.0251,
    0.0237,
    0.0258,
    0.0302,
    0.0271,
    0.0258,
    0.0309,
    0.0274,
    0.0276,
    0.0257,
    0.0255,
    0.0267,
    0.0262,
    0.0269,
    0.0274,
    0.0251,
    0.0264,
    0.0262,
    0.0244,
    0.0292,
    0.0269,
    0.0258,
    0.0264,
    0.0259
  ],
  "statistics": {
    "count": 625,
    "mean": 0.039736320000000006,
    "std": 0.01415928278048009,
    "min": 0.0208,
    "max": 0.0668
  },