{
  "leaves": [
    {
      "id": 1,
      "centroid": [
        0.41781000104001775,
        0.3080420676738985,
        -0.24402120661350987
      ],
      "normal": [
        0.973119652653893,
        -0.09165741286262177,
        -0.2112748453699528
      ],
      "plane_equation": [
        0.973119652653893,
        -0.09165741286262177,
        -0.2112748453699528,
        -0.42990032680580115
      ],
      "inlier_ratio": 1.0,
      "target_point": [
        0.5151219663054071,
        0.29887632638763634,
        -0.26514869115050516
      ],
      "fluorescence_mean": 0.006355011847724264,
      "health_status": "Critique"
    },
    {
      "id": 2,
      "centroid": [
        0.4134945004530575,
        0.3050804594936578,
        -0.2301106663501781
      ],
      "normal": [
        0.8839789647190872,
        -0.23626660366614888,
        0.4034343588816323
      ],
      "plane_equation": [
        0.8839789647190872,
        -0.23626660366614888,
        0.4034343588816323,
        -0.20091884063637958
      ],
      "inlier_ratio": 0.9456521739130435,
      "target_point": [
        0.5018923969249662,
        0.28145379912704294,
        -0.18976723046201488
      ],
      "fluorescence_mean": 0.005344803396242957,
      "health_status": "Critique"
    },
    {
      "id": 3,
      "centroid": [
        0.40355555366638096,
        0.33480384945869446,
        -0.22868525115556496
      ],
      "normal": [
        0.5486305972324096,
        0.7764505084368443,
        0.31004689278974507
      ],
      "plane_equation": [
        0.5486305972324096,
        0.7764505084368443,
        0.31004689278974507,
        -0.4104583920156329
      ],
      "inlier_ratio": 1.0,
      "target_point": [
        0.4584186133896219,
        0.4124489003023789,
        -0.19768056187659044
      ],
      "fluorescence_mean": 0.020809553996527876,
      "health_status": "Bon"
    },
    {
      "id": 4,
      "centroid": [
        0.39428512631235896,
        0.3253786660529472,
        -0.21466275344829303
      ],
      "normal": [
        0.22818976833402033,
        0.30009970532968056,
        0.9262125007193032
      ],
      "plane_equation": [
        0.22818976833402033,
        0.30009970532968056,
        0.9262125007193032,
        0.011100270351724166
      ],
      "inlier_ratio": 0.9864864864864865,
      "target_point": [
        0.41710410314576096,
        0.35538863658591524,
        -0.1220415033763627
      ],
      "fluorescence_mean": 0.02552717186272685,
      "health_status": "Excellent"
    },
    {
      "id": 5,
      "centroid": [
        0.22906794695005026,
        0.3214107588545917,
        -0.28811630035099917
      ],
      "normal": [
        -0.27711455557758713,
        0.9603571805386889,
        0.030358011707232836
      ],
      "plane_equation": [
        -0.2771145555775871,
        0.9603571805386888,
        0.030358011707232832,
        -0.23644442983316238
      ],
      "inlier_ratio": 1.0,
      "target_point": [
        0.20135649139229153,
        0.4174464769084606,
        -0.2850804991802759
      ],
      "fluorescence_mean": 0.006283400838455601,
      "health_status": "Critique"
    },
    {
      "id": 6,
      "centroid": [
        0.400598889326348,
        0.3126436498235254,
        -0.213991029516739
      ],
      "normal": [
        -0.4548068235266049,
        -0.8263563943663097,
        0.332093153743873
      ],
      "plane_equation": [
        -0.4548068235266049,
        -0.8263563943663097,
        0.332093153743873,
        0.5116151434176059
      ],
      "inlier_ratio": 1.0,
      "target_point": [
        0.3551182069736875,
        0.2300080103868944,
        -0.18078171414235172
      ],
      "fluorescence_mean": 0.022338438865279375,
      "health_status": "Bon"
    },
    {
      "id": 7,
      "centroid": [
        0.22723508600530953,
        0.3315105391987439,
        -0.2991959390969112
      ],
      "normal": [
        -0.40739630255228065,
        0.07452093156884654,
        0.9102059565971001
      ],
      "plane_equation": [
        -0.40739630255228065,
        0.07452093156884654,
        0.9102059565971001,
        0.34020018559840337
      ],
      "inlier_ratio": 1.0,
      "target_point": [
        0.18649545575008147,
        0.33896263235562857,
        -0.2081753434372012
      ],
      "fluorescence_mean": 0.02303579852079967,
      "health_status": "Bon"
    },
    {
      "id": 8,
      "centroid": [
        0.3761267785144889,
        0.36252269537552545,
        -0.3068515088247216
      ],
      "normal": [
        -0.4923785829018878,
        0.42644037945633356,
        0.7587568344790492
      ],
      "plane_equation": [
        -0.4923785829018878,
        0.42644037945633356,
        0.7587568344790492,
        0.26342813390991016
      ],
      "inlier_ratio": 1.0,
      "target_point": [
        0.3268889202243001,
        0.4051667333211588,
        -0.2309758253768167
      ],
      "fluorescence_mean": 0.00998658224593876,
      "health_status": "Critique"
    },
    {
      "id": 9,
      "centroid": [
        0.4152109812606465,
        0.3152502897110852,
        -0.25288995931094344
      ],
      "normal": [
        0.9329397720908557,
        0.1997662087346278,
        -0.2995277007204102
      ],
      "plane_equation": [
        0.9329397720908557,
        0.1997662087346278,
        -0.2995277007204102,
        -0.5260907414526896
      ],
      "inlier_ratio": 1.0,
      "target_point": [
        0.5085049584697321,
        0.335226910584548,
        -0.28284272938298444
      ],
      "fluorescence_mean": 0.015002655876379799,
      "health_status": "Normal"
    },
    {
      "id": 10,
      "centroid": [
        0.22722833485979782,
        0.32817956962083517,
        -0.29053202428315816
      ],
      "normal": [
        -0.06476669354707897,
        0.7138747974471439,
        0.6972718615983139
      ],
      "plane_equation": [
        -0.06476669354707895,
        0.7138747974471438,
        0.6972718615983138,
        -0.016982490434442773
      ],
      "inlier_ratio": 1.0,
      "target_point": [
        0.22075166550508993,
        0.39956704936554954,
        -0.22080483812332677
      ],
      "fluorescence_mean": 0.018299197881395828,
      "health_status": "Normal"
    },
    {
      "id": 11,
      "centroid": [
        0.41127032276831177,
        0.3226319527939746,
        -0.22583480532232084
      ],
      "normal": [
        0.853433157559732,
        0.3362790746982348,
        0.3982062650156635
      ],
      "plane_equation": [
        0.853433157559732,
        0.3362790746982348,
        0.3982062650156635,
        -0.36955727038647196
      ],
      "inlier_ratio": 1.0,
      "target_point": [
        0.496613638524285,
        0.3562598602637981,
        -0.1860141788207545
      ],
      "fluorescence_mean": 0.00729747220225168,
      "health_status": "Critique"
    },
    {
      "id": 12,
      "centroid": [
        0.3862615128358205,
        0.3727608563171493,
        -0.2925528734922409
      ],
      "normal": [
        0.9564635689585377,
        0.1926510074711477,
        -0.21923282276029868
      ],
      "plane_equation": [
        0.9564635689585376,
        0.19265100747114766,
        -0.21923282276029865,
        -0.5053950118959198
      ],
      "inlier_ratio": 1.0,
      "target_point": [
        0.48190786973167427,
        0.3920259570642641,
        -0.31447615576827076
      ],
      "fluorescence_mean": 0.013025892445803017,
      "health_status": "Stress\u00e9"
    }
  ]
}