{
  "leaves": [
    {
      "id": 1,
      "centroid": [
        0.38726422092416785,
        0.2925057326044355,
        -0.19107851926442032
      ],
      "normal": [
        0.20626224727886455,
        -0.7904798977080348,
        0.5767125945104435
      ],
      "plane_equation": [
        0.20626224727886455,
        -0.7904798977080348,
        0.5767125945104435,
        0.26153930168984807
      ],
      "inlier_ratio": 1.0,
      "target_point": [
        0.4078904456520543,
        0.21345774283363203,
        -0.13340725981337598
      ],
      "fluorescence_mean": 0.025322663567152792,
      "health_status": "Excellent"
    },
    {
      "id": 2,
      "centroid": [
        0.436369211458769,
        0.4113842669080515,
        -0.18389013116476965
      ],
      "normal": [
        0.1762058779579456,
        0.9767949099240907,
        0.12175053395963951
      ],
      "plane_equation": [
        0.17620587795794557,
        0.9767949099240906,
        0.1217505339596395,
        -0.45634015629832814
      ],
      "inlier_ratio": 1.0,
      "target_point": [
        0.45398979925456356,
        0.5090637579004607,
        -0.1717150777688057
      ],
      "fluorescence_mean": 0.011086671398688134,
      "health_status": "Stress\u00e9"
    },
    {
      "id": 3,
      "centroid": [
        0.4357062473016627,
        0.3895667791366577,
        -0.17822421239871605
      ],
      "normal": [
        0.46513361689403415,
        -0.3662834289561064,
        0.8059076672344239
      ],
      "plane_equation": [
        0.46513361689403415,
        -0.3662834289561064,
        0.8059076672344239,
        0.08366249221775404
      ],
      "inlier_ratio": 1.0,
      "target_point": [
        0.4822196089910661,
        0.3529384362410471,
        -0.09763344567527366
      ],
      "fluorescence_mean": 0.00888761219607891,
      "health_status": "Critique"
    },
    {
      "id": 4,
      "centroid": [
        0.3901573649297158,
        0.37323455202082795,
        -0.3139220265050729
      ],
      "normal": [
        0.9132660515794089,
        0.39907764132913726,
        -0.08174445072131305
      ],
      "plane_equation": [
        0.9132660515794088,
        0.3990776413291372,
        -0.08174445072131303,
        -0.530928424472976
      ],
      "inlier_ratio": 1.0,
      "target_point": [
        0.4814839700876567,
        0.4131423161537417,
        -0.3220964715772042
      ],
      "fluorescence_mean": 0.016474250220917187,
      "health_status": "Normal"
    },
    {
      "id": 5,
      "centroid": [
        0.31290323308535983,
        0.30577825222696575,
        -0.24733632249491555
      ],
      "normal": [
        -0.5896444468626973,
        -0.7425168816084644,
        0.3177862596312583
      ],
      "plane_equation": [
        -0.5896444468626973,
        -0.7425168816084644,
        0.3177862596312583,
        0.49014725289802963
      ],
      "inlier_ratio": 1.0,
      "target_point": [
        0.2539387883990901,
        0.23152656406611932,
        -0.21555769653178972
      ],
      "fluorescence_mean": 0.0060327307029493914,
      "health_status": "Critique"
    },
    {
      "id": 6,
      "centroid": [
        0.3470005113631487,
        0.35005808528512716,
        -0.32406089175492525
      ],
      "normal": [
        -0.9602968412679738,
        0.21035940802441808,
        -0.18324545316697055
      ],
      "plane_equation": [
        -0.9602968412679738,
        0.21035940802441808,
        -0.18324545316697055,
        0.20020279842233887
      ],
      "inlier_ratio": 1.0,
      "target_point": [
        0.25097082723635133,
        0.371094026087569,
        -0.3423854370716223
      ],
      "fluorescence_mean": 0.019218221668815285,
      "health_status": "Normal"
    },
    {
      "id": 7,
      "centroid": [
        0.39082607440650463,
        0.3752125008031726,
        -0.25799999944865704
      ],
      "normal": [
        0.5311582535973607,
        0.8419158405826833,
        -0.0951242714103804
      ],
      "plane_equation": [
        0.5311582535973607,
        0.8419158405826833,
        -0.0951242714103804,
        -0.548029905124337
      ],
      "inlier_ratio": 1.0,
      "target_point": [
        0.4439418997662407,
        0.4594040848614409,
        -0.2675124265896951
      ],
      "fluorescence_mean": 0.016201435578775607,
      "health_status": "Normal"
    },
    {
      "id": 8,
      "centroid": [
        0.3921457904000436,
        0.372554027265118,
        -0.28957880120123586
      ],
      "normal": [
        0.27724185256555345,
        0.9607465504882694,
        -0.010149921719467495
      ],
      "plane_equation": [
        0.2772418525655534,
        0.9607465504882693,
        -0.010149921719467494,
        -0.46958842413557583
      ],
      "inlier_ratio": 1.0,
      "target_point": [
        0.41986997565659895,
        0.46862868231394494,
        -0.2905937933731826
      ],
      "fluorescence_mean": 0.01279522427292833,
      "health_status": "Stress\u00e9"
    },
    {
      "id": 9,
      "centroid": [
        0.30678191061677607,
        0.31110321036700544,
        -0.2530248925603669
      ],
      "normal": [
        -0.9180727139663937,
        -0.37726002464382874,
        0.12172660217108694
      ],
      "plane_equation": [
        -0.9180727139663937,
        -0.37726002464382874,
        0.12172660217108694,
        0.4298147665216477
      ],
      "inlier_ratio": 1.0,
      "target_point": [
        0.2149746392201367,
        0.27337720790262254,
        -0.24085223234325823
      ],
      "fluorescence_mean": 0.02388047006096523,
      "health_status": "Bon"
    }
  ]
}