{
  "leaves": [
    {
      "id": 1,
      "centroid": [
        0.35264588841076555,
        0.41222041167061907,
        -0.24578042688040896
      ],
      "normal": [
        -0.9967761234642969,
        0.0290979458023076,
        -0.07477077799230683
      ],
      "plane_equation": [
        -0.9967761234642969,
        0.0290979458023076,
        -0.07477077799230683,
        0.32113704067517984
      ],
      "inlier_ratio": 1.0,
      "target_point": [
        0.25296827606433586,
        0.41513020625084984,
        -0.25325750467963964
      ],
      "fluorescence_mean": 0.013792004199940758,
      "health_status": "Stress\u00e9"
    },
    {
      "id": 2,
      "centroid": [
        0.40032606715915586,
        0.3188201634823775,
        -0.26109890476996156
      ],
      "normal": [
        0.5196635539374449,
        -0.8522734873623361,
        0.05983053942884365
      ],
      "plane_equation": [
        0.5196635539374448,
        -0.852273487362336,
        0.05983053942884364,
        0.07903849686616998
      ],
      "inlier_ratio": 0.9327731092436975,
      "target_point": [
        0.45229242255290036,
        0.2335928147461439,
        -0.2551158508270772
      ],
      "fluorescence_mean": 0.01297642183632524,
      "health_status": "Stress\u00e9"
    },
    {
      "id": 3,
      "centroid": [
        0.335487422593143,
        0.3271977141362811,
        -0.12552351169629927
      ],
      "normal": [
        0.11794957436192616,
        0.15061941689218014,
        0.9815302792898954
      ],
      "plane_equation": [
        0.11794957436192616,
        0.15061941689218014,
        0.9815302792898954,
        0.0343521998824153
      ],
      "inlier_ratio": 1.0,
      "target_point": [
        0.34728238002933565,
        0.34225965582549916,
        -0.027370483767309717
      ],
      "fluorescence_mean": 0.021054175899648357,
      "health_status": "Bon"
    },
    {
      "id": 4,
      "centroid": [
        0.36732092445049813,
        0.3483202722641306,
        -0.3017232951221116
      ],
      "normal": [
        0.9311543816401369,
        0.018543388192915417,
        0.36415334724083104
      ],
      "plane_equation": [
        0.9311543816401368,
        0.018543388192915414,
        0.364153347240831,
        -0.23816333743093587
      ],
      "inlier_ratio": 0.963302752293578,
      "target_point": [
        0.4604363626145118,
        0.3501746110834221,
        -0.2653079603980285
      ],
      "fluorescence_mean": 0.01923384884910798,
      "health_status": "Normal"
    },
    {
      "id": 5,
      "centroid": [
        0.37678412702477093,
        0.3136623252942724,
        -0.2743414385804852
      ],
      "normal": [
        0.26018424324748773,
        -0.9586673734780359,
        -0.11515653083718853
      ],
      "plane_equation": [
        0.26018424324748773,
        -0.9586673734780359,
        -0.11515653083718853,
        0.17107233625945578
      ],
      "inlier_ratio": 1.0,
      "target_point": [
        0.4028025513495197,
        0.2177955879464688,
        -0.2858570916642041
      ],
      "fluorescence_mean": 0.009202400196246557,
      "health_status": "Critique"
    },
    {
      "id": 6,
      "centroid": [
        0.35393786268389743,
        0.39811209362486133,
        -0.24215199976511623
      ],
      "normal": [
        -0.9437457164672748,
        -0.32753427619694697,
        0.045445798109531595
      ],
      "plane_equation": [
        -0.9437457164672748,
        -0.32753427619694697,
        0.045445798109531595,
        0.47542748912732563
      ],
      "inlier_ratio": 1.0,
      "target_point": [
        0.25956329103716996,
        0.36535866600516664,
        -0.23760741995416307
      ],
      "fluorescence_mean": 0.021274939244272803,
      "health_status": "Bon"
    },
    {
      "id": 7,
      "centroid": [
        0.3977397662543115,
        0.3165461853856132,
        -0.125073943021042
      ],
      "normal": [
        -0.03131868644863216,
        0.04342287494703656,
        0.9985657683950849
      ],
      "plane_equation": [
        -0.03131868644863215,
        0.043422874947036554,
        0.9985657683950848,
        0.12360589962351995
      ],
      "inlier_ratio": 1.0,
      "target_point": [
        0.3946078976094483,
        0.32088847288031686,
        -0.0252173661815335
      ],
      "fluorescence_mean": 0.012044949394339394,
      "health_status": "Stress\u00e9"
    },
    {
      "id": 8,
      "centroid": [
        0.4025578122586012,
        0.39964388236403464,
        -0.1250075907446444
      ],
      "normal": [
        -0.01898381915334583,
        -0.017736755363927534,
        0.9996624540911364
      ],
      "plane_equation": [
        -0.018983819153345828,
        -0.01773675536392753,
        0.9996624540911363,
        0.13969586542467657
      ],
      "inlier_ratio": 1.0,
      "target_point": [
        0.4006594303432666,
        0.3978702068276419,
        -0.025041345335530762
      ],
      "fluorescence_mean": 0.015724004617019338,
      "health_status": "Normal"
    },
    {
      "id": 9,
      "centroid": [
        0.3293055206128996,
        0.399870609992171,
        -0.12503122915960338
      ],
      "normal": [
        0.042888208941309264,
        -0.04444208754393926,
        0.9980909289180738
      ],
      "plane_equation": [
        0.042888208941309264,
        -0.04444208754393926,
        0.9980909289180738,
        0.12844029633762488
      ],
      "inlier_ratio": 1.0,
      "target_point": [
        0.3335943415070305,
        0.39542640123777706,
        -0.025222136267795986
      ],
      "fluorescence_mean": 0.009659964644101026,
      "health_status": "Critique"
    },
    {
      "id": 10,
      "centroid": [
        0.42186197949879206,
        0.35807140149287325,
        -0.1257451533604024
      ],
      "normal": [
        -0.4103076445374972,
        0.03938716984026954,
        0.9110962011149342
      ],
      "plane_equation": [
        -0.4103076445374972,
        0.03938716984026954,
        0.9110962011149342,
        0.2735557075578096
      ],
      "inlier_ratio": 1.0,
      "target_point": [
        0.38083121504504236,
        0.36201011847690023,
        -0.03463553324890897
      ],
      "fluorescence_mean": 0.012642995553388322,
      "health_status": "Stress\u00e9"
    },
    {
      "id": 11,
      "centroid": [
        0.5235713283220927,
        0.40132677207390466,
        -0.29684850871562957
      ],
      "normal": [
        0.9778623697324255,
        0.20534449336895366,
        0.04023462320356803
      ],
      "plane_equation": [
        0.9778623697324255,
        0.20534449336895366,
        0.04023462320356803,
        -0.5824473546271944
      ],
      "inlier_ratio": 1.0,
      "target_point": [
        0.6213575652953353,
        0.4218612214108,
        -0.29282504639527274
      ],
      "fluorescence_mean": 0.006559908246174166,
      "health_status": "Critique"
    },
    {
      "id": 12,
      "centroid": [
        0.35240937272707623,
        0.40975485596002315,
        -0.2377580974031897
      ],
      "normal": [
        -0.9987101830866828,
        0.028065728504197824,
        0.042311760569530815
      ],
      "plane_equation": [
        -0.9987101830866827,
        0.02806572850419782,
        0.04231176056953081,
        0.3505147243078615
      ],
      "inlier_ratio": 1.0,
      "target_point": [
        0.25253835441840794,
        0.41256142881044294,
        -0.23352692134623662
      ],
      "fluorescence_mean": 0.02658427520872112,
      "health_status": "Excellent"
    },
    {
      "id": 13,
      "centroid": [
        0.3579471472730028,
        0.42467779872265266,
        -0.23601348222570218
      ],
      "normal": [
        -0.05323542972089705,
        0.9885851819005983,
        -0.14094441155644433
      ],