{
  "leaves": [
    {
      "id": 1,
      "centroid": [
        0.38803586479905366,
        0.2915272511445083,
        -0.19219325386084518
      ],
      "normal": [
        0.4152742615316542,
        -0.7936775034979721,
        0.44454843172658465
      ],
      "plane_equation": [
        0.4152742615316542,
        -0.7936775034979721,
        0.44454843172658465,
        0.1556765232800439
      ],
      "inlier_ratio": 1.0,
      "target_point": [
        0.42956329095221907,
        0.21215950079471108,
        -0.14773841068818672
      ],
      "fluorescence_mean": 0.017815668637858967,
      "health_status": "Normal"
    },
    {
      "id": 2,
      "centroid": [
        0.3910958429552474,
        0.37559811068031024,
        -0.2543977451212001
      ],
      "normal": [
        0.5560853792657542,
        0.8234256459829249,
        -0.11286831488272268
      ],
      "plane_equation": [
        0.5560853792657541,
        0.8234256459829248,
        -0.11286831488272267,
        -0.5554732418777233
      ],
      "inlier_ratio": 1.0,
      "target_point": [
        0.44670438088182285,
        0.4579406752786027,
        -0.26568457660947237
      ],
      "fluorescence_mean": 0.01716840147169051,
      "health_status": "Normal"
    },
    {
      "id": 3,
      "centroid": [
        0.4357062473016627,
        0.3895667791366577,
        -0.17822421239871605
      ],
      "normal": [
        0.46513361689403415,
        -0.3662834289561064,
        0.8059076672344239
      ],
      "plane_equation": [
        0.46513361689403415,
        -0.3662834289561064,
        0.8059076672344239,
        0.08366249221775404
      ],
      "inlier_ratio": 1.0,
      "target_point": [
        0.4822196089910661,
        0.3529384362410471,
        -0.09763344567527366
      ],
      "fluorescence_mean": 0.011483634445692417,
      "health_status": "Stress\u00e9"
    },
    {
      "id": 4,
      "centroid": [
        0.3901573649297158,
        0.37323455202082795,
        -0.3139220265050729
      ],
      "normal": [
        0.9132660515794089,
        0.39907764132913726,
        -0.08174445072131305
      ],
      "plane_equation": [
        0.9132660515794088,
        0.3990776413291372,
        -0.08174445072131303,
        -0.530928424472976
      ],
      "inlier_ratio": 1.0,
      "target_point": [
        0.4814839700876567,
        0.4131423161537417,
        -0.3220964715772042
      ],
      "fluorescence_mean": 0.008525149143376235,
      "health_status": "Critique"
    },
    {
      "id": 5,
      "centroid": [
        0.3128676265478134,
        0.3056188613176346,
        -0.24827276431024076
      ],
      "normal": [
        -0.6124586409474416,
        -0.7564258037474044,
        0.22959620326544178
      ],
      "plane_equation": [
        -0.6124586409474416,
        -0.7564258037474044,
        0.22959620326544178,
        0.47979895822433094
      ],
      "inlier_ratio": 1.0,
      "target_point": [
        0.2516217624530692,
        0.22997628094289416,
        -0.22531314398369656
      ],
      "fluorescence_mean": 0.005113295800807906,
      "health_status": "Critique"
    },
    {
      "id": 6,
      "centroid": [
        0.4335586564881461,
        0.41174322537013464,
        -0.18194862008094786
      ],
      "normal": [
        0.11015935726938438,
        0.8733770878810573,
        0.474423205977954
      ],
      "plane_equation": [
        0.11015935726938436,
        0.8733770878810572,
        0.47442320597795395,
        -0.32104699440376594
      ],
      "inlier_ratio": 1.0,
      "target_point": [
        0.44457459221508455,
        0.4990809341582404,
        -0.13450629948315246
      ],
      "fluorescence_mean": 0.026571203450274843,
      "health_status": "Excellent"
    },
    {
      "id": 7,
      "centroid": [
        0.3470005113631487,
        0.35005808528512716,
        -0.32406089175492525
      ],
      "normal": [
        -0.9602968412679738,
        0.21035940802441808,
        -0.18324545316697055
      ],
      "plane_equation": [
        -0.9602968412679738,
        0.21035940802441808,
        -0.18324545316697055,
        0.20020279842233887
      ],
      "inlier_ratio": 1.0,
      "target_point": [
        0.25097082723635133,
        0.371094026087569,
        -0.3423854370716223
      ],
      "fluorescence_mean": 0.006837160869244098,
      "health_status": "Critique"
    },
    {
      "id": 8,
      "centroid": [
        0.3921457904000436,
        0.372554027265118,
        -0.28957880120123586
      ],
      "normal": [
        0.27724185256555345,
        0.9607465504882694,
        -0.010149921719467495
      ],
      "plane_equation": [
        0.2772418525655534,
        0.9607465504882693,
        -0.010149921719467494,
        -0.46958842413557583
      ],
      "inlier_ratio": 1.0,
      "target_point": [
        0.41986997565659895,
        0.46862868231394494,
        -0.2905937933731826
      ],
      "fluorescence_mean": 0.025948377336571852,
      "health_status": "Excellent"
    },
    {
      "id": 9,
      "centroid": [
        0.30678191061677607,
        0.31110321036700544,
        -0.2530248925603669
      ],
      "normal": [
        -0.9180727139663937,
        -0.37726002464382874,
        0.12172660217108694
      ],
      "plane_equation": [
        -0.9180727139663937,
        -0.37726002464382874,
        0.12172660217108694,
        0.4298147665216477
      ],
      "inlier_ratio": 1.0,
      "target_point": [
        0.2149746392201367,
        0.27337720790262254,
        -0.24085223234325823
      ],
      "fluorescence_mean": 0.01645103675251273,
      "health_status": "Normal"
    }
  ]
}