{
  "timestamp": "2026-01-15T14:55:19.616289",
  "leaf_id": 5,
  "leaf_index": 0,
  "position": {
    "x": 0.3077125,
    "y": 0.3104625,
    "z": -0.250855
  },
  "camera_angles": {
    "pan": -61.87768696146675,
    "tilt": 192.35398824140344
  },
  "measurements": [
    0.0645,
    0.1573,
    0.169,
    0.1768,
    0.1799,
    0.1811,
    0.1774,
    0.1718,
    0.1674,
    0.133,
    0.1186,
    0.1177,
    0.1209,
    0.1109,
    0.1063,
    0.1105,
    0.1016,
    0.1127,
    0.1016,
    0.1091,
    0.0964,
    0.0961,
    0.0902,
    0.0978,
    0.0947,
    0.0936,
    0.0882,
    0.0928,
    0.0877,
    0.0848,
    0.097,
    0.0844,
    0.0866,
    0.0862,
    0.0828,
    0.0855,
    0.0805,
    0.0809,
    0.0791,
    0.0855,
    0.0794,
    0.0767,
    0.0816,
    0.0784,
    0.0767,
    0.0796,
    0.0784,
    0.0823,
    0.077,
    0.0818,
    0.0789,
    0.0812,
    0.0766,
    0.0744,
    0.083,
    0.0746,
    0.076,
    0.079,
    0.0771,
    0.0705,
    0.0762,
    0.0789,
    0.0723,
    0.0794,
    0.071,
    0.0819,
    0.0793,
    0.0794,
    0.073,
    0.0762,
    0.0785,
    0.0739,
    0.079,
    0.0833,
    0.0768,
    0.0755,
    0.0735,
    0.069,
    0.0767,
    0.082,
    0.0789,
    0.0835,
    0.0808
  ],
  "statistics": {
    "count": 83,
    "mean": 0.09398915662650602,
    "std": 0.028771270861739227,
    "min": 0.0645,
    "max": 0.1811
  },
  "timestamps": [
    0.0,
    0.2,
    0.4,
    0.6000000000000001,
    0.8,
    1.0,
    1.2000000000000002,
    1.4000000000000001,
    1.6,
    1.8,
    2.0,
    2.2,
    2.4000000000000004,
    2.6,
    2.8000000000000003,
    3.0,
    3.2,
    3.4000000000000004,
    3.6,
    3.8000000000000003,
    4.0,
    4.2,
    4.4,
    4.6000000000000005,
    4.800000000000001,
    5.0,
    5.2,
    5.4,
    5.6000000000000005,
    5.800000000000001,
    6.0,
    6.2,
    6.4,
    6.6000000000000005,
    6.800000000000001,
    7.0,
    7.2,
    7.4,
    7.6000000000000005,
    7.800000000000001,
    8.0,
    8.200000000000001,
    8.4,
    8.6,
    8.8,
    9.0,
    9.200000000000001,
    9.4,
    9.600000000000001,
    9.8,
    10.0,
    10.200000000000001,
    10.4,
    10.600000000000001,
    10.8,
    11.0,
    11.200000000000001,
    11.4,
    11.600000000000001,
    11.8,
    12.0,
    12.200000000000001,
    12.4,
    12.600000000000001,
    12.8,
    13.0,
    13.200000000000001,
    13.4,
    13.600000000000001,
    13.8,
    14.0,
    14.200000000000001,
    14.4,
    14.600000000000001,
    14.8,
    15.0,
    15.200000000000001,
    15.4,
    15.600000000000001,
    15.8,
    16.0,
    16.2,
    16.400000000000002
  ],
  "sequence_params": {
    "pulse_intensity": 35,
    "dark_intensity": 1,
    "pulse_duration": 1.6,
    "dark_duration": 15.0,
    "frequency": 5,
    "total_points": 83,
    "segments_count": 2
  },
  "timing_info": {
    "execution_time": 14.353412389755249,
    "theoretical_duration": 16.6,
    "start_timestamp": "2026-01-15T14:55:19.616262"
  },
  "device_info": "Ambit Fluorescence Sensor",
  "pattern_type": "leaf_targeting_measurement",
  "format_version": "2.0",
  "integration": "ROMI_leaf_targeting"
}