{
  "timestamp": "2026-01-15T14:50:07.122224",
  "leaf_id": 1,
  "leaf_index": 0,
  "position": {
    "x": 0.3880375,
    "y": 0.291375,
    "z": -0.1923725
  },
  "camera_angles": {
    "pan": 27.06690416753403,
    "tilt": 204.96735460525866
  },
  "measurements": [
    0.0883,
    0.1543,
    0.1748,
    0.1702,
    0.1841,
    0.1766,
    0.1698,
    0.1824,
    0.1647,
    0.1338,
    0.1278,
    0.1257,
    0.1143,
    0.1089,
    0.1152,
    0.1039,
    0.1065,
    0.1,
    0.0994,
    0.1007,
    0.0965,
    0.0975,
    0.0909,
    0.0889,
    0.0869,
    0.0912,
    0.0978,
    0.0866,
    0.092,
    0.09,
    0.0898,
    0.0916,
    0.0833,
    0.0825,
    0.0853,
    0.0868,
    0.0935,
    0.08,
    0.0857,
    0.0726,
    0.0914,
    0.0764,
    0.0867,
    0.0755,
    0.0816,
    0.0794,
    0.0748,
    0.081,
    0.0803,
    0.088,
    0.0864,
    0.0858,
    0.0794,
    0.0787,
    0.0871,
    0.0724,
    0.0832,
    0.0816,
    0.0753,
    0.0735,
    0.0808,
    0.0728,
    0.0698,
    0.078,
    0.0784,
    0.0699,
    0.0798,
    0.071,
    0.0737,
    0.0723,
    0.0708,
    0.0734,
    0.0746,
    0.0793,
    0.0683,
    0.0685,
    0.0726,
    0.0844,
    0.0766,
    0.0835,
    0.0722,
    0.083,
    0.0792
  ],
  "statistics": {
    "count": 83,
    "mean": 0.0942433734939759,
    "std": 0.0287310217833603,
    "min": 0.0683,
    "max": 0.1841
  },
  "timestamps": [
    0.0,
    0.2,
    0.4,
    0.6000000000000001,
    0.8,
    1.0,
    1.2000000000000002,
    1.4000000000000001,
    1.6,
    1.8,
    2.0,
    2.2,
    2.4000000000000004,
    2.6,
    2.8000000000000003,
    3.0,
    3.2,
    3.4000000000000004,
    3.6,
    3.8000000000000003,
    4.0,
    4.2,
    4.4,
    4.6000000000000005,
    4.800000000000001,
    5.0,
    5.2,
    5.4,
    5.6000000000000005,
    5.800000000000001,
    6.0,
    6.2,
    6.4,
    6.6000000000000005,
    6.800000000000001,
    7.0,
    7.2,
    7.4,
    7.6000000000000005,
    7.800000000000001,
    8.0,
    8.200000000000001,
    8.4,
    8.6,
    8.8,
    9.0,
    9.200000000000001,
    9.4,
    9.600000000000001,
    9.8,
    10.0,
    10.200000000000001,
    10.4,
    10.600000000000001,
    10.8,
    11.0,
    11.200000000000001,
    11.4,
    11.600000000000001,
    11.8,
    12.0,
    12.200000000000001,
    12.4,
    12.600000000000001,
    12.8,
    13.0,
    13.200000000000001,
    13.4,
    13.600000000000001,
    13.8,
    14.0,
    14.200000000000001,
    14.4,
    14.600000000000001,
    14.8,
    15.0,
    15.200000000000001,
    15.4,
    15.600000000000001,
    15.8,
    16.0,
    16.2,
    16.400000000000002
  ],
  "sequence_params": {
    "pulse_intensity": 35,
    "dark_intensity": 1,
    "pulse_duration": 1.6,
    "dark_duration": 15.0,
    "frequency": 5,
    "total_points": 83,
    "segments_count": 2
  },
  "timing_info": {
    "execution_time": 14.407399654388428,
    "theoretical_duration": 16.6,
    "start_timestamp": "2026-01-15T14:50:07.122197"
  },
  "device_info": "Ambit Fluorescence Sensor",
  "pattern_type": "leaf_targeting_measurement",
  "format_version": "2.0",
  "integration": "ROMI_leaf_targeting"
}