{
  "timestamp": "2026-01-15T14:51:26.931310",
  "leaf_id": 2,
  "leaf_index": 0,
  "position": {
    "x": 0.4373375,
    "y": 0.4113625,
    "z": -0.1843225
  },
  "camera_angles": {
    "pan": 166.07886441898177,
    "tilt": 186.60943606964193
  },
  "measurements": [
    0.0669,
    0.1696,
    0.1748,
    0.1812,
    0.1754,
    0.184,
    0.1851,
    0.18,
    0.1594,
    0.1356,
    0.1278,
    0.1275,
    0.1173,
    0.1093,
    0.1087,
    0.1064,
    0.1037,
    0.098,
    0.1021,
    0.0918,
    0.1039,
    0.0912,
    0.0977,
    0.0975,
    0.091,
    0.0868,
    0.0851,
    0.0882,
    0.0862,
    0.0792,
    0.0873,
    0.0925,
    0.0831,
    0.0823,
    0.0849,
    0.0814,
    0.0778,
    0.0821,
    0.0902,
    0.0782,
    0.0783,
    0.0778,
    0.0742,
    0.0774,
    0.0896,
    0.0808,
    0.0885,
    0.078,
    0.073,
    0.0748,
    0.0793,
    0.0817,
    0.0773,
    0.0731,
    0.079,
    0.0733,
    0.0842,
    0.0712,
    0.0747,
    0.0719,
    0.0717,
    0.0835,
    0.0764,
    0.0844,
    0.0737,
    0.0755,
    0.0728,
    0.0818,
    0.0832,
    0.0761,
    0.0694,
    0.0683,
    0.0726,
    0.0798,
    0.073,
    0.0807,
    0.0837,
    0.072,
    0.0719,
    0.0764,
    0.0715,
    0.0773,
    0.078
  ],
  "statistics": {
    "count": 83,
    "mean": 0.09353012048192771,
    "std": 0.030226816207761166,
    "min": 0.0669,
    "max": 0.1851
  },
  "timestamps": [
    0.0,
    0.2,
    0.4,
    0.6000000000000001,
    0.8,
    1.0,
    1.2000000000000002,
    1.4000000000000001,
    1.6,
    1.8,
    2.0,
    2.2,
    2.4000000000000004,
    2.6,
    2.8000000000000003,
    3.0,
    3.2,
    3.4000000000000004,
    3.6,
    3.8000000000000003,
    4.0,
    4.2,
    4.4,
    4.6000000000000005,
    4.800000000000001,
    5.0,
    5.2,
    5.4,
    5.6000000000000005,
    5.800000000000001,
    6.0,
    6.2,
    6.4,
    6.6000000000000005,
    6.800000000000001,
    7.0,
    7.2,
    7.4,
    7.6000000000000005,
    7.800000000000001,
    8.0,
    8.200000000000001,
    8.4,
    8.6,
    8.8,
    9.0,
    9.200000000000001,
    9.4,
    9.600000000000001,
    9.8,
    10.0,
    10.200000000000001,
    10.4,
    10.600000000000001,
    10.8,
    11.0,
    11.200000000000001,
    11.4,
    11.600000000000001,
    11.8,
    12.0,
    12.200000000000001,
    12.4,
    12.600000000000001,
    12.8,
    13.0,
    13.200000000000001,
    13.4,
    13.600000000000001,
    13.8,
    14.0,
    14.200000000000001,
    14.4,
    14.600000000000001,
    14.8,
    15.0,
    15.200000000000001,
    15.4,
    15.600000000000001,
    15.8,
    16.0,
    16.2,
    16.400000000000002
  ],
  "sequence_params": {
    "pulse_intensity": 35,
    "dark_intensity": 1,
    "pulse_duration": 1.6,
    "dark_duration": 15.0,
    "frequency": 5,
    "total_points": 83,
    "segments_count": 2
  },
  "timing_info": {
    "execution_time": 14.369927167892456,
    "theoretical_duration": 16.6,
    "start_timestamp": "2026-01-15T14:51:26.931231"
  },
  "device_info": "Ambit Fluorescence Sensor",
  "pattern_type": "leaf_targeting_measurement",
  "format_version": "2.0",
  "integration": "ROMI_leaf_targeting"
}