{
  "timestamp": "2026-01-15T14:53:17.545078",
  "leaf_id": 3,
  "leaf_index": 0,
  "position": {
    "x": 0.4357,
    "y": 0.3895625,
    "z": -0.178225
  },
  "camera_angles": {
    "pan": 51.774051348845916,
    "tilt": 233.6980391486535
  },
  "measurements": [
    0.0646,
    0.1646,
    0.1729,
    0.1814,
    0.1827,
    0.1742,
    0.1721,
    0.1815,
    0.1753,
    0.1256,
    0.1246,
    0.1213,
    0.1114,
    0.114,
    0.11,
    0.1045,
    0.1057,
    0.1073,
    0.0987,
    0.0941,
    0.0992,
    0.091,
    0.0894,
    0.0886,
    0.0928,
    0.0978,
    0.0875,
    0.0882,
    0.0891,
    0.0816,
    0.0946,
    0.0907,
    0.0821,
    0.0892,
    0.0792,
    0.076,
    0.0871,
    0.092,
    0.0837,
    0.0758,
    0.0746,
    0.0769,
    0.0764,
    0.0808,
    0.0792,
    0.0774,
    0.0772,
    0.08,
    0.0875,
    0.0828,
    0.0706,
    0.0785,
    0.0857,
    0.0812,
    0.0747,
    0.0812,
    0.0728,
    0.0784,
    0.0715,
    0.0822,
    0.0744,
    0.0735,
    0.0778,
    0.0701,
    0.0717,
    0.0679,
    0.0809,
    0.0674,
    0.0704,
    0.069,
    0.0762,
    0.0701,
    0.0735,
    0.0683,
    0.083,
    0.074,
    0.0737,
    0.0701,
    0.0688,
    0.0747,
    0.0726,
    0.0837,
    0.0742
  ],
  "statistics": {
    "count": 83,
    "mean": 0.0927433734939759,
    "std": 0.030139963434756424,
    "min": 0.0646,
    "max": 0.1827
  },
  "timestamps": [
    0.0,
    0.2,
    0.4,
    0.6000000000000001,
    0.8,
    1.0,
    1.2000000000000002,
    1.4000000000000001,
    1.6,
    1.8,
    2.0,
    2.2,
    2.4000000000000004,
    2.6,
    2.8000000000000003,
    3.0,
    3.2,
    3.4000000000000004,
    3.6,
    3.8000000000000003,
    4.0,
    4.2,
    4.4,
    4.6000000000000005,
    4.800000000000001,
    5.0,
    5.2,
    5.4,
    5.6000000000000005,
    5.800000000000001,
    6.0,
    6.2,
    6.4,
    6.6000000000000005,
    6.800000000000001,
    7.0,
    7.2,
    7.4,
    7.6000000000000005,
    7.800000000000001,
    8.0,
    8.200000000000001,
    8.4,
    8.6,
    8.8,
    9.0,
    9.200000000000001,
    9.4,
    9.600000000000001,
    9.8,
    10.0,
    10.200000000000001,
    10.4,
    10.600000000000001,
    10.8,
    11.0,
    11.200000000000001,
    11.4,
    11.600000000000001,
    11.8,
    12.0,
    12.200000000000001,
    12.4,
    12.600000000000001,
    12.8,
    13.0,
    13.200000000000001,
    13.4,
    13.600000000000001,
    13.8,
    14.0,
    14.200000000000001,
    14.4,
    14.600000000000001,
    14.8,
    15.0,
    15.200000000000001,
    15.4,
    15.600000000000001,
    15.8,
    16.0,
    16.2,
    16.400000000000002
  ],
  "sequence_params": {
    "pulse_intensity": 35,
    "dark_intensity": 1,
    "pulse_duration": 1.6,
    "dark_duration": 15.0,
    "frequency": 5,
    "total_points": 83,
    "segments_count": 2
  },
  "timing_info": {
    "execution_time": 14.463799238204956,
    "theoretical_duration": 16.6,
    "start_timestamp": "2026-01-15T14:53:17.545050"
  },
  "device_info": "Ambit Fluorescence Sensor",
  "pattern_type": "leaf_targeting_measurement",
  "format_version": "2.0",
  "integration": "ROMI_leaf_targeting"
}