{
  "leaves": [
    {
      "id": 1,
      "centroid": [
        0.38726422092416785,
        0.2925057326044355,
        -0.19107851926442032
      ],
      "normal": [
        0.20626224727886455,
        -0.7904798977080348,
        0.5767125945104435
      ],
      "plane_equation": [
        0.20626224727886455,
        -0.7904798977080348,
        0.5767125945104435,
        0.26153930168984807
      ],
      "inlier_ratio": 1.0,
      "target_point": [
        0.4078904456520543,
        0.21345774283363203,
        -0.13340725981337598
      ],
      "fluorescence_mean": 0.022433651500714174,
      "health_status": "Bon"
    },
    {
      "id": 2,
      "centroid": [
        0.436369211458769,
        0.4113842669080515,
        -0.18389013116476965
      ],
      "normal": [
        0.1762058779579456,
        0.9767949099240907,
        0.12175053395963951
      ],
      "plane_equation": [
        0.17620587795794557,
        0.9767949099240906,
        0.1217505339596395,
        -0.45634015629832814
      ],
      "inlier_ratio": 1.0,
      "target_point": [
        0.45398979925456356,
        0.5090637579004607,
        -0.1717150777688057
      ],
      "fluorescence_mean": 0.005923683500654954,
      "health_status": "Critique"
    },
    {
      "id": 3,
      "centroid": [
        0.4357062473016627,
        0.3895667791366577,
        -0.17822421239871605
      ],
      "normal": [
        0.46513361689403415,
        -0.3662834289561064,
        0.8059076672344239
      ],
      "plane_equation": [
        0.46513361689403415,
        -0.3662834289561064,
        0.8059076672344239,
        0.08366249221775404
      ],
      "inlier_ratio": 1.0,
      "target_point": [
        0.4822196089910661,
        0.3529384362410471,
        -0.09763344567527366
      ],
      "fluorescence_mean": 0.02673784989467481,
      "health_status": "Excellent"
    },
    {
      "id": 4,
      "centroid": [
        0.31290348681310814,
        0.3054761377473672,
        -0.25006116771449644
      ],
      "normal": [
        -0.6279140917351987,
        -0.7692977362620613,
        0.11791898228202477
      ],
      "plane_equation": [
        -0.6279140917351987,
        -0.7692977362620613,
        0.11791898228202477,
        0.4609655683793049
      ],
      "inlier_ratio": 1.0,
      "target_point": [
        0.25011207763958826,
        0.22854636412116108,
        -0.23826926948629396
      ],
      "fluorescence_mean": 0.026846717631450502,
      "health_status": "Excellent"
    },
    {
      "id": 5,
      "centroid": [
        0.3901573649297158,
        0.37323455202082795,
        -0.3139220265050729
      ],
      "normal": [
        0.9132660515794089,
        0.39907764132913726,
        -0.08174445072131305
      ],
      "plane_equation": [
        0.9132660515794088,
        0.3990776413291372,
        -0.08174445072131303,
        -0.530928424472976
      ],
      "inlier_ratio": 1.0,
      "target_point": [
        0.4814839700876567,
        0.4131423161537417,
        -0.3220964715772042
      ],
      "fluorescence_mean": 0.021067886533783907,
      "health_status": "Bon"
    },
    {
      "id": 6,
      "centroid": [
        0.39216474692026776,
        0.37243333639520587,
        -0.28930127349766815
      ],
      "normal": [
        0.2999872348316353,
        0.948462670000963,
        0.10210887597419666
      ],
      "plane_equation": [
        0.29998723483163525,
        0.9484626700009627,
        0.10210887597419663,
        -0.44134330680707234
      ],
      "inlier_ratio": 1.0,
      "target_point": [
        0.4221634704034313,
        0.46727960339530217,
        -0.2790903859002485
      ],
      "fluorescence_mean": 0.024392359802980424,
      "health_status": "Bon"
    },
    {
      "id": 7,
      "centroid": [
        0.3470005113631487,
        0.35005808528512716,
        -0.32406089175492525
      ],
      "normal": [
        -0.9602968412679738,
        0.21035940802441808,
        -0.18324545316697055
      ],
      "plane_equation": [
        -0.9602968412679738,
        0.21035940802441808,
        -0.18324545316697055,
        0.20020279842233887
      ],
      "inlier_ratio": 1.0,
      "target_point": [
        0.25097082723635133,
        0.371094026087569,
        -0.3423854370716223
      ],
      "fluorescence_mean": 0.01881606470188516,
      "health_status": "Normal"
    },
    {
      "id": 8,
      "centroid": [
        0.39082607440650463,
        0.3752125008031726,
        -0.25799999944865704
      ],
      "normal": [
        0.5311582535973607,
        0.8419158405826833,
        -0.0951242714103804
      ],
      "plane_equation": [
        0.5311582535973607,
        0.8419158405826833,
        -0.0951242714103804,
        -0.548029905124337
      ],
      "inlier_ratio": 1.0,
      "target_point": [
        0.4439418997662407,
        0.4594040848614409,
        -0.2675124265896951
      ],
      "fluorescence_mean": 0.02805220816376456,
      "health_status": "Excellent"
    },
    {
      "id": 9,
      "centroid": [
        0.30678191061677607,
        0.31110321036700544,
        -0.2530248925603669
      ],
      "normal": [
        -0.9180727139663937,
        -0.37726002464382874,
        0.12172660217108694
      ],
      "plane_equation": [
        -0.9180727139663937,
        -0.37726002464382874,
        0.12172660217108694,
        0.4298147665216477
      ],
      "inlier_ratio": 1.0,
      "target_point": [
        0.2149746392201367,
        0.27337720790262254,
        -0.24085223234325823
      ],
      "fluorescence_mean": 0.007440921604802945,
      "health_status": "Critique"
    }
  ]
}