{
  "leaves": [
    {
      "id": 1,
      "centroid": [
        0.3088161022617267,
        0.4281567833744563,
        -0.26363037096766323
      ],
      "normal": [
        -0.3126405432549774,
        0.5018349257651423,
        0.8064847165294124
      ],
      "plane_equation": [
        -0.31264054325497737,
        0.5018349257651422,
        0.8064847165294123,
        0.09429827137482823
      ],
      "inlier_ratio": 1.0,
      "target_point": [
        0.27755204793622895,
        0.4783402759509705,
        -0.18298189931472197
      ],
      "fluorescence_mean": 0.009399453497995492,
      "health_status": "Critique"
    },
    {
      "id": 2,
      "centroid": [
        0.2990086267049285,
        0.373605838109707,
        -0.26278554947896937
      ],
      "normal": [
        -0.9427394629239946,
        0.015458151812364589,
        0.3331716533385218
      ],
      "plane_equation": [
        -0.9427394629239946,
        0.015458151812364589,
        0.3331716533385218,
        0.36366467237934014
      ],
      "inlier_ratio": 1.0,
      "target_point": [
        0.20473468041252904,
        0.37515165329094347,
        -0.2294683841451172
      ],
      "fluorescence_mean": 0.024753096210721456,
      "health_status": "Bon"
    },
    {
      "id": 3,
      "centroid": [
        0.3954926206741804,
        0.4328958112516521,
        -0.2714307253007536
      ],
      "normal": [
        0.8511228514329887,
        0.41312737557269497,
        0.3239068744577616
      ],
      "plane_equation": [
        0.8511228514329887,
        0.41312737557269497,
        0.3239068744577616,
        -0.4275356395637511
      ],
      "inlier_ratio": 1.0,
      "target_point": [
        0.4806049058174793,
        0.4742085488089216,
        -0.2390400378549774
      ],
      "fluorescence_mean": 0.0196675046106636,
      "health_status": "Normal"
    },
    {
      "id": 4,
      "centroid": [
        0.45782158554416813,
        0.3096659252904866,
        -0.2703184563003174
      ],
      "normal": [
        0.8945633458126206,
        0.10721129695866954,
        0.4338918737807492
      ],
      "plane_equation": [
        0.8945633458126206,
        0.10721129695866954,
        0.4338918737807492,
        -0.3254611133022652
      ],
      "inlier_ratio": 1.0,
      "target_point": [
        0.5472779201254302,
        0.32038705498635356,
        -0.2269292689222425
      ],
      "fluorescence_mean": 0.00852858412910671,
      "health_status": "Critique"
    },
    {
      "id": 5,
      "centroid": [
        0.4308846890926361,
        0.3160712399653026,
        -0.24536631980112622
      ],
      "normal": [
        0.6030229354709298,
        0.23408768877501948,
        0.76260493917886
      ],
      "plane_equation": [
        0.6030229354709298,
        0.23408768877501948,
        0.76260493917886,
        -0.14670416872937403
      ],
      "inlier_ratio": 1.0,
      "target_point": [
        0.4911869826397291,
        0.33948000884280455,
        -0.16910582588324022
      ],
      "fluorescence_mean": 0.01968051279461718,
      "health_status": "Normal"
    },
    {
      "id": 6,
      "centroid": [
        0.39164463166267643,
        0.265980550839055,
        -0.29504606944899403
      ],
      "normal": [
        0.16113634442449565,
        -0.9434335515704687,
        0.2897726907019399
      ],
      "plane_equation": [
        0.16113634442449565,
        -0.9434335515704687,
        0.2897726907019399,
        0.2733230848924239
      ],
      "inlier_ratio": 1.0,
      "target_point": [
        0.407758266105126,
        0.17163719568200808,
        -0.26606880037880004
      ],
      "fluorescence_mean": 0.006217198537557279,
      "health_status": "Critique"
    },
    {
      "id": 7,
      "centroid": [
        0.3787727610009616,
        0.43041651854749585,
        -0.2527809704913468
      ],
      "normal": [
        0.5882920224776982,
        0.1863464354762959,
        0.786884681687462
      ],
      "plane_equation": [
        0.5882920224776982,
        0.1863464354762959,
        0.786884681687462,
        -0.10412610412842924
      ],
      "inlier_ratio": 1.0,
      "target_point": [
        0.4376019632487314,
        0.44905116209512547,
        -0.1740925023226006
      ],
      "fluorescence_mean": 0.021288135288883313,
      "health_status": "Bon"
    },
    {
      "id": 8,
      "centroid": [
        0.30575887326683315,
        0.32408621108957697,
        -0.2789734053824629
      ],
      "normal": [
        -0.8826033805492141,
        -0.43638057405004704,
        0.1748807228794834
      ],
      "plane_equation": [
        -0.8826033805492141,
        -0.43638057405004704,
        0.1748807228794834,
        0.46007581281263626
      ],
      "inlier_ratio": 1.0,
      "target_point": [
        0.21749853521191176,
        0.28044815368457227,
        -0.26148533309451455
      ],
      "fluorescence_mean": 0.006857299662296999,
      "health_status": "Critique"
    }
  ]
}