{
  "timestamp": "2026-02-03T11:11:51.009242",
  "leaf_id": 6,
  "leaf_index": 0,
  "position": {
    "x": 0.3824375,
    "y": 0.266275,
    "z": -0.302335
  },
  "camera_angles": {
    "pan": 8.062538290460054,
    "tilt": 174.3624126031077
  },
  "measurements": [
    0.042,
    0.0521,
    0.044,
    0.0569,
    0.0603,
    0.078,
    0.0579,
    0.0575,
    0.0374,
    0.0288,
    0.0351,
    0.0288,
    0.0344,
    0.0319,
    0.0267,
    0.0322,
    0.0379,
    0.0286,
    0.0333,
    0.0356,
    0.0338,
    0.0319,
    0.0337,
    0.0313,
    0.0335,
    0.0326,
    0.0328,
    0.034,
    0.0335,
    0.0331,
    0.0331,
    0.0319,
    0.0308,
    0.0279,
    0.0312,
    0.0353,
    0.0306,
    0.031,
    0.0326,
    0.0331,
    0.0288,
    0.0331,
    0.0279,
    0.0326,
    0.0297,
    0.0301,
    0.0317,
    0.0301,
    0.0304,
    0.0337,
    0.0385,
    0.0321,
    0.0296,
    0.0319,
    0.0283,
    0.0337,
    0.0313,
    0.0238,
    0.0344,
    0.0321,
    0.0292,
    0.0285,
    0.0285,
    0.0303,
    0.0315,
    0.0315,
    0.0294,
    0.031,
    0.0351,
    0.0306,
    0.031,
    0.0347,
    0.0312,
    0.0296,
    0.0322,
    0.0313,
    0.0301,
    0.0312,
    0.0279,
    0.0322,
    0.0305,
    0.033
  ],
  "statistics": {
    "count": 82,
    "mean": 0.03404146341463415,
    "std": 0.008301248087464748,
    "min": 0.0238,
    "max": 0.078
  },
  "timestamps": [
    0.0,
    0.2,
    0.4,
    0.6000000000000001,
    0.8,
    1.0,
    1.2000000000000002,
    1.4000000000000001,
    1.6,
    1.8,
    2.0,
    2.2,
    2.4000000000000004,
    2.6,
    2.8000000000000003,
    3.0,
    3.2,
    3.4000000000000004,
    3.6,
    3.8000000000000003,
    4.0,
    4.2,
    4.4,
    4.6000000000000005,
    4.800000000000001,
    5.0,
    5.2,
    5.4,
    5.6000000000000005,
    5.800000000000001,
    6.0,
    6.2,
    6.4,
    6.6000000000000005,
    6.800000000000001,
    7.0,
    7.2,
    7.4,
    7.6000000000000005,
    7.800000000000001,
    8.0,
    8.200000000000001,
    8.4,
    8.6,
    8.8,
    9.0,
    9.200000000000001,
    9.4,
    9.600000000000001,
    9.8,
    10.0,
    10.200000000000001,
    10.4,
    10.600000000000001,
    10.8,
    11.0,
    11.200000000000001,
    11.4,
    11.600000000000001,
    11.8,
    12.0,
    12.200000000000001,
    12.4,
    12.600000000000001,
    12.8,
    13.0,
    13.200000000000001,
    13.4,
    13.600000000000001,
    13.8,
    14.0,
    14.200000000000001,
    14.4,
    14.600000000000001,
    14.8,
    15.0,
    15.200000000000001,
    15.4,
    15.600000000000001,
    15.8,
    16.0,
    16.2
  ],
  "sequence_params": {
    "pulse_intensity": 35,
    "dark_intensity": 1,
    "pulse_duration": 1.6,
    "dark_duration": 15.0,
    "frequency": 5,
    "total_points": 82,
    "segments_count": 2
  },
  "timing_info": {
    "execution_time": 14.387725591659546,
    "theoretical_duration": 16.6,
    "start_timestamp": "2026-02-03T11:11:51.009166"
  },
  "device_info": "Ambit Fluorescence Sensor",
  "pattern_type": "leaf_targeting_measurement",
  "format_version": "2.0",
  "integration": "ROMI_leaf_targeting"
}