{
  "timestamp": "2026-02-03T11:12:52.988881",
  "leaf_id": 1,
  "leaf_index": 0,
  "position": {
    "x": 0.3026625,
    "y": 0.419275,
    "z": -0.2667125
  },
  "camera_angles": {
    "pan": -95.69805140919024,
    "tilt": 180.37985736441522
  },
  "measurements": [
    0.1084,
    0.2658,
    0.2728,
    0.2661,
    0.275,
    0.273,
    0.274,
    0.2789,
    0.2543,
    0.1346,
    0.1268,
    0.1206,
    0.1177,
    0.115,
    0.114,
    0.1111,
    0.1098,
    0.1093,
    0.1011,
    0.1077,
    0.1063,
    0.105,
    0.1054,
    0.1043,
    0.1032,
    0.1002,
    0.1024,
    0.1022,
    0.1002,
    0.092,
    0.0992,
    0.0966,
    0.0984,
    0.0964,
    0.0949,
    0.0966,
    0.0977,
    0.097,
    0.0958,
    0.095,
    0.0966,
    0.0975,
    0.094,
    0.0972,
    0.0945,
    0.0933,
    0.0959,
    0.0947,
    0.0936,
    0.0938,
    0.0925,
    0.0968,
    0.0933,
    0.0904,
    0.0938,
    0.0923,
    0.0925,
    0.0906,
    0.091,
    0.0897,
    0.0884,
    0.0906,
    0.0954,
    0.0904,
    0.0892,
    0.0915,
    0.09,
    0.09,
    0.0885,
    0.0888,
    0.0926,
    0.0904,
    0.0906,
    0.0909,
    0.0892,
    0.0902,
    0.0893,
    0.0893,
    0.0931,
    0.0911,
    0.0875,
    0.0867,
    0.0865
  ],
  "statistics": {
    "count": 83,
    "mean": 0.11408433734939759,
    "std": 0.05174392108392258,
    "min": 0.0865,
    "max": 0.2789
  },
  "timestamps": [
    0.0,
    0.2,
    0.4,
    0.6000000000000001,
    0.8,
    1.0,
    1.2000000000000002,
    1.4000000000000001,
    1.6,
    1.8,
    2.0,
    2.2,
    2.4000000000000004,
    2.6,
    2.8000000000000003,
    3.0,
    3.2,
    3.4000000000000004,
    3.6,
    3.8000000000000003,
    4.0,
    4.2,
    4.4,
    4.6000000000000005,
    4.800000000000001,
    5.0,
    5.2,
    5.4,
    5.6000000000000005,
    5.800000000000001,
    6.0,
    6.2,
    6.4,
    6.6000000000000005,
    6.800000000000001,
    7.0,
    7.2,
    7.4,
    7.6000000000000005,
    7.800000000000001,
    8.0,
    8.200000000000001,
    8.4,
    8.6,
    8.8,
    9.0,
    9.200000000000001,
    9.4,
    9.600000000000001,
    9.8,
    10.0,
    10.200000000000001,
    10.4,
    10.600000000000001,
    10.8,
    11.0,
    11.200000000000001,
    11.4,
    11.600000000000001,
    11.8,
    12.0,
    12.200000000000001,
    12.4,
    12.600000000000001,
    12.8,
    13.0,
    13.200000000000001,
    13.4,
    13.600000000000001,
    13.8,
    14.0,
    14.200000000000001,
    14.4,
    14.600000000000001,
    14.8,
    15.0,
    15.200000000000001,
    15.4,
    15.600000000000001,
    15.8,
    16.0,
    16.2,
    16.400000000000002
  ],
  "sequence_params": {
    "pulse_intensity": 35,
    "dark_intensity": 1,
    "pulse_duration": 1.6,
    "dark_duration": 15.0,
    "frequency": 5,
    "total_points": 83,
    "segments_count": 2
  },
  "timing_info": {
    "execution_time": 14.339247465133667,
    "theoretical_duration": 16.6,
    "start_timestamp": "2026-02-03T11:12:52.988855"
  },
  "device_info": "Ambit Fluorescence Sensor",
  "pattern_type": "leaf_targeting_measurement",
  "format_version": "2.0",
  "integration": "ROMI_leaf_targeting"
}