{
  "leaves": [
    {
      "id": 1,
      "centroid": [
        0.3525878430389967,
        0.4142927131691917,
        -0.2420459787865154
      ],
      "normal": [
        -0.9950292652216772,
        0.09936199448070124,
        0.0066298872710190675
      ],
      "plane_equation": [
        -0.9950292652216771,
        0.09936199448070122,
        0.006629887271019067,
        0.31127500965963506
      ],
      "inlier_ratio": 1.0,
      "target_point": [
        0.25308491651682896,
        0.4242289126172618,
        -0.2413829900594135
      ],
      "fluorescence_mean": 0.007456049396744725,
      "health_status": "Critique"
    },
    {
      "id": 2,
      "centroid": [
        0.40032606715915586,
        0.3188201634823775,
        -0.26109890476996156
      ],
      "normal": [
        0.5009492220038906,
        -0.8622343178609778,
        0.07484556150174178
      ],
      "plane_equation": [
        0.5009492220038906,
        -0.8622343178609778,
        0.07484556150174178,
        0.09372540355082004
      ],
      "inlier_ratio": 0.957983193277311,
      "target_point": [
        0.45042098935954494,
        0.23259673169627973,
        -0.2536143486197874
      ],
      "fluorescence_mean": 0.024384375022546926,
      "health_status": "Bon"
    },
    {
      "id": 3,
      "centroid": [
        0.335487422593143,
        0.3271977141362811,
        -0.12552351169629927
      ],
      "normal": [
        0.11794957436192616,
        0.15061941689218014,
        0.9815302792898954
      ],
      "plane_equation": [
        0.11794957436192616,
        0.15061941689218014,
        0.9815302792898954,
        0.0343521998824153
      ],
      "inlier_ratio": 1.0,
      "target_point": [
        0.34728238002933565,
        0.34225965582549916,
        -0.027370483767309717
      ],
      "fluorescence_mean": 0.028631031268664793,
      "health_status": "Excellent"
    },
    {
      "id": 4,
      "centroid": [
        0.36732092445049813,
        0.3483202722641306,
        -0.3017232951221116
      ],
      "normal": [
        0.9311543816401369,
        0.018543388192915417,
        0.36415334724083104
      ],
      "plane_equation": [
        0.9311543816401368,
        0.018543388192915414,
        0.364153347240831,
        -0.23816333743093587
      ],
      "inlier_ratio": 0.963302752293578,
      "target_point": [
        0.4604363626145118,
        0.3501746110834221,
        -0.2653079603980285
      ],
      "fluorescence_mean": 0.018006567783340324,
      "health_status": "Normal"
    },
    {
      "id": 5,
      "centroid": [
        0.35375640713251555,
        0.3990430651375881,
        -0.2417036988414251
      ],
      "normal": [
        -0.9482368570864813,
        -0.3060237047864216,
        0.08483133248714855
      ],
      "plane_equation": [
        -0.9482368570864812,
        -0.30602370478642155,
        0.08483133248714854,
        0.4780655476760668
      ],
      "inlier_ratio": 1.0,
      "target_point": [
        0.2589327214238674,
        0.3684406946589459,
        -0.23322056559271023
      ],
      "fluorescence_mean": 0.0072265891845165395,
      "health_status": "Critique"
    },
    {
      "id": 6,
      "centroid": [
        0.3758089352161326,
        0.3131096065044403,
        -0.2725446680758862
      ],
      "normal": [
        0.13961697420003263,
        -0.9853203310960481,
        -0.09823922660527
      ],
      "plane_equation": [
        0.13961697420003263,
        -0.9853203310960481,
        -0.09823922660527,
        0.22926937733093086
      ],
      "inlier_ratio": 1.0,
      "target_point": [
        0.38977063263613587,
        0.2145775733948355,
        -0.2823685907364132
      ],
      "fluorescence_mean": 0.022783370717236746,
      "health_status": "Bon"
    },
    {
      "id": 7,
      "centroid": [
        0.3977397662543115,
        0.3165461853856132,
        -0.125073943021042
      ],
      "normal": [
        -0.03131868644863216,
        0.04342287494703656,
        0.9985657683950849
      ],
      "plane_equation": [
        -0.03131868644863215,
        0.043422874947036554,
        0.9985657683950848,
        0.12360589962351995
      ],
      "inlier_ratio": 1.0,
      "target_point": [
        0.3946078976094483,
        0.32088847288031686,
        -0.0252173661815335
      ],
      "fluorescence_mean": 0.029381967836149176,
      "health_status": "Excellent"
    },
    {
      "id": 8,
      "centroid": [
        0.4025578122586012,
        0.39964388236403464,
        -0.1250075907446444
      ],
      "normal": [
        -0.01898381915334583,
        -0.017736755363927534,
        0.9996624540911364
      ],
      "plane_equation": [
        -0.018983819153345828,
        -0.01773675536392753,
        0.9996624540911363,
        0.13969586542467657
      ],
      "inlier_ratio": 1.0,
      "target_point": [
        0.4006594303432666,
        0.3978702068276419,
        -0.025041345335530762
      ],
      "fluorescence_mean": 0.009634757574988793,
      "health_status": "Critique"
    },
    {
      "id": 9,
      "centroid": [
        0.3293055206128996,
        0.399870609992171,
        -0.12503122915960338
      ],
      "normal": [
        0.042888208941309264,
        -0.04444208754393926,
        0.9980909289180738
      ],
      "plane_equation": [
        0.042888208941309264,
        -0.04444208754393926,
        0.9980909289180738,
        0.12844029633762488
      ],
      "inlier_ratio": 1.0,
      "target_point": [
        0.3335943415070305,
        0.39542640123777706,
        -0.025222136267795986
      ],
      "fluorescence_mean": 0.026337633402027934,
      "health_status": "Excellent"
    },
    {
      "id": 10,
      "centroid": [
        0.42186197949879206,
        0.35807140149287325,
        -0.1257451533604024
      ],
      "normal": [
        -0.4103076445374972,
        0.03938716984026954,
        0.9110962011149342
      ],
      "plane_equation": [
        -0.4103076445374972,
        0.03938716984026954,
        0.9110962011149342,
        0.2735557075578096
      ],
      "inlier_ratio": 1.0,
      "target_point": [
        0.38083121504504236,
        0.36201011847690023,
        -0.03463553324890897
      ],
      "fluorescence_mean": 0.013374880912886085,
      "health_status": "Stress\u00e9"
    },
    {
      "id": 11,
      "centroid": [
        0.3526044867255471,
        0.4072361145958756,
        -0.24795495199434686
      ],
      "normal": [
        -0.9922596512955335,
        -0.08604285678598211,
        -0.08953999780530125
      ],
      "plane_equation": [
        -0.9922596512955334,
        -0.0860428567859821,
        -0.08953999780530124,
        0.3627130778723972
      ],
      "inlier_ratio": 1.0,
      "target_point": [
        0.2533785215959938,
        0.3986318289172774,
        -0.256908951774877
      ],
      "fluorescence_mean": 0.019147420656915142,
      "health_status": "Normal"
    },
    {
      "id": 12,
      "centroid": [
        0.5235713283220927,
        0.40132677207390466,
        -0.29684850871562957
      ],
      "normal": [
        0.9778623697324255,
        0.20534449336895366,
        0.04023462320356803
      ],
      "plane_equation": [
        0.9778623697324255,
        0.20534449336895366,
        0.04023462320356803,
        -0.5824473546271944
      ],
      "inlier_ratio": 1.0,
      "target_point": [
        0.6213575652953353,
        0.4218612214108,
        -0.29282504639527274
      ],
      "fluorescence_mean": 0.016290280932356294,
      "health_status": "Normal"
    },
    {
      "id": 13,
      "centroid": [
        0.3579471472730028,
        0.42467779872265266,
        -0.23601348222570218
      ],
      "normal": [
        -0.05323542972089705,
        0.9885851819005983,
        -0.14094441155644433
      ],