{
  "timestamp": "2025-12-10T13:24:46.739719",
  "leaf_id": 6,
  "leaf_index": 0,
  "position": {
    "x": 0.23415,
    "y": 0.310825,
    "z": -0.17629
  },
  "camera_angles": {
    "pan": -83.5393149781636,
    "tilt": 219.31246980037594
  },
  "measurements": [
    0.0077714,
    0.007856799999999999,
    0.01708,
    0.0097356,
    0.0095648,
    0.0075152000000000005,
    0.0104188,
    0.0101626,
    0.013236999999999999,
    0.0024766,
    0.0070882,
    0.013236999999999999,
    0.004355400000000001,
    0.012809999999999998,
    0.0063196,
    0.011358199999999999,
    0.0099918,
    0.0086254,
    0.0147742,
    0.0088816,
    0.0163968,
    0.013664,
    0.0073444,
    0.011614399999999999,
    0.0066612,
    0.007259000000000001,
    0.0168238,
    0.0088816,
    0.0088816,
    0.0099918,
    0.012041399999999999,
    0.0086254,
    0.0070882,
    0.0110166,
    0.0070882,
    0.0073444,
    0.0146888,
    0.014859599999999999,
    0.0116998,
    0.006404999999999999,
    0.005978,
    0.0128954,
    0.0112728,
    0.0066612,
    0.0081984,
    0.0110166,
    0.005978,
    0.0092232,
    0.0070882,
    0.0070882,
    0.0099064,
    0.0077714,
    0.007856799999999999,
    0.0151158,
    0.011956,
    0.0077714,
    0.0110166,
    0.0142618,
    0.0096502,
    0.008454600000000001,
    0.0050386,
    0.0122122,
    0.0112728,
    0.0077714,
    0.0073444,
    0.010675,
    0.0070882,
    0.0152012,
    0.0131516,
    0.014518000000000001,
    0.011358199999999999,
    0.012297599999999999,
    0.0070882,
    0.003416,
    0.015030400000000001,
    0.0097356,
    0.008283800000000001,
    0.008967000000000001,
    0.014091000000000001,
    0.011956,
    0.0054656,
    0.0073444,
    0.008113,
    0.0066612,
    0.0076006,
    0.0108458,
    0.011529,
    0.0097356,
    0.0087962,
    0.0096502,
    0.0128954,
    0.012724599999999999,
    0.011870599999999999,
    0.014091000000000001,
    0.0094794,
    0.0050386,
    0.0050386,
    0.0096502,
    0.00854,
    0.0076006
  ],
  "statistics": {
    "count": 100,
    "mean": 0.00979965,
    "std": 0.0030983227102901983,
    "min": 0.0024766,
    "max": 0.01708
  }
}