{
  "timestamp": "2025-12-10T13:26:56.474919",
  "leaf_id": 10,
  "leaf_index": 1,
  "position": {
    "x": 0.2149625,
    "y": 0.273375,
    "z": -0.24085
  },
  "camera_angles": {
    "pan": -67.66244520688213,
    "tilt": 186.99218802630998
  },
  "measurements": [
    0.014091000000000001,
    0.005978,
    0.0114436,
    0.0101626,
    0.0090524,
    0.0101626,
    0.0107604,
    0.006832,
    0.010675,
    0.006404999999999999,
    0.0122122,
    0.013920199999999999,
    0.006832,
    0.009821,
    0.0104188,
    0.011870599999999999,
    0.003416,
    0.007685999999999999,
    0.0152012,
    0.014518000000000001,
    0.0045262,
    0.0104188,
    0.012724599999999999,
    0.0049532,
    0.0079422,
    0.0079422,
    0.0045262,
    0.006832,
    0.0096502,
    0.0065758,
    0.012553799999999999,
    0.0130662,
    0.005978,
    0.003928399999999999,
    0.0080276,
    0.0066612,
    0.0091378,
    0.012980799999999999,
    0.0065758,
    0.006148799999999999,
    0.013236999999999999,
    0.0054656,
    0.0081984,
    0.0100772,
    0.012553799999999999,
    0.0099064,
    0.007856799999999999,
    0.011529,
    0.006832,
    0.0130662,
    0.0122122,
    0.0133224,
    0.012383,
    0.0105042,
    0.011956,
    0.0134932,
    0.0071736,
    0.0077714,
    0.009394,
    0.007856799999999999,
    0.0099064,
    0.0105896,
    0.0104188,
    0.0048678,
    0.0122122,
    0.0142618,
    0.0134078,
    0.0105896,
    0.0087962,
    0.0092232,
    0.006404999999999999,
    0.0135786,
    0.0100772,
    0.0094794,
    0.0066612,
    0.010675,
    0.00854,
    0.008710800000000001,
    0.0054656,
    0.0122122,
    0.0099064,
    0.0086254,
    0.010675,
    0.013920199999999999,
    0.0124684,
    0.0124684,
    0.0094794,
    0.013236999999999999,
    0.008113,
    0.014859599999999999,
    0.015457400000000001,
    0.0076006,
    0.0060634,
    0.0111874,
    0.008283800000000001,
    0.012553799999999999,
    0.0117852,
    0.012724599999999999,
    0.005978,
    0.0076006
  ],
  "statistics": {
    "count": 100,
    "mean": 0.009764636,
    "std": 0.002905513836329815,
    "min": 0.003416,
    "max": 0.015457400000000001
  }
}