{
  "leaves": [
    {
      "id": 1,
      "centroid": [
        0.38726422092416785,
        0.2925057326044355,
        -0.19107851926442032
      ],
      "normal": [
        0.20626224727886455,
        -0.7904798977080348,
        0.5767125945104435
      ],
      "plane_equation": [
        0.20626224727886455,
        -0.7904798977080348,
        0.5767125945104435,
        0.26153930168984807
      ],
      "inlier_ratio": 1.0,
      "target_point": [
        0.4078904456520543,
        0.21345774283363203,
        -0.13340725981337598
      ],
      "fluorescence_mean": 0.01061338560408695,
      "health_status": "Stress\u00e9"
    },
    {
      "id": 2,
      "centroid": [
        0.3901573649297158,
        0.37323455202082795,
        -0.3139220265050729
      ],
      "normal": [
        0.9132660515794089,
        0.39907764132913726,
        -0.08174445072131305
      ],
      "plane_equation": [
        0.9132660515794088,
        0.3990776413291372,
        -0.08174445072131303,
        -0.530928424472976
      ],
      "inlier_ratio": 1.0,
      "target_point": [
        0.4814839700876567,
        0.4131423161537417,
        -0.3220964715772042
      ],
      "fluorescence_mean": 0.006613379896014985,
      "health_status": "Critique"
    },
    {
      "id": 3,
      "centroid": [
        0.43657785070979077,
        0.38925421302733215,
        -0.17884205314128296
      ],
      "normal": [
        0.4817114957148589,
        -0.3861066865871997,
        0.7866865077454981
      ],
      "plane_equation": [
        0.48171149571485883,
        -0.38610668658719965,
        0.786686507745498,
        0.08068171519445021
      ],
      "inlier_ratio": 1.0,
      "target_point": [
        0.48474900028127665,
        0.35064354436861217,
        -0.10017340236673314
      ],
      "fluorescence_mean": 0.02979658201444611,
      "health_status": "Excellent"
    },
    {
      "id": 4,
      "centroid": [
        0.31299982306569124,
        0.3054711285025574,
        -0.24888256434784378
      ],
      "normal": [
        -0.6086576842060684,
        -0.7728790784701507,
        0.17942617846913209
      ],
      "plane_equation": [
        -0.6086576842060684,
        -0.7728790784701507,
        0.17942617846913209,
        0.47125803916889775
      ],
      "inlier_ratio": 1.0,
      "target_point": [
        0.2521340546450844,
        0.22818322065554236,
        -0.23093994650093058
      ],
      "fluorescence_mean": 0.014368893367781063,
      "health_status": "Stress\u00e9"
    },
    {
      "id": 5,
      "centroid": [
        0.4335586564881461,
        0.41174322537013464,
        -0.18194862008094786
      ],
      "normal": [
        0.11015935726938438,
        0.8733770878810573,
        0.474423205977954
      ],
      "plane_equation": [
        0.11015935726938436,
        0.8733770878810572,
        0.47442320597795395,
        -0.32104699440376594
      ],
      "inlier_ratio": 1.0,
      "target_point": [
        0.44457459221508455,
        0.4990809341582404,
        -0.13450629948315246
      ],
      "fluorescence_mean": 0.029077278916090854,
      "health_status": "Excellent"
    },
    {
      "id": 6,
      "centroid": [
        0.3470005113631487,
        0.35005808528512716,
        -0.32406089175492525
      ],
      "normal": [
        -0.9602968412679738,
        0.21035940802441808,
        -0.18324545316697055
      ],
      "plane_equation": [
        -0.9602968412679738,
        0.21035940802441808,
        -0.18324545316697055,
        0.20020279842233887
      ],
      "inlier_ratio": 1.0,
      "target_point": [
        0.25097082723635133,
        0.371094026087569,
        -0.3423854370716223
      ],
      "fluorescence_mean": 0.028052880896039117,
      "health_status": "Excellent"
    },
    {
      "id": 7,
      "centroid": [
        0.39082607440650463,
        0.3752125008031726,
        -0.25799999944865704
      ],
      "normal": [
        0.5311582535973607,
        0.8419158405826833,
        -0.0951242714103804
      ],
      "plane_equation": [
        0.5311582535973607,
        0.8419158405826833,
        -0.0951242714103804,
        -0.548029905124337
      ],
      "inlier_ratio": 1.0,
      "target_point": [
        0.4439418997662407,
        0.4594040848614409,
        -0.2675124265896951
      ],
      "fluorescence_mean": 0.022882010404261917,
      "health_status": "Bon"
    },
    {
      "id": 8,
      "centroid": [
        0.3921457904000436,
        0.372554027265118,
        -0.28957880120123586
      ],
      "normal": [
        0.27724185256555345,
        0.9607465504882694,
        -0.010149921719467495
      ],
      "plane_equation": [
        0.2772418525655534,
        0.9607465504882693,
        -0.010149921719467494,
        -0.46958842413557583
      ],
      "inlier_ratio": 1.0,
      "target_point": [
        0.41986997565659895,
        0.46862868231394494,
        -0.2905937933731826
      ],
      "fluorescence_mean": 0.015667679199818128,
      "health_status": "Normal"
    },
    {
      "id": 9,
      "centroid": [
        0.30678191061677607,
        0.31110321036700544,
        -0.2530248925603669
      ],
      "normal": [
        -0.9180727139663937,
        -0.37726002464382874,
        0.12172660217108694
      ],
      "plane_equation": [
        -0.9180727139663937,
        -0.37726002464382874,
        0.12172660217108694,
        0.4298147665216477
      ],
      "inlier_ratio": 1.0,
      "target_point": [
        0.2149746392201367,
        0.27337720790262254,
        -0.24085223234325823
      ],
      "fluorescence_mean": 0.009326796812770825,
      "health_status": "Critique"
    }
  ]
}