{
  "leaves": [
    {
      "id": 1,
      "centroid": [
        0.4010568758419582,
        0.3790584622962134,
        -0.2614357206651143
      ],
      "normal": [
        -0.9893023500227632,
        -0.14505919280681545,
        -0.015449622056003611
      ],
      "plane_equation": [
        -0.9893023500227631,
        -0.14505919280681542,
        -0.01544962205600361,
        0.4477133412543033
      ],
      "inlier_ratio": 1.0,
      "target_point": [
        0.36148478184104765,
        0.3732560945839408,
        -0.2620537055473544
      ]
    },
    {
      "id": 2,
      "centroid": [
        0.3747476189833543,
        0.3625116967085588,
        -0.25845214204732764
      ],
      "normal": [
        -0.03660891726111083,
        -0.9992033021233966,
        -0.015891765247116083
      ],
      "plane_equation": [
        -0.03660891726111083,
        -0.9992033021233966,
        -0.015891765247116083,
        0.37183472821767666
      ],
      "inlier_ratio": 1.0,
      "target_point": [
        0.37328326229290987,
        0.32254356462362294,
        -0.25908781265721226
      ]
    },
    {
      "id": 3,
      "centroid": [
        0.3747665411369367,
        0.36419829523021524,
        -0.29498825267408835
      ],
      "normal": [
        -0.9946978650387589,
        0.08739385247232498,
        0.054207673233412836
      ],
      "plane_equation": [
        -0.9946978650387589,
        0.08739385247232498,
        0.054207673233412836,
        0.35694141308150185
      ],
      "inlier_ratio": 1.0,
      "target_point": [
        0.33497862653538635,
        0.36769404932910826,
        -0.29281994574475184
      ]
    }
  ]
}