{
  "leaves": [
    {
      "id": 1,
      "centroid": [
        0.41111135482788086,
        0.42282297772665817,
        -0.2293339197834333
      ],
      "normal": [
        -0.20380233640839882,
        -0.6168675997943497,
        0.7602229751845414
      ],
      "plane_equation": [
        -0.20380233640839882,
        -0.6168675997943497,
        0.7602229751845414,
        0.5189561648545824
      ],
      "inlier_ratio": 1.0,
      "target_point": [
        0.39073112118704095,
        0.3611362177472232,
        -0.15331162226497913
      ]
    },
    {
      "id": 2,
      "centroid": [
        0.46150027944686567,
        0.41976985779214415,
        -0.1537379188106415
      ],
      "normal": [
        0.91369327901694,
        0.028116836331614426,
        0.40543067890081225
      ],
      "plane_equation": [
        0.91369327901694,
        0.028116836331614426,
        0.40543067890081225,
        -0.37114223518733125
      ],
      "inlier_ratio": 1.0,
      "target_point": [
        0.5528696073485597,
        0.4225815414253056,
        -0.11319485092056028
      ]
    },
    {
      "id": 3,
      "centroid": [
        0.45643923150168525,
        0.2938275416692098,
        -0.16676255630122291
      ],
      "normal": [
        0.8601247321930822,
        -0.20012374589655935,
        0.46918645696365546
      ],
      "plane_equation": [
        0.860124732193082,
        -0.20012374589655932,
        0.4691864569636554,
        -0.2555500705262107
      ],
      "inlier_ratio": 1.0,
      "target_point": [
        0.5424517047209935,
        0.2738151670795539,
        -0.11984391060485736
      ]
    },
    {
      "id": 4,
      "centroid": [
        0.4531123439470927,
        0.4299329093524388,
        -0.15148731569449106
      ],
      "normal": [
        0.7974020047215273,
        -0.011375847393281803,
        0.603341224318523
      ],
      "plane_equation": [
        0.7974020047215271,
        -0.011375847393281801,
        0.6033412243185229,
        -0.265023297741498
      ],
      "inlier_ratio": 1.0,
      "target_point": [
        0.5328525444192455,
        0.4287953246131106,
        -0.09115319326263877
      ]
    }
  ]
}