{
  "leaves": [
    {
      "id": 1,
      "centroid": [
        0.46124486804008485,
        0.4190187031030655,
        -0.15375635892152786
      ],
      "normal": [
        0.925814104966009,
        -0.0465924538646328,
        0.37509650263480177
      ],
      "plane_equation": [
        0.925814104966009,
        -0.0465924538646328,
        0.37509650263480177,
        -0.3499168158710695
      ],
      "inlier_ratio": 0.98,
      "target_point": [
        0.8315705100264885,
        0.40038172155721236,
        -0.003717757867607141
      ]
    },
    {
      "id": 2,
      "centroid": [
        0.41111135482788086,
        0.42282297772665817,
        -0.2293339197834333
      ],
      "normal": [
        -0.20380233640839882,
        -0.6168675997943497,
        0.7602229751845414
      ],
      "plane_equation": [
        -0.20380233640839882,
        -0.6168675997943497,
        0.7602229751845414,
        0.5189561648545824
      ],
      "inlier_ratio": 1.0,
      "target_point": [
        0.32959042026452134,
        0.17607593780891828,
        0.07475527029038329
      ]
    },
    {
      "id": 3,
      "centroid": [
        0.45643923150168525,
        0.2938275416692098,
        -0.16676255630122291
      ],
      "normal": [
        0.8601247321930822,
        -0.20012374589655935,
        0.46918645696365546
      ],
      "plane_equation": [
        0.860124732193082,
        -0.20012374589655932,
        0.4691864569636554,
        -0.2555500705262107
      ],
      "inlier_ratio": 1.0,
      "target_point": [
        0.8004891243789181,
        0.21377804331058609,
        0.020912026484239288
      ]
    },
    {
      "id": 4,
      "centroid": [
        0.4531123439470927,
        0.4299329093524388,
        -0.15148731569449106
      ],
      "normal": [
        0.7974020047215273,
        -0.011375847393281803,
        0.603341224318523
      ],
      "plane_equation": [
        0.7974020047215271,
        -0.011375847393281801,
        0.6033412243185229,
        -0.265023297741498
      ],
      "inlier_ratio": 1.0,
      "target_point": [
        0.7720731458357037,
        0.42538257039512606,
        0.08984917403291814
      ]
    }
  ]
}