{
  "leaves": [
    {
      "id": 1,
      "centroid": [
        0.41781000104001775,
        0.3080420676738985,
        -0.24402120661350987
      ],
      "normal": [
        0.9714504923693593,
        -0.11933316075563287,
        -0.20504520872090548
      ],
      "plane_equation": [
        0.9714504923693593,
        -0.11933316075563287,
        -0.20504520872090548,
        -0.4192348906238701
      ],
      "inlier_ratio": 0.989247311827957,
      "target_point": [
        0.5149550502769537,
        0.2961087515983352,
        -0.26452572748560044
      ],
      "fluorescence_mean": 0.025417275231345505,
      "health_status": "Excellent"
    },
    {
      "id": 2,
      "centroid": [
        0.4037800051626705,
        0.33481423556804657,
        -0.22891585688505853
      ],
      "normal": [
        0.5733127416599184,
        0.7596628100937584,
        0.30696077145270867
      ],
      "plane_equation": [
        0.5733127416599184,
        0.7596628100937584,
        0.30696077145270867,
        -0.41556995681108705
      ],
      "inlier_ratio": 1.0,
      "target_point": [
        0.46111127932866236,
        0.4107805165774224,
        -0.19821977973978766
      ],
      "fluorescence_mean": 0.02311462523482277,
      "health_status": "Bon"
    },
    {
      "id": 3,
      "centroid": [
        0.4127866409041665,
        0.303872143293356,
        -0.229473101241248
      ],
      "normal": [
        -0.17776513129514804,
        -0.9840525035508287,
        -0.006342582357757723
      ],
      "plane_equation": [
        -0.17776513129514804,
        -0.9840525035508287,
        -0.006342582357757723,
        0.3708868362948279
      ],
      "inlier_ratio": 0.987012987012987,
      "target_point": [
        0.3950101277746517,
        0.2054668929382731,
        -0.23010735947702377
      ],
      "fluorescence_mean": 0.012410694773170545,
      "health_status": "Stress\u00e9"
    },
    {
      "id": 4,
      "centroid": [
        0.3942810069573553,
        0.3256152178111829,
        -0.21477688652904411
      ],
      "normal": [
        0.225492690924641,
        0.32092615267241525,
        0.9198692574874139
      ],
      "plane_equation": [
        0.225492690924641,
        0.32092615267241525,
        0.9198692574874139,
        0.004058028087512246
      ],
      "inlier_ratio": 0.9868421052631579,
      "target_point": [
        0.41683027604981937,
        0.35770783307842446,
        -0.12278996078030271
      ],
      "fluorescence_mean": 0.017785254686208233,
      "health_status": "Normal"
    },
    {
      "id": 5,
      "centroid": [
        0.2289266433094589,
        0.3213041970427607,
        -0.2877696563660259
      ],
      "normal": [
        -0.2924705046607426,
        0.9529709273112658,
        -0.07941923950150087
      ],
      "plane_equation": [
        -0.2924705046607426,
        0.9529709273112658,
        -0.07941923950150087,
        -0.26209371496603207
      ],
      "inlier_ratio": 1.0,
      "target_point": [
        0.19967959284338463,
        0.4166012897738873,
        -0.295711580316176
      ],
      "fluorescence_mean": 0.010091978168141783,
      "health_status": "Stress\u00e9"
    },
    {
      "id": 6,
      "centroid": [
        0.400598889326348,
        0.3126436498235254,
        -0.213991029516739
      ],
      "normal": [
        -0.4548068235266049,
        -0.8263563943663097,
        0.332093153743873
      ],
      "plane_equation": [
        -0.4548068235266049,
        -0.8263563943663097,
        0.332093153743873,
        0.5116151434176059
      ],
      "inlier_ratio": 1.0,
      "target_point": [
        0.3551182069736875,
        0.2300080103868944,
        -0.18078171414235172
      ],
      "fluorescence_mean": 0.022918063889075746,
      "health_status": "Bon"
    },
    {
      "id": 7,
      "centroid": [
        0.22749879335363707,
        0.33128209511439005,
        -0.2990721652905146
      ],
      "normal": [
        -0.45722659992342,
        0.0524597409280105,
        0.8878016737448938
      ],
      "plane_equation": [
        -0.45722659992342,
        0.0524597409280105,
        0.8878016737448938,
        0.3521562958034032
      ],
      "inlier_ratio": 1.0,
      "target_point": [
        0.18177613336129506,
        0.3365280692071911,
        -0.2102919979160252
      ],
      "fluorescence_mean": 0.011929715712037423,
      "health_status": "Stress\u00e9"
    },
    {
      "id": 8,
      "centroid": [
        0.3761267785144889,
        0.36252269537552545,
        -0.3068515088247216
      ],
      "normal": [
        -0.4923785829018878,
        0.42644037945633356,
        0.7587568344790492
      ],
      "plane_equation": [
        -0.4923785829018878,
        0.42644037945633356,
        0.7587568344790492,
        0.26342813390991016
      ],
      "inlier_ratio": 1.0,
      "target_point": [
        0.3268889202243001,
        0.4051667333211588,
        -0.2309758253768167
      ],
      "fluorescence_mean": 0.023204005471842627,
      "health_status": "Bon"
    },
    {
      "id": 9,
      "centroid": [
        0.4151962697505951,
        0.3154513484901852,
        -0.2527170409758886
      ],
      "normal": [
        0.9371778134282152,
        0.21131853083494778,
        -0.2775648114290945
      ],
      "plane_equation": [
        0.9371778134282152,
        0.21131853083494778,
        -0.2775648114290945,
        -0.5259188055646544
      ],
      "inlier_ratio": 1.0,
      "target_point": [
        0.5089140510934166,
        0.33658320157368,
        -0.28047352211879806
      ],
      "fluorescence_mean": 0.01590174887896574,
      "health_status": "Normal"
    },
    {
      "id": 10,
      "centroid": [
        0.41127032276831177,
        0.3226319527939746,
        -0.22583480532232084
      ],
      "normal": [
        0.853433157559732,
        0.3362790746982348,
        0.3982062650156635
      ],
      "plane_equation": [
        0.853433157559732,
        0.3362790746982348,
        0.3982062650156635,
        -0.36955727038647196
      ],
      "inlier_ratio": 1.0,
      "target_point": [
        0.496613638524285,
        0.3562598602637981,
        -0.1860141788207545
      ],
      "fluorescence_mean": 0.00988288193900417,
      "health_status": "Critique"
    },
    {
      "id": 11,
      "centroid": [
        0.4170936024502704,
        0.31570472450632797,
        -0.23644066680418818
      ],
      "normal": [
        0.9790874807984654,
        0.13496593026327378,
        0.15222319997912212
      ],
      "plane_equation": [
        0.9790874807984654,
        0.13496593026327378,
        0.15222319997912212,
        -0.41498875140556807
      ],
      "inlier_ratio": 1.0,
      "target_point": [
        0.5150023505301169,
        0.32920131753265536,
        -0.22121834680627597
      ],
      "fluorescence_mean": 0.01875393790715753,
      "health_status": "Normal"
    },
    {
      "id": 12,
      "centroid": [
        0.22723139218381933,
        0.32827968613521474,
        -0.2906392192518389
      ],
      "normal": [
        -0.06535420145670402,
        0.7122467520592941,
        0.6988800988245001
      ],
      "plane_equation": [
        -0.06535420145670402,
        0.7122467520592941,
        0.6988800988245001,
        -0.01584364776178183
      ],
      "inlier_ratio": 1.0,
      "target_point": [
        0.22069597203814892,
        0.39950436134114414,
        -0.22075120936938886
      ],
      "fluorescence_mean": 0.006327224616078218,
      "health_status": "Critique"
    },
    {
      "id": 13,
      "centroid": [
        0.3862615128358205,
        0.3727608563171493,
        -0.2925528734922409
      ],
      "normal": [
        0.9564635689585377,
        0.1926510074711477,
        -0.21923282276029868
      ],