{
  "timestamp": "2026-02-03T18:42:14.813284",
  "leaf_id": 2,
  "leaf_index": 0,
  "position": {
    "x": 0.41645,
    "y": 0.352925,
    "z": -0.25659
  },
  "camera_angles": {
    "pan": 95.94977258812682,
    "tilt": 179.23099958461853
  },
  "measurements": [
    0.0334,
    0.0367,
    0.0388,
    0.0363,
    0.0357,
    0.0358,
    0.0369,
    0.0349,
    0.0411,
    0.0348,
    0.0356,
    0.0337,
    0.0376,
    0.0353,
    0.0371,
    0.0401,
    0.0371,
    0.0349,
    0.036,
    0.0341,
    0.0385,
    0.0344,
    0.0341,
    0.0344,
    0.0346,
    0.0531,
    0.0963,
    0.0939,
    0.0957,
    0.0977,
    0.0938,
    0.0969,
    0.0949,
    0.0941,
    0.0965,
    0.0949,
    0.0969,
    0.0953,
    0.0912,
    0.095,
    0.0957,
    0.0956,
    0.0931,
    0.0989,
    0.0921,
    0.0929,
    0.0941,
    0.0945,
    0.093,
    0.0933,
    0.0892,
    0.0934,
    0.0956,
    0.0893,
    0.0941,
    0.0906,
    0.0926,
    0.0948,
    0.0941,
    0.0934,
    0.0962,
    0.0908,
    0.0908,
    0.0884,
    0.0872,
    0.0893,
    0.093,
    0.0898,
    0.0888,
    0.0878,
    0.0756,
    0.0924,
    0.0895,
    0.0886,
    0.0877,
    0.0881,
    0.0878,
    0.0824,
    0.0876,
    0.083,
    0.0863,
    0.0845,
    0.0854,
    0.0854,
    0.0886,
    0.0869,
    0.0861,
    0.0824,
    0.0812,
    0.0842,
    0.0835,
    0.0815,
    0.0779,
    0.0821,
    0.0834,
    0.0808,
    0.0797,
    0.0826,
    0.0763,
    0.0803,
    0.0778,
    0.0781,
    0.0762,
    0.0787,
    0.077,
    0.0818,
    0.0745,
    0.0762,
    0.075,
    0.0751,
    0.0751,
    0.0729,
    0.0743,
    0.0737,
    0.0721,
    0.0721,
    0.073,
    0.074,
    0.0701,
    0.0731,
    0.0719,
    0.0746,
    0.0698,
    0.0721,
    0.0649,
    0.0717,
    0.0699,
    0.0732,
    0.0685,
    0.0707,
    0.0705,
    0.0679,
    0.0669,
    0.0645,
    0.0674,
    0.0654,
    0.0694,
    0.0631,
    0.0714,
    0.0679,
    0.0683,
    0.0649,
    0.0642,
    0.0654,
    0.0653,
    0.0649,
    0.0665,
    0.0649,
    0.0647,
    0.0652,
    0.0579,
    0.0627,
    0.0647,
    0.0665,
    0.0653,
    0.0626,
    0.0669,
    0.0637,
    0.0627,
    0.0636,
    0.0617,
    0.0643,
    0.0615,
    0.065,
    0.0576,
    0.0629,
    0.062,
    0.0647,
    0.0627,
    0.0597,
    0.062,
    0.0629,
    0.0584,
    0.0629,
    0.0607,
    0.0584,
    0.062,
    0.0619,
    0.0611,
    0.0633,
    0.0618,
    0.0602,
    0.0602,
    0.0637,
    0.0618,
    0.0676,
    0.0598,
    0.0614,
    0.063,
    0.0611,
    0.0606,
    0.0609,
    0.0585,
    0.0575,
    0.0584,
    0.0581,
    0.0587,
    0.0571,
    0.06,
    0.056,
    0.0584,
    0.0566,
    0.0582,
    0.0596,
    0.0578,
    0.0575,
    0.0582,
    0.0577,
    0.0584,
    0.0548,
    0.0557,
    0.0566,
    0.0591,
    0.0557,
    0.055,
    0.0561,
    0.0559,
    0.0589,
    0.0571,
    0.0573,
    0.0586,
    0.0604,
    0.053,
    0.0551,
    0.0564,
    0.0559,
    0.0566,
    0.0564,
    0.057,
    0.0565,
    0.0578,
    0.0611,
    0.0581,
    0.0589,
    0.059,
    0.0557,
    0.0564,
    0.0563,
    0.0524,
    0.0535,
    0.0539,
    0.0546,
    0.0551,
    0.0544,
    0.0565,
    0.0554,
    0.0562,
    0.0524,
    0.0537,
    0.0559,
    0.0526,
    0.0517,
    0.0548,
    0.0546,
    0.0561,
    0.0565,
    0.0554,
    0.0556,
    0.0543,
    0.0555,
    0.0562,
    0.0549,
    0.0543,
    0.0542,
    0.055,
    0.0529,
    0.0505,
    0.0588,
    0.0535,
    0.0533,
    0.054,
    0.056,
    0.0545,
    0.0542,
    0.0585,
    0.0549,
    0.0552,
    0.0528,
    0.053,
    0.0535,
    0.0528,
    0.0545,
    0.0545,
    0.0508,
    0.0543,
    0.0533,
    0.0602,
    0.0503,
    0.0533,
    0.0589,
    0.0542,
    0.0538,
    0.0529,
    0.0589,
    0.0549,
    0.0538,
    0.0535,
    0.0524,
    0.0533,
    0.0529,
    0.054,
    0.0528,
    0.0544,
    0.0535,
    0.055,
    0.0533,
    0.0533,
    0.0508,
    0.0529,
    0.0549,
    0.0542,
    0.0559,
    0.0529,
    0.052,
    0.05,
    0.0528,
    0.0497,
    0.0524,
    0.0542,
    0.0517,
    0.0556,
    0.0492,
    0.0522,
    0.0534,
    0.0492,
    0.0493,
    0.0376,
    0.0392,
    0.0354,
    0.0341,
    0.0371,
    0.0356,
    0.0383,
    0.038,
    0.0387,
    0.036,
    0.0338,
    0.0386,
    0.0378,
    0.0373,
    0.0392,
    0.0412,
    0.0394,
    0.0371,
    0.0385,
    0.0415,
    0.0368,
    0.0363,
    0.0355,
    0.0346,
    0.0381,
    0.0345,
    0.0381,
    0.0365,
    0.0384,
    0.0355,
    0.0355,
    0.0402,
    0.034,
    0.0355,
    0.0362,
    0.0369,
    0.034,
    0.0349,
    0.0366,
    0.0368,
    0.0358,
    0.0361,
    0.0394,
    0.0333,
    0.0366,
    0.0366,
    0.0385,
    0.0361,
    0.0359,
    0.0365,
    0.0325,
    0.0369,
    0.0354,
    0.0348,
    0.0336,
    0.0344,
    0.0355,
    0.0345,
    0.0376,
    0.0345,
    0.0353,
    0.036,
    0.0359,
    0.0345,
    0.0328,
    0.0383,
    0.0369,
    0.0362,
    0.0357,
    0.0347,
    0.038,
    0.0366,
    0.0404,
    0.0345,
    0.0366,
    0.0352,
    0.0377,
    0.0358,
    0.037,
    0.0375,
    0.0353,
    0.0365,
    0.0377,
    0.0415,
    0.0323,
    0.0353,
    0.0328,
    0.0327,
    0.0361,
    0.0355,
    0.0304,
    0.0353,
    0.0349,
    0.0329,
    0.0367,
    0.0381,
    0.039,
    0.0331,
    0.0367,
    0.0348,
    0.0365,
    0.0358,
    0.0339,
    0.0332,
    0.0285,
    0.0332,
    0.035,
    0.0364,
    0.0329,
    0.0327,
    0.0338,
    0.0346,
    0.0327,
    0.0324,
    0.0348,
    0.0338,
    0.0366,
    0.0367,
    0.0367,
    0.0348,
    0.0359,
    0.0357,
    0.0355,
    0.0348,
    0.0387,
    0.0369,
    0.0375,
    0.0354,
    0.0357,
    0.0347,
    0.0348,
    0.0345,
    0.0371,
    0.0354,
    0.035,
    0.0343,
    0.0392,
    0.0361,
    0.0345,
    0.0352,
    0.0359,
    0.0345,
    0.0403,
    0.0356,
    0.0354,
    0.0342,
    0.0377,
    0.034,
    0.0363,
    0.0399,
    0.0368,
    0.0384,
    0.0373,
    0.0358,
    0.0363,
    0.0358,
    0.0396,
    0.0372,
    0.0335,
    0.0358,
    0.0359,
    0.0365,
    0.0406,
    0.0365,
    0.0379,
    0.0358,
    0.0372,
    0.0365,
    0.037,
    0.0342,
    0.0323,
    0.0354,
    0.0356,
    0.0375,
    0.0344,
    0.0382,
    0.0372,
    0.0339,
    0.0349,
    0.0353,
    0.037,
    0.0377,
    0.0355,
    0.0372,
    0.0356,
    0.0363,
    0.0351,
    0.0367,
    0.0377,
    0.0297,
    0.0369,
    0.04,
    0.0384,
    0.0347,
    0.0365,
    0.0365,
    0.0365,
    0.0374,
    0.0356,
    0.0349,
    0.036,
    0.0362,
    0.0395,
    0.0351,
    0.0367,
    0.0358,
    0.0337,
    0.037,
    0.0337,
    0.0379,
    0.0367,
    0.0407,
    0.0369,
    0.0386,
    0.0362,
    0.0405,
    0.0329,
    0.0362,
    0.0371,
    0.0353,
    0.0397,
    0.037,
    0.0378,
    0.0327,
    0.0365,
    0.0351,
    0.0383,
    0.0362,
    0.0294,
    0.0399,
    0.0416,
    0.0365,
    0.0364,
    0.0371,
    0.0353,
    0.0341,
    0.0372,
    0.0381,
    0.0373,
    0.0381,
    0.0339,
    0.0369,
    0.036,
    0.0339,
    0.0383,
    0.0367,
    0.0399,
    0.0327,
    0.0357,
    0.0379,
    0.0332,
    0.0346,
    0.0352,
    0.0411,
    0.0374,
    0.0381,
    0.035,
    0.0411,
    0.036,
    0.0383,
    0.0369,
    0.0352,
    0.0346,
    0.0345,
    0.0397,
    0.038,
    0.0357,
    0.0369,
    0.0385,
    0.0334,
    0.0367,
    0.0374,
    0.0357,
    0.0355,
    0.0355,
    0.0315,
    0.039,
    0.0369,
    0.0381,
    0.0334,
    0.0341,
    0.0383,
    0.0385,
    0.0382,
    0.0312,
    0.0369,
    0.0394,
    0.0389,
    0.0369,
    0.0334,
    0.0369,
    0.035,
    0.0354,
    0.0354,
    0.0373,
    0.0376,
    0.0371,
    0.0403,
    0.0373
  ],
  "statistics": {
    "count": 625,
    "mean": 0.05111040000000001,
    "std": 0.018498324352221745,
    "min": 0.0285,
    "max": 0.0989
  },