{
  "leaves": [
    {
      "id": 1,
      "centroid": [
        0.3803435811976425,
        0.40385265836194784,
        -0.2651269082762614
      ],
      "normal": [
        0.9910199992125076,
        0.13191175446115197,
        0.02187807568828171
      ],
      "plane_equation": [
        0.9910199992125075,
        0.13191175446115194,
        0.021878075688281706,
        -0.42440054168102653
      ],
      "inlier_ratio": 1.0,
      "target_point": [
        0.47944558111889324,
        0.41704383380806304,
        -0.2629391007074332
      ],
      "fluorescence_mean": 0.01349120271688288,
      "health_status": "Stress\u00e9"
    },
    {
      "id": 2,
      "centroid": [
        0.3894341289997101,
        0.3501111832383561,
        -0.23122555201184258
      ],
      "normal": [
        0.9945225653350339,
        0.1036643995426075,
        -0.01336260853627828
      ],
      "plane_equation": [
        0.9945225653350339,
        0.1036643995426075,
        -0.01336260853627828,
        -0.4266848711204813
      ],
      "inlier_ratio": 1.0,
      "target_point": [
        0.4888863855332135,
        0.36047762319261684,
        -0.23256181286547042
      ],
      "fluorescence_mean": 0.028815921881023148,
      "health_status": "Excellent"
    },
    {
      "id": 3,
      "centroid": [
        0.36483599497721747,
        0.38794145171458905,
        -0.2881161488019503
      ],
      "normal": [
        -0.5386169064359188,
        0.5503256783503105,
        0.6379917521799726
      ],
      "plane_equation": [
        -0.5386169064359186,
        0.5503256783503104,
        0.6379917521799725,
        0.16682841900156578
      ],
      "inlier_ratio": 1.0,
      "target_point": [
        0.3109743043336256,
        0.4429740195496201,
        -0.22431697358395303
      ],
      "fluorescence_mean": 0.014272828710640523,
      "health_status": "Stress\u00e9"
    },
    {
      "id": 4,
      "centroid": [
        0.3722105475894192,
        0.3633124478030623,
        -0.4752537665659921
      ],
      "normal": [
        0.7745420331230344,
        -0.303168442983475,
        0.5551337983807254
      ],
      "plane_equation": [
        0.7745420331230343,
        -0.30316844298347495,
        0.5551337983807253,
        0.08568158346574854
      ],
      "inlier_ratio": 1.0,
      "target_point": [
        0.44966475090172264,
        0.3329956035047148,
        -0.4197403867279196
      ],
      "fluorescence_mean": 0.013386266833179283,
      "health_status": "Stress\u00e9"
    }
  ]
}