{
  "leaves": [
    {
      "id": 1,
      "centroid": [
        0.3639014354047849,
        0.3964935855347981,
        -0.27771041906157207
      ],
      "normal": [
        -0.4406109357753256,
        0.1736786732016335,
        0.8807370332568696
      ],
      "plane_equation": [
        -0.4406109357753256,
        0.1736786732016335,
        0.8807370332568696,
        0.3367575175519423
      ],
      "inlier_ratio": 0.9224806201550387,
      "target_point": [
        0.31984034182725235,
        0.41386145285496145,
        -0.1896367157358851
      ],
      "fluorescence_mean": 0.029183474087315038,
      "health_status": "Excellent"
    },
    {
      "id": 2,
      "centroid": [
        0.23061802273704893,
        0.3117898042712893,
        -0.24715407914112483
      ],
      "normal": [
        0.19551397414466448,
        -0.9039798322276658,
        -0.3802561621325824
      ],
      "plane_equation": [
        0.19551397414466445,
        -0.9039798322276656,
        -0.38025616213258234,
        0.14278078723113513
      ],
      "inlier_ratio": 1.0,
      "target_point": [
        0.2501694201515154,
        0.22139182104852267,
        -0.2851796953543831
      ],
      "fluorescence_mean": 0.013409951489196704,
      "health_status": "Stress\u00e9"
    },
    {
      "id": 3,
      "centroid": [
        0.378867972612381,
        0.40329088950157166,
        -0.2501975194215775
      ],
      "normal": [
        0.9618120898910741,
        0.2626394359190937,
        0.07705861690599372
      ],
      "plane_equation": [
        0.9618120898910741,
        0.2626394359190937,
        0.07705861690599372,
        -0.45104001346117345
      ],
      "inlier_ratio": 1.0,
      "target_point": [
        0.4750491816014884,
        0.429554833093481,
        -0.2424916577309781
      ],
      "fluorescence_mean": 0.014418564003799664,
      "health_status": "Stress\u00e9"
    },
    {
      "id": 4,
      "centroid": [
        0.35715601599968233,
        0.32765447046305685,
        -0.22946903686802667
      ],
      "normal": [
        0.0741905532499751,
        -0.9963522648828598,
        0.042165460643259274
      ],
      "plane_equation": [
        0.0741905532499751,
        -0.9963522648828598,
        0.042165460643259274,
        0.30963733896419277
      ],
      "inlier_ratio": 1.0,
      "target_point": [
        0.36457507132467987,
        0.22801924397477086,
        -0.22525249080370074
      ],
      "fluorescence_mean": 0.008907075012047143,
      "health_status": "Critique"
    },
    {
      "id": 5,
      "centroid": [
        0.37389428665240604,
        0.33483628183603287,
        -0.22942757901425162
      ],
      "normal": [
        0.6149871870899051,
        -0.7754356384172828,
        0.14314443889871245
      ],
      "plane_equation": [
        0.6149871870899051,
        -0.7754356384172828,
        0.14314443889871245,
        0.06254507241932859
      ],
      "inlier_ratio": 1.0,
      "target_point": [
        0.4353930053613966,
        0.2572927179943046,
        -0.21511313512438038
      ],
      "fluorescence_mean": 0.02855832200860634,
      "health_status": "Excellent"
    },
    {
      "id": 6,
      "centroid": [
        0.360532514986239,
        0.3278628242643256,
        -0.23726441954311572
      ],
      "normal": [
        0.1292120466845254,
        -0.9769370820515749,
        -0.16999466081071632
      ],
      "plane_equation": [
        0.12921204668452538,
        -0.9769370820515748,
        -0.1699946608107163,
        0.2333825221696038
      ],
      "inlier_ratio": 1.0,
      "target_point": [
        0.37345371965469154,
        0.23016911605916812,
        -0.25426388562418734
      ],
      "fluorescence_mean": 0.028647842669291167,
      "health_status": "Excellent"
    },
    {
      "id": 7,
      "centroid": [
        0.3491859392503674,
        0.33301272251632774,
        -0.21734024316407322
      ],
      "normal": [
        -0.17651616003281942,
        -0.9042577711733103,
        0.3887929121266812
      ],
      "plane_equation": [
        -0.17651616003281942,
        -0.9042577711733103,
        0.3887929121266812,
        0.4472666494309798
      ],
      "inlier_ratio": 1.0,
      "target_point": [
        0.3315343232470854,
        0.24258694539899672,
        -0.1784609519514051
      ],
      "fluorescence_mean": 0.012137090103727734,
      "health_status": "Stress\u00e9"
    },
    {
      "id": 8,
      "centroid": [
        0.36217552594754887,
        0.34385367679869994,
        -0.20388623780902776
      ],
      "normal": [
        0.1309927602487975,
        -0.6054785600040629,
        0.7850073949574027
      ],
      "plane_equation": [
        0.1309927602487975,
        -0.6054785600040629,
        0.7850073949574027,
        0.3208058616518803
      ],
      "inlier_ratio": 1.0,
      "target_point": [
        0.37527480197242863,
        0.28330582079829364,
        -0.1253854983132875
      ],
      "fluorescence_mean": 0.028668447584320085,
      "health_status": "Excellent"
    },
    {
      "id": 9,
      "centroid": [
        0.3723870732902009,
        0.413506559383722,
        -0.26359753255490903
      ],
      "normal": [
        -0.145572790803728,
        0.9878286638767385,
        -0.05480048723425365
      ],
      "plane_equation": [
        -0.145572790803728,
        0.9878286638767385,
        -0.05480048723425365,
        -0.36870947975995844
      ],
      "inlier_ratio": 1.0,
      "target_point": [
        0.3578297942098281,
        0.5122894257713959,
        -0.2690775812783344
      ],
      "fluorescence_mean": 0.014057650870844991,
      "health_status": "Stress\u00e9"
    },
    {
      "id": 10,
      "centroid": [
        0.3765800187859354,
        0.3505293047880825,
        -0.21087749038316025
      ],
      "normal": [
        0.7584308249360612,
        -0.29061844287099464,
        0.5833726120157204
      ],
      "plane_equation": [
        0.7584308249360611,
        -0.2906184428709946,
        0.5833726120157203,
        -0.06071946118394544
      ],
      "inlier_ratio": 1.0,
      "target_point": [
        0.4524231012795415,
        0.321467460500983,
        -0.15254022918158822
      ],
      "fluorescence_mean": 0.005130467030453047,
      "health_status": "Critique"
    },
    {
      "id": 11,
      "centroid": [
        0.2288128830989202,
        0.32347928404808046,
        -0.254567835132281
      ],
      "normal": [
        0.03535913633176304,
        -0.9336892453045432,
        -0.35633428782605875
      ],
      "plane_equation": [
        0.03535913633176303,
        -0.9336892453045431,
        -0.3563342878260587,
        0.20322725443126488
      ],
      "inlier_ratio": 1.0,
      "target_point": [
        0.2323487967320965,
        0.23011035951762615,
        -0.2902012639148869
      ],
      "fluorescence_mean": 0.01676092970488208,
      "health_status": "Normal"
    },
    {
      "id": 12,
      "centroid": [
        0.359962763304406,
        0.3726079457617821,
        -0.19391406343338338
      ],
      "normal": [
        0.3237099047165506,
        -0.0011586567934110958,
        0.9461556717067424
      ],
      "plane_equation": [
        0.3237099047165506,
        -0.0011586567934110958,
        0.9461556717067424,
        0.06738110385805704
      ],
      "inlier_ratio": 1.0,
      "target_point": [
        0.39233375377606106,
        0.37249208008244095,
        -0.09929849626270913
      ],
      "fluorescence_mean": 0.016561934401852652,
      "health_status": "Normal"
    },
    {
      "id": 13,
      "centroid": [
        0.3759658146988262,
        0.3955482630567117,
        -0.2647510292855176
      ],
      "normal": [
        0.9154532797015367,
        -0.142047694563967,
        -0.3765205773297949
      ],