{
  "timestamp": "2026-01-15T13:53:35.721615",
  "leaf_id": 4,
  "leaf_index": 0,
  "position": {
    "x": 0.43355,
    "y": 0.4117375,
    "z": -0.1819475
  },
  "camera_angles": {
    "pan": 172.80740676711198,
    "tilt": 208.325158049672
  },
  "measurements": [
    0.0727,
    0.1532,
    0.1771,
    0.1666,
    0.1683,
    0.1711,
    0.1776,
    0.1763,
    0.1726,
    0.1241,
    0.1277,
    0.1183,
    0.1195,
    0.1137,
    0.1006,
    0.1001,
    0.1079,
    0.0993,
    0.0952,
    0.0913,
    0.1006,
    0.0988,
    0.0911,
    0.085,
    0.0854,
    0.0811,
    0.0859,
    0.0838,
    0.0843,
    0.0861,
    0.0797,
    0.0779,
    0.078,
    0.0763,
    0.0773,
    0.0766,
    0.0855,
    0.0745,
    0.0746,
    0.0761,
    0.0791,
    0.0816,
    0.072,
    0.0773,
    0.0834,
    0.0778,
    0.0716,
    0.0727,
    0.0645,
    0.0818,
    0.082,
    0.0717,
    0.0759,
    0.0718,
    0.0749,
    0.0741,
    0.0809,
    0.0711,
    0.0807,
    0.075,
    0.0676,
    0.0812,
    0.078,
    0.0755,
    0.0687,
    0.0716,
    0.0766,
    0.0776,
    0.0809,
    0.0807,
    0.0712,
    0.0684,
    0.0745,
    0.0786,
    0.0786,
    0.0727,
    0.0721,
    0.071,
    0.0694,
    0.0789,
    0.0673,
    0.0761,
    0.0716
  ],
  "statistics": {
    "count": 83,
    "mean": 0.09060843373493978,
    "std": 0.029119352256876646,
    "min": 0.0645,
    "max": 0.1776
  },
  "timestamps": [
    0.0,
    0.2,
    0.4,
    0.6000000000000001,
    0.8,
    1.0,
    1.2000000000000002,
    1.4000000000000001,
    1.6,
    1.8,
    2.0,
    2.2,
    2.4000000000000004,
    2.6,
    2.8000000000000003,
    3.0,
    3.2,
    3.4000000000000004,
    3.6,
    3.8000000000000003,
    4.0,
    4.2,
    4.4,
    4.6000000000000005,
    4.800000000000001,
    5.0,
    5.2,
    5.4,
    5.6000000000000005,
    5.800000000000001,
    6.0,
    6.2,
    6.4,
    6.6000000000000005,
    6.800000000000001,
    7.0,
    7.2,
    7.4,
    7.6000000000000005,
    7.800000000000001,
    8.0,
    8.200000000000001,
    8.4,
    8.6,
    8.8,
    9.0,
    9.200000000000001,
    9.4,
    9.600000000000001,
    9.8,
    10.0,
    10.200000000000001,
    10.4,
    10.600000000000001,
    10.8,
    11.0,
    11.200000000000001,
    11.4,
    11.600000000000001,
    11.8,
    12.0,
    12.200000000000001,
    12.4,
    12.600000000000001,
    12.8,
    13.0,
    13.200000000000001,
    13.4,
    13.600000000000001,
    13.8,
    14.0,
    14.200000000000001,
    14.4,
    14.600000000000001,
    14.8,
    15.0,
    15.200000000000001,
    15.4,
    15.600000000000001,
    15.8,
    16.0,
    16.2,
    16.400000000000002
  ],
  "sequence_params": {
    "pulse_intensity": 35,
    "dark_intensity": 1,
    "pulse_duration": 1.6,
    "dark_duration": 15.0,
    "frequency": 5,
    "total_points": 83,
    "segments_count": 2
  },
  "timing_info": {
    "execution_time": 14.362747192382812,
    "theoretical_duration": 16.6,
    "start_timestamp": "2026-01-15T13:53:35.721588"
  },
  "device_info": "Ambit Fluorescence Sensor",
  "pattern_type": "leaf_targeting_measurement",
  "format_version": "2.0",
  "integration": "ROMI_leaf_targeting"
}