{
  "timestamp": "2026-01-15T13:55:20.503389",
  "leaf_id": 2,
  "leaf_index": 0,
  "position": {
    "x": 0.4357,
    "y": 0.3895625,
    "z": -0.178225
  },
  "camera_angles": {
    "pan": 51.774051348845916,
    "tilt": 233.6980391486535
  },
  "measurements": [
    0.0669,
    0.1552,
    0.1666,
    0.1645,
    0.1824,
    0.1723,
    0.1809,
    0.1656,
    0.1716,
    0.1214,
    0.1235,
    0.1112,
    0.1167,
    0.1097,
    0.1072,
    0.1,
    0.0995,
    0.1,
    0.1042,
    0.0886,
    0.1003,
    0.0933,
    0.1,
    0.0845,
    0.0961,
    0.0859,
    0.0823,
    0.085,
    0.0916,
    0.0872,
    0.0898,
    0.0818,
    0.0936,
    0.076,
    0.0915,
    0.0908,
    0.0838,
    0.0741,
    0.0755,
    0.0766,
    0.0786,
    0.0786,
    0.0764,
    0.0888,
    0.085,
    0.0757,
    0.0762,
    0.0813,
    0.0825,
    0.073,
    0.0805,
    0.0729,
    0.0739,
    0.0701,
    0.0759,
    0.0721,
    0.0719,
    0.0802,
    0.0739,
    0.0671,
    0.0714,
    0.0705,
    0.0698,
    0.0791,
    0.0741,
    0.0746,
    0.0689,
    0.07,
    0.0782,
    0.0818,
    0.0814,
    0.075,
    0.0758,
    0.0704,
    0.075,
    0.0705,
    0.0675,
    0.0687,
    0.0644,
    0.0726,
    0.0705,
    0.0784,
    0.0696
  ],
  "statistics": {
    "count": 83,
    "mean": 0.09109036144578314,
    "std": 0.028841346719462473,
    "min": 0.0644,
    "max": 0.1824
  },
  "timestamps": [
    0.0,
    0.2,
    0.4,
    0.6000000000000001,
    0.8,
    1.0,
    1.2000000000000002,
    1.4000000000000001,
    1.6,
    1.8,
    2.0,
    2.2,
    2.4000000000000004,
    2.6,
    2.8000000000000003,
    3.0,
    3.2,
    3.4000000000000004,
    3.6,
    3.8000000000000003,
    4.0,
    4.2,
    4.4,
    4.6000000000000005,
    4.800000000000001,
    5.0,
    5.2,
    5.4,
    5.6000000000000005,
    5.800000000000001,
    6.0,
    6.2,
    6.4,
    6.6000000000000005,
    6.800000000000001,
    7.0,
    7.2,
    7.4,
    7.6000000000000005,
    7.800000000000001,
    8.0,
    8.200000000000001,
    8.4,
    8.6,
    8.8,
    9.0,
    9.200000000000001,
    9.4,
    9.600000000000001,
    9.8,
    10.0,
    10.200000000000001,
    10.4,
    10.600000000000001,
    10.8,
    11.0,
    11.200000000000001,
    11.4,
    11.600000000000001,
    11.8,
    12.0,
    12.200000000000001,
    12.4,
    12.600000000000001,
    12.8,
    13.0,
    13.200000000000001,
    13.4,
    13.600000000000001,
    13.8,
    14.0,
    14.200000000000001,
    14.4,
    14.600000000000001,
    14.8,
    15.0,
    15.200000000000001,
    15.4,
    15.600000000000001,
    15.8,
    16.0,
    16.2,
    16.400000000000002
  ],
  "sequence_params": {
    "pulse_intensity": 35,
    "dark_intensity": 1,
    "pulse_duration": 1.6,
    "dark_duration": 15.0,
    "frequency": 5,
    "total_points": 83,
    "segments_count": 2
  },
  "timing_info": {
    "execution_time": 14.386078596115112,
    "theoretical_duration": 16.6,
    "start_timestamp": "2026-01-15T13:55:20.503352"
  },
  "device_info": "Ambit Fluorescence Sensor",
  "pattern_type": "leaf_targeting_measurement",
  "format_version": "2.0",
  "integration": "ROMI_leaf_targeting"
}