{
  "timestamp": "2026-01-15T13:51:44.652762",
  "leaf_id": 1,
  "leaf_index": 0,
  "position": {
    "x": 0.386525,
    "y": 0.2925,
    "z": -0.190155
  },
  "camera_angles": {
    "pan": 0.0,
    "tilt": 0.0
  },
  "measurements": [
    0.1567,
    0.1626,
    0.1654,
    0.1723,
    0.1825,
    0.169,
    0.1748,
    0.1585,
    0.125,
    0.1155,
    0.1135,
    0.1101,
    0.1058,
    0.1026,
    0.1024,
    0.107,
    0.0953,
    0.0947,
    0.0909,
    0.0886,
    0.0913,
    0.0965,
    0.0838,
    0.0855,
    0.0921,
    0.097,
    0.0875,
    0.0812,
    0.0825,
    0.0882,
    0.0814,
    0.0841,
    0.0807,
    0.087,
    0.0832,
    0.0734,
    0.0777,
    0.0811,
    0.077,
    0.0734,
    0.0823,
    0.0868,
    0.0784,
    0.0782,
    0.0718,
    0.087,
    0.0762,
    0.0743,
    0.0875,
    0.0748,
    0.0721,
    0.0789,
    0.0857,
    0.0741,
    0.0816,
    0.0739,
    0.0818,
    0.0716,
    0.0856,
    0.0837,
    0.0725,
    0.0712,
    0.0662,
    0.0698,
    0.0686,
    0.0691,
    0.0714,
    0.0777,
    0.0683,
    0.0668,
    0.0678,
    0.0687,
    0.0718,
    0.0653,
    0.0684,
    0.0787,
    0.0761,
    0.0686,
    0.0703,
    0.065,
    0.0791,
    0.0675
  ],
  "statistics": {
    "count": 82,
    "mean": 0.09040243902439025,
    "std": 0.02831775266511062,
    "min": 0.065,
    "max": 0.1825
  },
  "timestamps": [
    0.0,
    0.2,
    0.4,
    0.6000000000000001,
    0.8,
    1.0,
    1.2000000000000002,
    1.4000000000000001,
    1.6,
    1.8,
    2.0,
    2.2,
    2.4000000000000004,
    2.6,
    2.8000000000000003,
    3.0,
    3.2,
    3.4000000000000004,
    3.6,
    3.8000000000000003,
    4.0,
    4.2,
    4.4,
    4.6000000000000005,
    4.800000000000001,
    5.0,
    5.2,
    5.4,
    5.6000000000000005,
    5.800000000000001,
    6.0,
    6.2,
    6.4,
    6.6000000000000005,
    6.800000000000001,
    7.0,
    7.2,
    7.4,
    7.6000000000000005,
    7.800000000000001,
    8.0,
    8.200000000000001,
    8.4,
    8.6,
    8.8,
    9.0,
    9.200000000000001,
    9.4,
    9.600000000000001,
    9.8,
    10.0,
    10.200000000000001,
    10.4,
    10.600000000000001,
    10.8,
    11.0,
    11.200000000000001,
    11.4,
    11.600000000000001,
    11.8,
    12.0,
    12.200000000000001,
    12.4,
    12.600000000000001,
    12.8,
    13.0,
    13.200000000000001,
    13.4,
    13.600000000000001,
    13.8,
    14.0,
    14.200000000000001,
    14.4,
    14.600000000000001,
    14.8,
    15.0,
    15.200000000000001,
    15.4,
    15.600000000000001,
    15.8,
    16.0,
    16.2
  ],
  "sequence_params": {
    "pulse_intensity": 35,
    "dark_intensity": 1,
    "pulse_duration": 1.6,
    "dark_duration": 15.0,
    "frequency": 5,
    "total_points": 82,
    "segments_count": 2
  },
  "timing_info": {
    "execution_time": 14.372991800308228,
    "theoretical_duration": 16.6,
    "start_timestamp": "2026-01-15T13:51:44.652727"
  },
  "device_info": "Ambit Fluorescence Sensor",
  "pattern_type": "leaf_targeting_measurement",
  "format_version": "2.0",
  "integration": "ROMI_leaf_targeting"
}