{
  "leaves": [
    {
      "id": 1,
      "centroid": [
        0.38652948590068076,
        0.292510834607211,
        -0.1901554742029735
      ],
      "normal": [
        0.01375756302606381,
        -0.7567489895941912,
        0.6535607823360844
      ],
      "plane_equation": [
        0.01375756302606381,
        -0.7567489895941912,
        0.6535607823360844,
        0.3403177352562343
      ],
      "inlier_ratio": 1.0,
      "target_point": [
        0.38790524220328715,
        0.21683593564779186,
        -0.12479939596936505
      ],
      "fluorescence_mean": 0.017106746500699654,
      "health_status": "Normal"
    },
    {
      "id": 2,
      "centroid": [
        0.4357062473016627,
        0.3895667791366577,
        -0.17822421239871605
      ],
      "normal": [
        0.46513361689403415,
        -0.3662834289561064,
        0.8059076672344239
      ],
      "plane_equation": [
        0.46513361689403415,
        -0.3662834289561064,
        0.8059076672344239,
        0.08366249221775404
      ],
      "inlier_ratio": 1.0,
      "target_point": [
        0.4822196089910661,
        0.3529384362410471,
        -0.09763344567527366
      ],
      "fluorescence_mean": 0.00971364388186979,
      "health_status": "Critique"
    },
    {
      "id": 3,
      "centroid": [
        0.31290348681310814,
        0.3054761377473672,
        -0.25006116771449644
      ],
      "normal": [
        -0.6279140917351987,
        -0.7692977362620613,
        0.11791898228202477
      ],
      "plane_equation": [
        -0.6279140917351987,
        -0.7692977362620613,
        0.11791898228202477,
        0.4609655683793049
      ],
      "inlier_ratio": 1.0,
      "target_point": [
        0.25011207763958826,
        0.22854636412116108,
        -0.23826926948629396
      ],
      "fluorescence_mean": 0.022049956204850323,
      "health_status": "Bon"
    },
    {
      "id": 4,
      "centroid": [
        0.4335586564881461,
        0.41174322537013464,
        -0.18194862008094786
      ],
      "normal": [
        0.11015935726938438,
        0.8733770878810573,
        0.474423205977954
      ],
      "plane_equation": [
        0.11015935726938436,
        0.8733770878810572,
        0.47442320597795395,
        -0.32104699440376594
      ],
      "inlier_ratio": 1.0,
      "target_point": [
        0.44457459221508455,
        0.4990809341582404,
        -0.13450629948315246
      ],
      "fluorescence_mean": 0.016118746279788293,
      "health_status": "Normal"
    },
    {
      "id": 5,
      "centroid": [
        0.3470005113631487,
        0.35005808528512716,
        -0.32406089175492525
      ],
      "normal": [
        -0.9602968412679738,
        0.21035940802441808,
        -0.18324545316697055
      ],
      "plane_equation": [
        -0.9602968412679738,
        0.21035940802441808,
        -0.18324545316697055,
        0.20020279842233887
      ],
      "inlier_ratio": 1.0,
      "target_point": [
        0.25097082723635133,
        0.371094026087569,
        -0.3423854370716223
      ],
      "fluorescence_mean": 0.024162965939857672,
      "health_status": "Bon"
    },
    {
      "id": 6,
      "centroid": [
        0.39082607440650463,
        0.3752125008031726,
        -0.25799999944865704
      ],
      "normal": [
        0.5311582535973607,
        0.8419158405826833,
        -0.0951242714103804
      ],
      "plane_equation": [
        0.5311582535973607,
        0.8419158405826833,
        -0.0951242714103804,
        -0.548029905124337
      ],
      "inlier_ratio": 1.0,
      "target_point": [
        0.4439418997662407,
        0.4594040848614409,
        -0.2675124265896951
      ],
      "fluorescence_mean": 0.025626382079053916,
      "health_status": "Excellent"
    },
    {
      "id": 7,
      "centroid": [
        0.392037371173501,
        0.3726725345477462,
        -0.2796600637957454
      ],
      "normal": [
        0.9005052867943917,
        0.4254830617944316,
        -0.08974626778527575
      ],
      "plane_equation": [
        0.9005052867943916,
        0.42548306179443157,
        -0.08974626778527574,
        -0.5366960233830392
      ],
      "inlier_ratio": 1.0,
      "target_point": [
        0.4820878998529402,
        0.41522084072718934,
        -0.28863469057427293
      ],
      "fluorescence_mean": 0.0073704393553938475,
      "health_status": "Critique"
    },
    {
      "id": 8,
      "centroid": [
        0.3921457904000436,
        0.372554027265118,
        -0.28957880120123586
      ],
      "normal": [
        0.27724185256555345,
        0.9607465504882694,
        -0.010149921719467495
      ],
      "plane_equation": [
        0.2772418525655534,
        0.9607465504882693,
        -0.010149921719467494,
        -0.46958842413557583
      ],
      "inlier_ratio": 1.0,
      "target_point": [
        0.41986997565659895,
        0.46862868231394494,
        -0.2905937933731826
      ],
      "fluorescence_mean": 0.011272920976935021,
      "health_status": "Stress\u00e9"
    },
    {
      "id": 9,
      "centroid": [
        0.30678191061677607,
        0.31110321036700544,
        -0.2530248925603669
      ],
      "normal": [
        -0.9180727139663937,
        -0.37726002464382874,
        0.12172660217108694
      ],
      "plane_equation": [
        -0.9180727139663937,
        -0.37726002464382874,
        0.12172660217108694,
        0.4298147665216477
      ],
      "inlier_ratio": 1.0,
      "target_point": [
        0.2149746392201367,
        0.27337720790262254,
        -0.24085223234325823
      ],
      "fluorescence_mean": 0.026822700936608528,
      "health_status": "Excellent"
    }
  ]
}