{
  "leaves": [
    {
      "id": 1,
      "centroid": [
        0.38726422092416785,
        0.2925057326044355,
        -0.19107851926442032
      ],
      "normal": [
        0.2289516347502703,
        -0.781510680916732,
        0.5803638553168562
      ],
      "plane_equation": [
        0.2289516347502703,
        -0.781510680916732,
        0.5803638553168562,
        0.2507888961305419
      ],
      "inlier_ratio": 0.967032967032967,
      "target_point": [
        0.41015938439919486,
        0.2143546645127623,
        -0.1330421337327347
      ],
      "fluorescence_mean": 0.026885348050950844,
      "health_status": "Excellent"
    },
    {
      "id": 2,
      "centroid": [
        0.436369211458769,
        0.4113842669080515,
        -0.18389013116476965
      ],
      "normal": [
        0.1762058779579456,
        0.9767949099240907,
        0.12175053395963951
      ],
      "plane_equation": [
        0.17620587795794557,
        0.9767949099240906,
        0.1217505339596395,
        -0.45634015629832814
      ],
      "inlier_ratio": 1.0,
      "target_point": [
        0.45398979925456356,
        0.5090637579004607,
        -0.1717150777688057
      ],
      "fluorescence_mean": 0.014774172683958045,
      "health_status": "Stress\u00e9"
    },
    {
      "id": 3,
      "centroid": [
        0.3901573649297158,
        0.37323455202082795,
        -0.3139220265050729
      ],
      "normal": [
        0.9132660515794089,
        0.39907764132913726,
        -0.08174445072131305
      ],
      "plane_equation": [
        0.9132660515794088,
        0.3990776413291372,
        -0.08174445072131303,
        -0.530928424472976
      ],
      "inlier_ratio": 1.0,
      "target_point": [
        0.4814839700876567,
        0.4131423161537417,
        -0.3220964715772042
      ],
      "fluorescence_mean": 0.007063868039412297,
      "health_status": "Critique"
    },
    {
      "id": 4,
      "centroid": [
        0.43657785070979077,
        0.38925421302733215,
        -0.17884205314128296
      ],
      "normal": [
        0.4817114957148589,
        -0.3861066865871997,
        0.7866865077454981
      ],
      "plane_equation": [
        0.48171149571485883,
        -0.38610668658719965,
        0.786686507745498,
        0.08068171519445021
      ],
      "inlier_ratio": 1.0,
      "target_point": [
        0.48474900028127665,
        0.35064354436861217,
        -0.10017340236673314
      ],
      "fluorescence_mean": 0.02144643063279244,
      "health_status": "Bon"
    },
    {
      "id": 5,
      "centroid": [
        0.3128900672938373,
        0.3057072815057394,
        -0.24766989052295685
      ],
      "normal": [
        -0.5986032497013679,
        -0.7483275141535308,
        0.2857972725687896
      ],
      "plane_equation": [
        -0.5986032497013679,
        -0.7483275141535308,
        0.2857972725687896,
        0.48684956031806614
      ],
      "inlier_ratio": 1.0,
      "target_point": [
        0.25302974232370046,
        0.2308745300903863,
        -0.2190901632660779
      ],
      "fluorescence_mean": 0.025876212836746314,
      "health_status": "Excellent"
    },
    {
      "id": 6,
      "centroid": [
        0.39194389763805604,
        0.3729935669236713,
        -0.27889186557796264
      ],
      "normal": [
        0.8961346068013755,
        0.43553559541204423,
        -0.08515580791713705
      ],
      "plane_equation": [
        0.8961346068013754,
        0.4355355954120442,
        -0.08515580791713703,
        -0.5374357279878502
      ],
      "inlier_ratio": 1.0,
      "target_point": [
        0.4815573583181936,
        0.41654712646487574,
        -0.28740744636967636
      ],
      "fluorescence_mean": 0.017831126541174438,
      "health_status": "Normal"
    },
    {
      "id": 7,
      "centroid": [
        0.3470005113631487,
        0.35005808528512716,
        -0.32406089175492525
      ],
      "normal": [
        -0.9602968412679738,
        0.21035940802441808,
        -0.18324545316697055
      ],
      "plane_equation": [
        -0.9602968412679738,
        0.21035940802441808,
        -0.18324545316697055,
        0.20020279842233887
      ],
      "inlier_ratio": 1.0,
      "target_point": [
        0.25097082723635133,
        0.371094026087569,
        -0.3423854370716223
      ],
      "fluorescence_mean": 0.02633541717027833,
      "health_status": "Excellent"
    },
    {
      "id": 8,
      "centroid": [
        0.39082607440650463,
        0.3752125008031726,
        -0.25799999944865704
      ],
      "normal": [
        0.5311582535973607,
        0.8419158405826833,
        -0.0951242714103804
      ],
      "plane_equation": [
        0.5311582535973607,
        0.8419158405826833,
        -0.0951242714103804,
        -0.548029905124337
      ],
      "inlier_ratio": 1.0,
      "target_point": [
        0.4439418997662407,
        0.4594040848614409,
        -0.2675124265896951
      ],
      "fluorescence_mean": 0.0168322721238144,
      "health_status": "Normal"
    },
    {
      "id": 9,
      "centroid": [
        0.3921457904000436,
        0.372554027265118,
        -0.28957880120123586
      ],
      "normal": [
        0.27724185256555345,
        0.9607465504882694,
        -0.010149921719467495
      ],
      "plane_equation": [
        0.2772418525655534,
        0.9607465504882693,
        -0.010149921719467494,
        -0.46958842413557583
      ],
      "inlier_ratio": 1.0,
      "target_point": [
        0.41986997565659895,
        0.46862868231394494,
        -0.2905937933731826
      ],
      "fluorescence_mean": 0.02282951945804882,
      "health_status": "Bon"
    },
    {
      "id": 10,
      "centroid": [
        0.30678191061677607,
        0.31110321036700544,
        -0.2530248925603669
      ],
      "normal": [
        -0.9180727139663937,
        -0.37726002464382874,
        0.12172660217108694
      ],
      "plane_equation": [
        -0.9180727139663937,
        -0.37726002464382874,
        0.12172660217108694,
        0.4298147665216477
      ],
      "inlier_ratio": 1.0,
      "target_point": [
        0.2149746392201367,
        0.27337720790262254,
        -0.24085223234325823
      ],
      "fluorescence_mean": 0.021084422995494782,
      "health_status": "Bon"
    }
  ]
}