{
  "timestamp": "2026-02-26T13:49:51.856639",
  "leaf_id": 2,
  "leaf_index": 0,
  "position": {
    "x": 0.31465,
    "y": 0.3810125,
    "z": -0.226295
  },
  "camera_angles": {
    "pan": -174.94535530318123,
    "tilt": 228.9588185959954
  },
  "measurements": [
    0.0182,
    0.0218,
    0.0159,
    0.0209,
    0.0221,
    0.0228,
    0.02,
    0.0218,
    0.0258,
    0.0198,
    0.0207,
    0.0234,
    0.0205,
    0.0213,
    0.0221,
    0.0202,
    0.0207,
    0.0225,
    0.0221,
    0.02,
    0.0213,
    0.0195,
    0.0223,
    0.02,
    0.0205,
    0.0234,
    0.0243,
    0.0244,
    0.0264,
    0.0227,
    0.0234,
    0.0246,
    0.0244,
    0.0221,
    0.023,
    0.0243,
    0.0271,
    0.0255,
    0.0218,
    0.0225,
    0.025,
    0.0257,
    0.0255,
    0.0227,
    0.0234,
    0.028,
    0.0266,
    0.0241,
    0.0244,
    0.0232,
    0.0202,
    0.0241,
    0.0243,
    0.0236,
    0.0237,
    0.0257,
    0.0227,
    0.0239,
    0.0267,
    0.0296,
    0.0236,
    0.0237,
    0.0241,
    0.0246,
    0.0283,
    0.0243,
    0.0236,
    0.0248,
    0.0246,
    0.025,
    0.0252,
    0.0239,
    0.0276,
    0.0234,
    0.0246,
    0.0312,
    0.057,
    0.0599,
    0.0596,
    0.0578,
    0.0575,
    0.0568,
    0.058,
    0.0553,
    0.0566,
    0.0539,
    0.0541,
    0.0512,
    0.0514,
    0.0514,
    0.0507,
    0.05,
    0.0512,
    0.0502,
    0.0511,
    0.0506,
    0.0571,
    0.0502,
    0.0534,
    0.0537,
    0.055,
    0.0555,
    0.0583,
    0.0546,
    0.0559,
    0.0548,
    0.0569,
    0.0562,
    0.0566,
    0.0567,
    0.0573,
    0.0566,
    0.056,
    0.052,
    0.0557,
    0.0541,
    0.0558,
    0.0565,
    0.0561,
    0.0553,
    0.0581,
    0.0571,
    0.0553,
    0.0566,
    0.055,
    0.0574,
    0.0569,
    0.0562,
    0.0555,
    0.0559,
    0.0543,
    0.0543,
    0.0543,
    0.0557,
    0.055,
    0.055,
    0.0551,
    0.0541,
    0.052,
    0.0513,
    0.0583,
    0.0553,
    0.0574,
    0.055,
    0.0546,
    0.0548,
    0.0464,
    0.0532,
    0.0543,
    0.0546,
    0.0546,
    0.0548,
    0.0581,
    0.0546,
    0.0557,
    0.0546,
    0.0555,
    0.055,
    0.0555,
    0.0551,
    0.0548,
    0.0532,
    0.0579,
    0.0545,
    0.0539,
    0.0555,
    0.0566,
    0.0559,
    0.0538,
    0.0557,
    0.0543,
    0.0555,
    0.0539,
    0.0576,
    0.0522,
    0.0551,
    0.0534,
    0.0544,
    0.0551,
    0.0555,
    0.0479,
    0.0529,
    0.0551,
    0.0613,
    0.0574,
    0.053,
    0.0546,
    0.0581,
    0.0529,
    0.055,
    0.055,
    0.0564,
    0.055,
    0.0544,
    0.0562,
    0.0566,
    0.052,
    0.055,
    0.0534,
    0.0555,
    0.0555,
    0.0551,
    0.0546,
    0.0565,
    0.0525,
    0.0527,
    0.0539,
    0.0548,
    0.0532,
    0.0583,
    0.0563,
    0.0539,
    0.055,
    0.0534,
    0.0555,
    0.0534,
    0.0546,
    0.0539,
    0.0525,
    0.0536,
    0.0532,
    0.0535,
    0.0537,
    0.0556,
    0.0539,
    0.0546,
    0.0523,
    0.0532,
    0.0536,
    0.0539,
    0.0566,
    0.0541,
    0.0506,
    0.0518,
    0.053,
    0.053,
    0.055,
    0.0541,
    0.0562,
    0.0538,
    0.0541,
    0.0535,
    0.0534,
    0.0534,
    0.053,
    0.0539,
    0.053,
    0.055,
    0.0523,
    0.0518,
    0.0539,
    0.0532,
    0.0532,
    0.0458,
    0.0343,
    0.052,
    0.0537,
    0.0553,
    0.053,
    0.0534,
    0.052,
    0.0544,
    0.0541,
    0.0537,
    0.0535,
    0.0515,
    0.0532,
    0.0536,
    0.0535,
    0.0521,
    0.055,
    0.052,
    0.055,
    0.0539,
    0.053,
    0.053,
    0.0546,
    0.0565,
    0.0492,
    0.0518,
    0.0548,
    0.0527,
    0.0532,
    0.0523,
    0.0528,
    0.0523,
    0.0516,
    0.0511,
    0.0516,
    0.053,
    0.0502,
    0.0516,
    0.0514,
    0.0513,
    0.053,
    0.0488,
    0.0521,
    0.0569,
    0.0472,
    0.052,
    0.0516,
    0.05,
    0.0562,
    0.0518,
    0.0498,
    0.0525,
    0.0535,
    0.0534,
    0.0598,
    0.0532,
    0.0525,
    0.0528,
    0.0509,
    0.0504,
    0.052,
    0.0528,
    0.0525,
    0.0525,
    0.0511,
    0.05,
    0.0519,
    0.0523,
    0.0535,
    0.0518,
    0.0541,
    0.0518,
    0.0509,
    0.0511,
    0.0514,
    0.0518,
    0.0518,
    0.0532,
    0.0518,
    0.0513,
    0.0525,
    0.0521,
    0.0523,
    0.0523,
    0.0504,
    0.0469,
    0.0514,
    0.0493,
    0.0497,
    0.0569,
    0.0502,
    0.054,
    0.0506,
    0.056,
    0.0539,
    0.052,
    0.0518,
    0.0514,
    0.0516,
    0.0511,
    0.0478,
    0.0518,
    0.0527,
    0.0516,
    0.0477,
    0.0525,
    0.0521,
    0.0516,
    0.0537,
    0.0511,
    0.0553,
    0.0514,
    0.0523,
    0.0496,
    0.05,
    0.0514,
    0.0523,
    0.0516,
    0.0474,
    0.052,
    0.0507,
    0.0516,
    0.05,
    0.0511,
    0.04,
    0.0526,
    0.046,
    0.0543,
    0.0346,
    0.0374,
    0.0362,
    0.0357,
    0.0361,
    0.0402,
    0.0353,
    0.0369,
    0.0388,
    0.0365,
    0.0417,
    0.0357,
    0.0348,
    0.0348,
    0.0364,
    0.0317,
    0.0299,
    0.0357,
    0.0335,
    0.0349,
    0.044,
    0.0361,
    0.0328,
    0.0315,
    0.0337,
    0.0353,
    0.0321,
    0.0324,
    0.0309,
    0.0275,
    0.0291,
    0.0309,
    0.0309,
    0.0332,
    0.031,
    0.0314,
    0.0314,
    0.0268,
    0.0268,
    0.0293,
    0.0291,
    0.0291,
    0.0279,
    0.0291,
    0.0284,
    0.0293,
    0.0288,
    0.0286,
    0.0295,
    0.0283,
    0.0291,
    0.0297,
    0.0288,
    0.0295,
    0.0288,
    0.0311,
    0.0276,
    0.0279,
    0.0281,
    0.0283,
    0.0272,
    0.029,
    0.0256,
    0.0281,
    0.026,
    0.0272,
    0.0276,
    0.027,
    0.0256,
    0.0255,
    0.0292,
    0.0272,
    0.0267,
    0.0311,
    0.0263,
    0.0272,
    0.0279,
    0.0267,
    0.0272,
    0.0277,
    0.0271,
    0.0306,
    0.0255,
    0.0279,
    0.027,
    0.026,
    0.0265,
    0.0249,
    0.0248,
    0.026,
    0.0272,
    0.026,
    0.0244,
    0.0262,
    0.0244,
    0.0265,
    0.0257,
    0.026,
    0.026,
    0.0274,
    0.0223,
    0.0255,
    0.0267,
    0.026,
    0.0235,
    0.0271,
    0.0214,
    0.0255,
    0.0276,
    0.0255,
    0.0251,
    0.0205,
    0.0264,
    0.025,
    0.0258,
    0.0226,
    0.0258,
    0.0223,
    0.0257,
    0.0264,
    0.0248,
    0.0267,
    0.0269,
    0.0253,
    0.0265,
    0.0251,
    0.0248,
    0.0276,
    0.0267,
    0.0276,
    0.0253,
    0.0234,
    0.0265,
    0.0249,
    0.0241,
    0.026,
    0.0246,
    0.0281,
    0.0288,
    0.0241,
    0.0248,
    0.0301,
    0.0248,
    0.0251,
    0.0234,
    0.0239,
    0.0242,
    0.0237,
    0.0255,
    0.0244,
    0.0235,
    0.0257,
    0.0234,
    0.025,
    0.0294,
    0.0273,
    0.0244,
    0.0255,
    0.0253,
    0.0221,
    0.0246,
    0.0273,
    0.0241,
    0.0281,
    0.0257,
    0.0257,
    0.0255,
    0.0242,
    0.0264,
    0.0246,
    0.0248,
    0.0246,
    0.0242,
    0.0255,
    0.0253,
    0.0232,
    0.025,
    0.0242,
    0.0248,
    0.0223,
    0.0271,
    0.0207,
    0.0228,
    0.025,
    0.025,
    0.025,
    0.0248,
    0.0234,
    0.0244,
    0.0244,
    0.026,
    0.0246,
    0.0262,
    0.0241,
    0.0232,
    0.0243,
    0.0248,
    0.0237,
    0.0253,
    0.0244,
    0.0244,
    0.0239,
    0.0246,
    0.0298,
    0.0232,
    0.0262,
    0.0244,
    0.0239,
    0.026,
    0.0257,
    0.025,
    0.0232,
    0.0191,
    0.0258,
    0.0241,
    0.0273,
    0.0241,
    0.0239,
    0.0251,
    0.025,
    0.0255,
    0.0202,
    0.0246,
    0.0241,
    0.02,
    0.0262,
    0.0241,
    0.0232,
    0.0244,
    0.0234,
    0.0266,
    0.0239,
    0.0244,
    0.026,
    0.0239,
    0.0244,
    0.0236,
    0.026,
    0.0248,
    0.0251,
    0.0246,
    0.0253,
    0.0244,
    0.0285,
    0.0223,
    0.025,
    0.025,
    0.0241,
    0.0246,
    0.0223,
    0.0262,
    0.0227,
    0.0255,
    0.0245,
    0.026,
    0.0228,
    0.0271,
    0.025,
    0.0255,
    0.026,
    0.0228,
    0.0269,
    0.026,
    0.0228,
    0.0244,
    0.0174,
    0.0225,
    0.0253,
    0.0234,
    0.0243,
