{
  "timestamp": "2026-02-26T13:58:19.772791",
  "leaf_id": 14,
  "leaf_index": 0,
  "position": {
    "x": 0.5140625,
    "y": 0.4416375,
    "z": -0.295245
  },
  "camera_angles": {
    "pan": 131.3883122574762,
    "tilt": 219.7665869233118
  },
  "measurements": [
    0.0746,
    0.08,
    0.0766,
    0.0794,
    0.0826,
    0.0844,
    0.0867,
    0.0808,
    0.0835,
    0.0837,
    0.0833,
    0.0835,
    0.083,
    0.083,
    0.0835,
    0.0838,
    0.083,
    0.0824,
    0.0824,
    0.0819,
    0.0832,
    0.0827,
    0.0844,
    0.0864,
    0.0872,
    0.0839,
    0.0839,
    0.0801,
    0.0883,
    0.0849,
    0.0862,
    0.0858,
    0.0841,
    0.0855,
    0.0862,
    0.0875,
    0.0847,
    0.0855,
    0.089,
    0.0837,
    0.0812,
    0.0855,
    0.0867,
    0.0869,
    0.0849,
    0.0853,
    0.0834,
    0.0849,
    0.0844,
    0.0855,
    0.0863,
    0.0846,
    0.0863,
    0.0837,
    0.0872,
    0.0837,
    0.0856,
    0.0826,
    0.0855,
    0.0862,
    0.0871,
    0.084,
    0.0848,
    0.08,
    0.0851,
    0.0846,
    0.0844,
    0.0843,
    0.0841,
    0.0901,
    0.0849,
    0.0886,
    0.0869,
    0.0864,
    0.0873,
    0.1316,
    0.2751,
    0.2655,
    0.2608,
    0.2659,
    0.264,
    0.2623,
    0.2613,
    0.2579,
    0.2492,
    0.2532,
    0.251,
    0.247,
    0.2379,
    0.2378,
    0.2406,
    0.2388,
    0.2373,
    0.2393,
    0.2362,
    0.237,
    0.2404,
    0.2363,
    0.239,
    0.2387,
    0.2368,
    0.2394,
    0.241,
    0.2439,
    0.2429,
    0.241,
    0.2464,
    0.2475,
    0.2464,
    0.2482,
    0.2471,
    0.2505,
    0.2478,
    0.2521,
    0.2487,
    0.2521,
    0.2518,
    0.2499,
    0.2522,
    0.2522,
    0.2543,
    0.2529,
    0.2515,
    0.2535,
    0.2536,
    0.2536,
    0.2529,
    0.2525,
    0.2529,
    0.2529,
    0.2522,
    0.2574,
    0.2498,
    0.252,
    0.2508,
    0.2531,
    0.2533,
    0.2514,
    0.2527,
    0.2518,
    0.2507,
    0.2495,
    0.2486,
    0.2499,
    0.2486,
    0.2497,
    0.2486,
    0.2491,
    0.2488,
    0.2481,
    0.2529,
    0.2481,
    0.2449,
    0.2454,
    0.2464,
    0.2452,
    0.2473,
    0.2459,
    0.2428,
    0.2435,
    0.2432,
    0.2428,
    0.2418,
    0.242,
    0.2409,
    0.2386,
    0.2403,
    0.2408,
    0.2399,
    0.2341,
    0.2395,
    0.2379,
    0.2383,
    0.2382,
    0.2347,
    0.2396,
    0.2355,
    0.2371,
    0.2354,
    0.2341,
    0.2342,
    0.2328,
    0.2317,
    0.2305,
    0.2341,
    0.2259,
    0.2303,
    0.2273,
    0.2267,
    0.2267,
    0.2256,
    0.2239,
    0.2256,
    0.2224,
    0.2226,
    0.2195,
    0.222,
    0.2194,
    0.2214,
    0.218,
    0.2176,
    0.2179,
    0.2158,
    0.2152,
    0.2127,
    0.2134,
    0.2142,
    0.2139,
    0.216,
    0.2064,
    0.2108,
    0.2093,
    0.2087,
    0.2071,
    0.2088,
    0.2074,
    0.2062,
    0.2039,
    0.2053,
    0.2062,
    0.2024,
    0.2001,
    0.2012,
    0.2072,
    0.1997,
    0.2018,
    0.1991,
    0.1967,
    0.1979,
    0.192,
    0.1962,
    0.1983,
    0.1955,
    0.1928,
    0.1928,
    0.1986,
    0.1919,
    0.1902,
    0.1909,
    0.1958,
    0.1887,
    0.1886,
    0.1833,
    0.1954,
    0.1895,
    0.1841,
    0.1895,
    0.1883,
    0.1832,
    0.1848,
    0.1844,
    0.1884,
    0.1837,
    0.1781,
    0.1795,
    0.186,
    0.1788,
    0.1791,
    0.18,
    0.1851,
    0.1765,
    0.1776,
    0.1763,
    0.1772,
    0.1773,
    0.1738,
    0.1763,
    0.1723,
    0.1733,
    0.1734,
    0.1707,
    0.1741,
    0.1708,
    0.1682,
    0.1692,
    0.1694,
    0.1711,
    0.168,
    0.168,
    0.1696,
    0.1666,
    0.1665,
    0.1656,
    0.1658,
    0.1649,
    0.1642,
    0.1637,
    0.1639,
    0.1642,
    0.1632,
    0.1637,
    0.163,
    0.1657,
    0.1611,
    0.1625,
    0.1593,
    0.1609,
    0.1584,
    0.1594,
    0.1586,
    0.1619,
    0.1558,
    0.1577,
    0.1576,
    0.1553,
    0.156,
    0.1575,
    0.1572,
    0.1572,
    0.1563,
    0.1554,
    0.1568,
    0.1549,
    0.1568,
    0.153,
    0.1512,
    0.154,
    0.1526,
    0.1514,
    0.1504,
    0.1523,
    0.1468,
    0.1506,
    0.1516,
    0.1513,
    0.1493,
    0.15,
    0.1467,
    0.148,
    0.1501,
    0.1471,
    0.1498,
    0.1475,
    0.1468,
    0.1481,
    0.1467,
    0.1443,
    0.1456,
    0.1464,
    0.1461,
    0.1432,
    0.1449,
    0.143,
    0.1492,
    0.1436,
    0.1437,
    0.1444,
    0.1459,
    0.1423,
    0.1426,
    0.1415,
    0.1435,
    0.1424,
    0.1402,
    0.1394,
    0.1424,
    0.1401,
    0.1411,
    0.1392,
    0.1401,
    0.1398,
    0.1396,
    0.1407,
    0.1404,
    0.1403,
    0.1379,
    0.1376,
    0.1396,
    0.1367,
    0.1361,
    0.1416,
    0.1377,
    0.1376,
    0.1373,
    0.1366,
    0.1382,
    0.135,
    0.1375,
    0.1375,
    0.133,
    0.1378,
    0.1369,
    0.1017,
    0.1023,
    0.1033,
    0.1028,
    0.1021,
    0.1043,
    0.1001,
    0.103,
    0.1005,
    0.1016,
    0.1006,
    0.1047,
    0.1007,
    0.1019,
    0.0988,
    0.0976,
    0.0966,
    0.0958,
    0.0973,
    0.0965,
    0.0935,
    0.0944,
    0.0969,
    0.0942,
    0.0939,
    0.0914,
    0.0987,
    0.0916,
    0.0929,
    0.0927,
    0.0899,
    0.0936,
    0.0881,
    0.0885,
    0.0901,
    0.0924,
    0.0926,
    0.091,
    0.0873,
    0.0898,
    0.0887,
    0.0872,
    0.0879,
    0.0865,
    0.0882,
    0.088,
    0.0872,
    0.0849,
    0.0868,
    0.0868,
    0.0847,
    0.0877,
    0.0873,
    0.0863,
    0.0849,
    0.0888,
    0.0854,
    0.0841,
    0.0865,
    0.0839,
    0.0853,
    0.0853,
    0.0858,
    0.0856,
    0.0858,
    0.0833,
    0.0846,
    0.0853,
    0.0844,
    0.0855,
    0.0828,
    0.0846,
    0.0814,
    0.0835,
    0.0818,
    0.0853,
    0.0837,
    0.0842,
    0.0804,
    0.0776,
    0.0838,
    0.0851,
    0.0807,
    0.0875,
    0.0848,
    0.0836,
    0.0857,
    0.0778,
    0.0837,
    0.0838,
    0.0809,
    0.0811,
    0.0825,
    0.0831,
    0.0878,
    0.0827,
    0.0822,
    0.0825,
    0.0816,
    0.0843,
    0.0836,
    0.0818,
    0.0839,
    0.0843,
    0.0861,
    0.0823,
    0.0831,
    0.084,
    0.0824,
    0.0817,
    0.0822,
    0.083,
    0.0887,
    0.0837,
    0.0815,
    0.0825,
    0.082,
    0.076,
    0.0838,
    0.0831,
    0.0817,
    0.082,
    0.0822,
    0.0826,
    0.0842,
    0.0826,
    0.0833,
    0.0822,
    0.0822,
    0.0825,
    0.0829,
    0.082,
    0.0829,
    0.0861,
    0.0895,
    0.0877,
    0.0819,
    0.0815,
    0.0884,
    0.0824,
    0.082,
    0.0828,
    0.0819,
    0.0863,
    0.0822,
    0.0836,
    0.0833,
    0.085,
    0.0815,
    0.0827,
    0.084,
    0.0808,
    0.0828,
    0.0821,
    0.0829,
    0.0837,
    0.0821,
    0.0843,
    0.0805,
    0.0826,
    0.0852,
    0.0836,
    0.0837,
    0.0836,
    0.088,
    0.0824,
    0.0812,
    0.0821,
    0.0812,
    0.0836,
    0.0826,
    0.0821,
    0.0819,
    0.0833,
    0.0845,
    0.0828,
    0.0821,
    0.0766,
    0.0833,
    0.0822,
    0.0842,
    0.0851,
    0.084,
    0.0815,
    0.0833,
    0.0826,
    0.0842,
    0.0815,
    0.0833,
    0.083,
    0.0884,
    0.0824,
    0.0837,
    0.0842,
    0.0842,
    0.0824,
    0.0798,
    0.0837,
    0.0854,
    0.0844,
    0.0835,
    0.0828,
    0.08,
    0.0867,
    0.0858,
    0.0826,
    0.0828,
    0.0861,
    0.0842,
    0.0849,
    0.0877,
    0.0828,
    0.0832,
    0.0842,
    0.083,
    0.0837,
    0.087,
    0.0835,
    0.0826,
    0.0837,
    0.0835,
    0.0869,
    0.0853,
    0.0895,
    0.0835,
    0.0856,
    0.0833,
    0.0842,
    0.0839,
    0.0886,
    0.0837,
    0.0853,
    0.0826,
    0.0839,
    0.0842,
    0.0838,
    0.0834,
    0.0846,
    0.0832,
    0.0835,
    0.0872,
    0.0844,
    0.0863,
    0.0831,
    0.087,
    0.0835,
    0.0848,
    0.0815,
    0.0848,
    0.0835,
    0.0837,
    0.0766,
    0.0846,
    0.0844,
    0.0837,
    0.0849,
    0.0849,
    0.0858,
    0.0846,
    0.0823,
    0.0864,
    0.0857,
    0.0835,
    0.0865,
    0.083,
    0.0816,
    0.0865,
