{
  "leaves": [
    {
      "id": 1,
      "centroid": [
        0.4134945004530575,
        0.3050804594936578,
        -0.2301106663501781
      ],
      "normal": [
        0.8864399168976398,
        -0.2269636364536248,
        0.40337548445369403
      ],
      "plane_equation": [
        0.8864399168976398,
        -0.2269636364536248,
        0.40337548445369403,
        -0.2047772852467877
      ],
      "inlier_ratio": 0.9565217391304348,
      "target_point": [
        0.5021384921428215,
        0.2823840958482953,
        -0.1897731179048087
      ],
      "fluorescence_mean": 0.01960433311703552,
      "health_status": "Normal"
    },
    {
      "id": 2,
      "centroid": [
        0.41797550495933083,
        0.3080275717903586,
        -0.24349222376066096
      ],
      "normal": [
        0.9793225717297452,
        -0.09487374717994597,
        -0.17867924500812551
      ],
      "plane_equation": [
        0.9793225717297452,
        -0.09487374717994597,
        -0.17867924500812551,
        -0.42361612317322406
      ],
      "inlier_ratio": 1.0,
      "target_point": [
        0.5159077621323054,
        0.298540197072364,
        -0.2613601482614735
      ],
      "fluorescence_mean": 0.018059401547675356,
      "health_status": "Normal"
    },
    {
      "id": 3,
      "centroid": [
        0.4037800051626705,
        0.33481423556804657,
        -0.22891585688505853
      ],
      "normal": [
        0.5733127416599184,
        0.7596628100937584,
        0.30696077145270867
      ],
      "plane_equation": [
        0.5733127416599184,
        0.7596628100937584,
        0.30696077145270867,
        -0.41556995681108705
      ],
      "inlier_ratio": 1.0,
      "target_point": [
        0.46111127932866236,
        0.4107805165774224,
        -0.19821977973978766
      ],
      "fluorescence_mean": 0.020589560717018136,
      "health_status": "Bon"
    },
    {
      "id": 4,
      "centroid": [
        0.3942810069573553,
        0.3256152178111829,
        -0.21477688652904411
      ],
      "normal": [
        0.225492690924641,
        0.32092615267241525,
        0.9198692574874139
      ],
      "plane_equation": [
        0.225492690924641,
        0.32092615267241525,
        0.9198692574874139,
        0.004058028087512246
      ],
      "inlier_ratio": 0.9868421052631579,
      "target_point": [
        0.41683027604981937,
        0.35770783307842446,
        -0.12278996078030271
      ],
      "fluorescence_mean": 0.026558325481311703,
      "health_status": "Excellent"
    },
    {
      "id": 5,
      "centroid": [
        0.22900993085425833,
        0.32124165218809375,
        -0.2877212585746378
      ],
      "normal": [
        -0.330261221478341,
        0.9365950169525687,
        -0.11712087690609192
      ],
      "plane_equation": [
        -0.330261221478341,
        0.9365950169525687,
        -0.11712087690609192,
        -0.2589383972911671
      ],
      "inlier_ratio": 1.0,
      "target_point": [
        0.19598380870642423,
        0.41490115388335064,
        -0.29943334626524704
      ],
      "fluorescence_mean": 0.010186993144741837,
      "health_status": "Stress\u00e9"
    },
    {
      "id": 6,
      "centroid": [
        0.400598889326348,
        0.3126436498235254,
        -0.213991029516739
      ],
      "normal": [
        -0.4548068235266049,
        -0.8263563943663097,
        0.332093153743873
      ],
      "plane_equation": [
        -0.4548068235266049,
        -0.8263563943663097,
        0.332093153743873,
        0.5116151434176059
      ],
      "inlier_ratio": 1.0,
      "target_point": [
        0.3551182069736875,
        0.2300080103868944,
        -0.18078171414235172
      ],
      "fluorescence_mean": 0.023676829567923743,
      "health_status": "Bon"
    },
    {
      "id": 7,
      "centroid": [
        0.22723745721489635,
        0.3304725840910157,
        -0.2985716831328264
      ],
      "normal": [
        -0.24487920110378494,
        0.33565268508102414,
        0.9095996107434693
      ],
      "plane_equation": [
        -0.24487920110378494,
        0.33565268508102414,
        0.9095996107434693,
        0.21635311249481648
      ],
      "inlier_ratio": 0.9850746268656716,
      "target_point": [
        0.20274953710451787,
        0.36403785259911814,
        -0.20761172205847944
      ],
      "fluorescence_mean": 0.019960249933413696,
      "health_status": "Normal"
    },
    {
      "id": 8,
      "centroid": [
        0.41534029520474947,
        0.3141650276688429,
        -0.25239021932849515
      ],
      "normal": [
        0.9667400577309738,
        0.13940619822150827,
        -0.21442847916202526
      ],
      "plane_equation": [
        0.9667400577309738,
        0.13940619822150827,
        -0.21442847916202526,
        -0.4994423039716867
      ],
      "inlier_ratio": 1.0,
      "target_point": [
        0.5120143009778468,
        0.32810564749099375,
        -0.2738330672446977
      ],
      "fluorescence_mean": 0.025150331530262412,
      "health_status": "Excellent"
    },
    {
      "id": 9,
      "centroid": [
        0.3761267785144889,
        0.36252269537552545,
        -0.3068515088247216
      ],
      "normal": [
        -0.4923785829018878,
        0.42644037945633356,
        0.7587568344790492
      ],
      "plane_equation": [
        -0.4923785829018878,
        0.42644037945633356,
        0.7587568344790492,
        0.26342813390991016
      ],
      "inlier_ratio": 1.0,
      "target_point": [
        0.3268889202243001,
        0.4051667333211588,
        -0.2309758253768167
      ],
      "fluorescence_mean": 0.02318628442228571,
      "health_status": "Bon"
    },
    {
      "id": 10,
      "centroid": [
        0.22722833485979782,
        0.32817956962083517,
        -0.29053202428315816
      ],
      "normal": [
        -0.06476669354707897,
        0.7138747974471439,
        0.6972718615983139
      ],
      "plane_equation": [
        -0.06476669354707895,
        0.7138747974471438,
        0.6972718615983138,
        -0.016982490434442773
      ],
      "inlier_ratio": 1.0,
      "target_point": [
        0.22075166550508993,
        0.39956704936554954,
        -0.22080483812332677
      ],
      "fluorescence_mean": 0.015427740854838216,
      "health_status": "Normal"
    },
    {
      "id": 11,
      "centroid": [
        0.41127032276831177,
        0.3226319527939746,
        -0.22583480532232084
      ],
      "normal": [
        0.853433157559732,
        0.3362790746982348,
        0.3982062650156635
      ],
      "plane_equation": [
        0.853433157559732,
        0.3362790746982348,
        0.3982062650156635,
        -0.36955727038647196
      ],
      "inlier_ratio": 1.0,
      "target_point": [
        0.496613638524285,
        0.3562598602637981,
        -0.1860141788207545
      ],
      "fluorescence_mean": 0.02927627191753281,
      "health_status": "Excellent"
    },
    {
      "id": 12,
      "centroid": [
        0.3862615128358205,
        0.3727608563171493,
        -0.2925528734922409
      ],
      "normal": [
        0.9564635689585377,
        0.1926510074711477,
        -0.21923282276029868
      ],
      "plane_equation": [
        0.9564635689585376,
        0.19265100747114766,
        -0.21923282276029865,
        -0.5053950118959198
      ],
      "inlier_ratio": 1.0,
      "target_point": [
        0.48190786973167427,
        0.3920259570642641,
        -0.31447615576827076
      ],
      "fluorescence_mean": 0.017766596060762533,
      "health_status": "Normal"
    }
  ]
}