{
  "timestamp": "2025-12-10T15:48:58.208578",
  "leaf_id": 10,
  "leaf_index": 0,
  "position": {
    "x": 0.2149625,
    "y": 0.273375,
    "z": -0.24085
  },
  "camera_angles": {
    "pan": -67.66244520688213,
    "tilt": 186.99218802630998
  },
  "measurements": [
    0.0134078,
    0.008710800000000001,
    0.0010248,
    0.0066612,
    0.0088816,
    0.0156282,
    0.008113,
    0.0065758,
    0.0094794,
    0.0070882,
    0.0105896,
    0.0094794,
    0.0164822,
    0.0099064,
    0.0087962,
    0.015371999999999999,
    0.012724599999999999,
    0.014945000000000002,
    0.0134078,
    0.0086254,
    0.0126392,
    0.006404999999999999,
    0.0143472,
    0.0070882,
    0.008113,
    0.0101626,
    0.0090524,
    0.011529,
    0.0104188,
    0.0080276,
    0.0109312,
    0.010675,
    0.0077714,
    0.0088816,
    0.0131516,
    0.0070882,
    0.010675,
    0.0090524,
    0.0105042,
    0.010675,
    0.0083692,
    0.0070882,
    0.011101999999999999,
    0.0091378,
    0.016653,
    0.012724599999999999,
    0.006404999999999999,
    0.0076006,
    0.0159698,
    0.010675,
    0.0066612,
    0.012980799999999999,
    0.0080276,
    0.013920199999999999,
    0.0141764,
    0.0100772,
    0.0105042,
    0.0107604,
    0.0109312,
    0.0110166,
    0.011956,
    0.00854,
    0.0109312,
    0.0146888,
    0.0081984,
    0.0096502,
    0.011870599999999999,
    0.0133224,
    0.0107604,
    0.0092232,
    0.0135786,
    0.0065758,
    0.0105896,
    0.007856799999999999,
    0.0080276,
    0.0114436,
    0.012383,
    0.0081984,
    0.0133224,
    0.011956,
    0.007856799999999999,
    0.0103334,
    0.0133224,
    0.008283800000000001,
    0.014005600000000002,
    0.006404999999999999,
    0.005978,
    0.0064903999999999995,
    0.0087962,
    0.009821,
    0.0138348,
    0.014091000000000001,
    0.0066612,
    0.0110166,
    0.0057218,
    0.0112728,
    0.008710800000000001,
    0.0121268,
    0.014091000000000001,
    0.0110166
  ],
  "statistics": {
    "count": 100,
    "mean": 0.010307780000000002,
    "std": 0.0028429992208933155,
    "min": 0.0010248,
    "max": 0.016653
  }
}