{
  "timestamp": "2025-12-15T11:04:39.248311",
  "leaf_id": 2,
  "leaf_index": 1,
  "position": {
    "x": 0.4822125,
    "y": 0.3529375,
    "z": -0.0976325
  },
  "camera_angles": {
    "pan": 51.77530592839401,
    "tilt": 233.70063712358382
  },
  "measurements": [
    0.0105896,
    0.0112728,
    0.011870599999999999,
    0.013664,
    0.012809999999999998,
    0.0077714,
    0.012553799999999999,
    0.0086254,
    0.0052948,
    0.0077714,
    0.0121268,
    0.0112728,
    0.0105896,
    0.008454600000000001,
    0.0126392,
    0.0062342,
    0.0099918,
    0.007259000000000001,
    0.0083692,
    0.0050386,
    0.0103334,
    0.0105896,
    0.006832,
    0.014432599999999999,
    0.0073444,
    0.0099064,
    0.0065758,
    0.010675,
    0.0116998,
    0.013664,
    0.006404999999999999,
    0.0108458,
    0.0126392,
    0.0121268,
    0.0128954,
    0.007685999999999999,
    0.0128954,
    0.0064903999999999995,
    0.0124684,
    0.011358199999999999,
    0.0041846,
    0.0070882,
    0.012041399999999999,
    0.0062342,
    0.0137494,
    0.0133224,
    0.014432599999999999,
    0.011614399999999999,
    0.0134078,
    0.0108458,
    0.0075152000000000005,
    0.0156282,
    0.011358199999999999,
    0.008710800000000001,
    0.006404999999999999,
    0.0128954,
    0.0104188,
    0.0124684,
    0.0100772,
    0.0128954,
    0.014945000000000002,
    0.0117852,
    0.0124684,
    0.0077714,
    0.0067466,
    0.0151158,
    0.011101999999999999,
    0.0071736,
    0.0095648,
    0.0066612,
    0.0100772,
    0.0067466,
    0.0055509999999999995,
    0.011870599999999999,
    0.012724599999999999,
    0.014945000000000002,
    0.012553799999999999,
    0.0055509999999999995,
    0.0134078,
    0.0088816,
    0.0100772,
    0.0105042,
    0.0063196,
    0.0138348,
    0.008967000000000001,
    0.0077714,
    0.0087962,
    0.0105042,
    0.0107604,
    0.0124684,
    0.0080276,
    0.0067466,
    0.008967000000000001,
    0.005124,
    0.014518000000000001,
    0.0077714,
    0.011870599999999999,
    0.0077714,
    0.015457400000000001,
    0.012297599999999999
  ],
  "statistics": {
    "count": 100,
    "mean": 0.010215547999999998,
    "std": 0.002846698036760485,
    "min": 0.0041846,
    "max": 0.0156282
  }
}