{
  "timestamp": "2025-12-15T11:02:02.116849",
  "leaf_id": 4,
  "leaf_index": 0,
  "position": {
    "x": 0.2215625,
    "y": 0.264425,
    "z": -0.2294625
  },
  "camera_angles": {
    "pan": -61.881338850135286,
    "tilt": 192.3527511537772
  },
  "measurements": [
    0.012809999999999998,
    0.013920199999999999,
    0.005807199999999999,
    0.008454600000000001,
    0.012809999999999998,
    0.018361,
    0.0062342,
    0.013236999999999999,
    0.0181902,
    0.0134932,
    0.005807199999999999,
    0.0105896,
    0.0083692,
    0.011529,
    0.007259000000000001,
    0.014859599999999999,
    0.0121268,
    0.0054656,
    0.0097356,
    0.0158844,
    0.0090524,
    0.0141764,
    0.013664,
    0.013920199999999999,
    0.0134932,
    0.0122122,
    0.0105896,
    0.005978,
    0.0126392,
    0.0079422,
    0.0069174,
    0.0073444,
    0.0124684,
    0.0122122,
    0.0137494,
    0.015030400000000001,
    0.0075152000000000005,
    0.011358199999999999,
    0.010248,
    0.0121268,
    0.0093086,
    0.005124,
    0.0155428,
    0.014432599999999999,
    0.007259000000000001,
    0.006148799999999999,
    0.007259000000000001,
    0.0146034,
    0.006832,
    0.0053802,
    0.016909200000000003,
    0.011956,
    0.0069174,
    0.0112728,
    0.005124,
    0.0069174,
    0.012724599999999999,
    0.008283800000000001,
    0.0077714,
    0.0076006,
    0.010675,
    0.0079422,
    0.008283800000000001,
    0.0108458,
    0.008454600000000001,
    0.006404999999999999,
    0.0137494,
    0.0067466,
    0.009394,
    0.011870599999999999,
    0.016226,
    0.0109312,
    0.013664,
    0.014005600000000002,
    0.005978,
    0.0146888,
    0.0049532,
    0.0151158,
    0.009821,
    0.0122122,
    0.0035868,
    0.0044408,
    0.0111874,
    0.009821,
    0.010248,
    0.0111874,
    0.0108458,
    0.0095648,
    0.00854,
    0.0071736,
    0.0156282,
    0.0095648,
    0.010675,
    0.0077714,
    0.0121268,
    0.014432599999999999,
    0.0100772,
    0.0131516,
    0.0055509999999999995,
    0.012724599999999999
  ],
  "statistics": {
    "count": 100,
    "mean": 0.010452106000000001,
    "std": 0.003412515931503324,
    "min": 0.0035868,
    "max": 0.018361
  }
}