{
  "leaves": [
    {
      "id": 1,
      "centroid": [
        0.38726422092416785,
        0.2925057326044355,
        -0.19107851926442032
      ],
      "normal": [
        0.20626224727886455,
        -0.7904798977080348,
        0.5767125945104435
      ],
      "plane_equation": [
        0.20626224727886455,
        -0.7904798977080348,
        0.5767125945104435,
        0.26153930168984807
      ],
      "inlier_ratio": 1.0,
      "target_point": [
        0.4078904456520543,
        0.21345774283363203,
        -0.13340725981337598
      ],
      "fluorescence_mean": 0.0076342643150831375,
      "health_status": "Critique"
    },
    {
      "id": 2,
      "centroid": [
        0.4357062473016627,
        0.3895667791366577,
        -0.17822421239871605
      ],
      "normal": [
        0.46513361689403415,
        -0.3662834289561064,
        0.8059076672344239
      ],
      "plane_equation": [
        0.46513361689403415,
        -0.3662834289561064,
        0.8059076672344239,
        0.08366249221775404
      ],
      "inlier_ratio": 1.0,
      "target_point": [
        0.4822196089910661,
        0.3529384362410471,
        -0.09763344567527366
      ],
      "fluorescence_mean": 0.007473490674338513,
      "health_status": "Critique"
    },
    {
      "id": 3,
      "centroid": [
        0.3901573649297158,
        0.37323455202082795,
        -0.3139220265050729
      ],
      "normal": [
        0.9132660515794089,
        0.39907764132913726,
        -0.08174445072131305
      ],
      "plane_equation": [
        0.9132660515794088,
        0.3990776413291372,
        -0.08174445072131303,
        -0.530928424472976
      ],
      "inlier_ratio": 1.0,
      "target_point": [
        0.4814839700876567,
        0.4131423161537417,
        -0.3220964715772042
      ],
      "fluorescence_mean": 0.012553256564917379,
      "health_status": "Stress\u00e9"
    },
    {
      "id": 4,
      "centroid": [
        0.3077212979153889,
        0.3104655822602714,
        -0.2508563064947361
      ],
      "normal": [
        -0.8615524727542482,
        -0.4603995345992659,
        0.21391494859364066
      ],
      "plane_equation": [
        -0.8615524727542482,
        -0.4603995345992659,
        0.21391494859364066,
        0.46171816862808107
      ],
      "inlier_ratio": 1.0,
      "target_point": [
        0.22156605063996404,
        0.2644256288003448,
        -0.22946481163537205
      ],
      "fluorescence_mean": 0.008005801007727305,
      "health_status": "Critique"
    },
    {
      "id": 5,
      "centroid": [
        0.4335586564881461,
        0.41174322537013464,
        -0.18194862008094786
      ],
      "normal": [
        0.11015935726938438,
        0.8733770878810573,
        0.474423205977954
      ],
      "plane_equation": [
        0.11015935726938436,
        0.8733770878810572,
        0.47442320597795395,
        -0.32104699440376594
      ],
      "inlier_ratio": 1.0,
      "target_point": [
        0.44457459221508455,
        0.4990809341582404,
        -0.13450629948315246
      ],
      "fluorescence_mean": 0.007645131648300531,
      "health_status": "Critique"
    },
    {
      "id": 6,
      "centroid": [
        0.39216474692026776,
        0.37243333639520587,
        -0.28930127349766815
      ],
      "normal": [
        0.2999872348316353,
        0.948462670000963,
        0.10210887597419666
      ],
      "plane_equation": [
        0.29998723483163525,
        0.9484626700009627,
        0.10210887597419663,
        -0.44134330680707234
      ],
      "inlier_ratio": 1.0,
      "target_point": [
        0.4221634704034313,
        0.46727960339530217,
        -0.2790903859002485
      ],
      "fluorescence_mean": 0.02593699577412743,
      "health_status": "Excellent"
    },
    {
      "id": 7,
      "centroid": [
        0.3110325535138448,
        0.31953122489380115,
        -0.239647955605478
      ],
      "normal": [
        -0.7687905868294908,
        -0.08699366072554361,
        0.6335559459084386
      ],
      "plane_equation": [
        -0.7687905868294908,
        -0.08699366072554361,
        0.6335559459084386,
        0.41874647750726457
      ],
      "inlier_ratio": 1.0,
      "target_point": [
        0.2341534948308957,
        0.3108318588212468,
        -0.17629236101463414
      ],
      "fluorescence_mean": 0.02228273869100321,
      "health_status": "Bon"
    },
    {
      "id": 8,
      "centroid": [
        0.3470005113631487,
        0.35005808528512716,
        -0.32406089175492525
      ],
      "normal": [
        -0.9602968412679738,
        0.21035940802441808,
        -0.18324545316697055
      ],
      "plane_equation": [
        -0.9602968412679738,
        0.21035940802441808,
        -0.18324545316697055,
        0.20020279842233887
      ],
      "inlier_ratio": 1.0,
      "target_point": [
        0.25097082723635133,
        0.371094026087569,
        -0.3423854370716223
      ],
      "fluorescence_mean": 0.011033203540109917,
      "health_status": "Stress\u00e9"
    },
    {
      "id": 9,
      "centroid": [
        0.39082607440650463,
        0.3752125008031726,
        -0.25799999944865704
      ],
      "normal": [
        0.5311582535973607,
        0.8419158405826833,
        -0.0951242714103804
      ],
      "plane_equation": [
        0.5311582535973607,
        0.8419158405826833,
        -0.0951242714103804,
        -0.548029905124337
      ],
      "inlier_ratio": 1.0,
      "target_point": [
        0.4439418997662407,
        0.4594040848614409,
        -0.2675124265896951
      ],
      "fluorescence_mean": 0.016999968758063318,
      "health_status": "Normal"
    },
    {
      "id": 10,
      "centroid": [
        0.3920092910528183,
        0.3728131949901581,
        -0.2793040951093038
      ],
      "normal": [
        0.8994659793177802,
        0.4279465680302568,
        -0.08844595502922478
      ],
      "plane_equation": [
        0.8994659793177802,
        0.4279465680302568,
        -0.08844595502922478,
        -0.5368464656264408
      ],
      "inlier_ratio": 1.0,
      "target_point": [
        0.4819558889845963,
        0.41560785179318377,
        -0.2881486906122263
      ],
      "fluorescence_mean": 0.01153937730197779,
      "health_status": "Stress\u00e9"
    }
  ]
}