{
  "leaves": [
    {
      "id": 1,
      "centroid": [
        0.3088161022617267,
        0.4281567833744563,
        -0.26363037096766323
      ],
      "normal": [
        -0.3126405432549774,
        0.5018349257651423,
        0.8064847165294124
      ],
      "plane_equation": [
        -0.31264054325497737,
        0.5018349257651422,
        0.8064847165294123,
        0.09429827137482823
      ],
      "inlier_ratio": 1.0,
      "target_point": [
        0.27755204793622895,
        0.4783402759509705,
        -0.18298189931472197
      ],
      "fluorescence_mean": 0.027611862471015516,
      "health_status": "Excellent"
    },
    {
      "id": 2,
      "centroid": [
        0.29886660120066477,
        0.37359656165627875,
        -0.26294384353301103
      ],
      "normal": [
        -0.31327566664943624,
        0.28547986737330555,
        0.9057370490434138
      ],
      "plane_equation": [
        -0.3132756666494362,
        0.2854798673733055,
        0.9057370490434137,
        0.22496132429654087
      ],
      "inlier_ratio": 0.9764705882352941,
      "target_point": [
        0.26753903453572114,
        0.4021445483936093,
        -0.17237013862866965
      ],
      "fluorescence_mean": 0.02503680169324754,
      "health_status": "Excellent"
    },
    {
      "id": 3,
      "centroid": [
        0.3956605389893773,
        0.432633664234575,
        -0.2715016783001911
      ],
      "normal": [
        0.8519166467643383,
        0.4121408310055846,
        0.32307578427333694
      ],
      "plane_equation": [
        0.8519166467643383,
        0.4121408310055846,
        0.32307578427333694,
        -0.42768270741640874
      ],
      "inlier_ratio": 0.9879518072289156,
      "target_point": [
        0.48085220366581116,
        0.47384774733513346,
        -0.23919409987285742
      ],
      "fluorescence_mean": 0.023259751176593395,
      "health_status": "Bon"
    },
    {
      "id": 4,
      "centroid": [
        0.45782158554416813,
        0.3096659252904866,
        -0.2703184563003174
      ],
      "normal": [
        0.8945633458126206,
        0.10721129695866954,
        0.4338918737807492
      ],
      "plane_equation": [
        0.8945633458126206,
        0.10721129695866954,
        0.4338918737807492,
        -0.3254611133022652
      ],
      "inlier_ratio": 1.0,
      "target_point": [
        0.5472779201254302,
        0.32038705498635356,
        -0.2269292689222425
      ],
      "fluorescence_mean": 0.010780103936327893,
      "health_status": "Stress\u00e9"
    },
    {
      "id": 5,
      "centroid": [
        0.4308846890926361,
        0.3160712399653026,
        -0.24536631980112622
      ],
      "normal": [
        0.6030229354709298,
        0.23408768877501948,
        0.76260493917886
      ],
      "plane_equation": [
        0.6030229354709298,
        0.23408768877501948,
        0.76260493917886,
        -0.14670416872937403
      ],
      "inlier_ratio": 1.0,
      "target_point": [
        0.4911869826397291,
        0.33948000884280455,
        -0.16910582588324022
      ],
      "fluorescence_mean": 0.02366502641895851,
      "health_status": "Bon"
    },
    {
      "id": 6,
      "centroid": [
        0.4518540105782449,
        0.32841161265969276,
        -0.2758381445892155
      ],
      "normal": [
        0.8663980801158112,
        0.2792756177311213,
        0.41395591083174216
      ],
      "plane_equation": [
        0.8663980801158112,
        0.2792756177311213,
        0.41395591083174216,
        -0.3690179728676638
      ],
      "inlier_ratio": 1.0,
      "target_point": [
        0.538493818589826,
        0.3563391744328049,
        -0.2344425535060413
      ],
      "fluorescence_mean": 0.021870419934421837,
      "health_status": "Bon"
    },
    {
      "id": 7,
      "centroid": [
        0.37877895482002744,
        0.4306725812336755,
        -0.2528744349403987
      ],
      "normal": [
        0.587034546482441,
        0.19663170055332518,
        0.7853193080356947
      ],
      "plane_equation": [
        0.5870345464824409,
        0.19663170055332516,
        0.7853193080356946,
        -0.1084530377222243
      ],
      "inlier_ratio": 1.0,
      "target_point": [
        0.43748240946827155,
        0.45033575128900805,
        -0.17434250413682922
      ],
      "fluorescence_mean": 0.009663083421345274,
      "health_status": "Critique"
    },
    {
      "id": 8,
      "centroid": [
        0.4234753308757659,
        0.2742245836604026,
        -0.29845246384220736
      ],
      "normal": [
        0.42998973249432704,
        -0.8557645939125834,
        0.28770782011458845
      ],
      "plane_equation": [
        0.42998973249432704,
        -0.8557645939125834,
        0.28770782011458845,
        0.138448753015644
      ],
      "inlier_ratio": 1.0,
      "target_point": [
        0.4664743041251986,
        0.18864812426914424,
        -0.26968168183074853
      ],
      "fluorescence_mean": 0.015901035163532428,
      "health_status": "Normal"
    },
    {
      "id": 9,
      "centroid": [
        0.30575887326683315,
        0.32408621108957697,
        -0.2789734053824629
      ],
      "normal": [
        -0.8826033805492141,
        -0.43638057405004704,
        0.1748807228794834
      ],
      "plane_equation": [
        -0.8826033805492141,
        -0.43638057405004704,
        0.1748807228794834,
        0.46007581281263626
      ],
      "inlier_ratio": 1.0,
      "target_point": [
        0.21749853521191176,
        0.28044815368457227,
        -0.26148533309451455
      ],
      "fluorescence_mean": 0.011639529435243733,
      "health_status": "Stress\u00e9"
    }
  ]
}