{
  "leaves": [
    {
      "id": 1,
      "centroid": [
        0.39624025916631245,
        0.3285973306778258,
        -0.21730772082784536
      ],
      "normal": [
        0.29208320987093755,
        0.4722905684250338,
        0.8316423615282282
      ],
      "plane_equation": [
        0.29208320987093755,
        0.4722905684250338,
        0.8316423615282282,
        -0.09032547099559374
      ],
      "inlier_ratio": 0.9823008849557522,
      "target_point": [
        0.4254485801534062,
        0.3758263875203292,
        -0.13414348467502252
      ],
      "fluorescence_mean": 0.028395030294148898,
      "health_status": "Excellent"
    },
    {
      "id": 2,
      "centroid": [
        0.41781000104001775,
        0.3080420676738985,
        -0.24402120661350987
      ],
      "normal": [
        0.973119652653893,
        -0.09165741286262177,
        -0.2112748453699528
      ],
      "plane_equation": [
        0.973119652653893,
        -0.09165741286262177,
        -0.2112748453699528,
        -0.42990032680580115
      ],
      "inlier_ratio": 1.0,
      "target_point": [
        0.5151219663054071,
        0.29887632638763634,
        -0.26514869115050516
      ],
      "fluorescence_mean": 0.009565735749590772,
      "health_status": "Critique"
    },
    {
      "id": 3,
      "centroid": [
        0.4134945004530575,
        0.3050804594936578,
        -0.2301106663501781
      ],
      "normal": [
        0.895103345987371,
        -0.21826471023526395,
        0.3887808074842807
      ],
      "plane_equation": [
        0.895103345987371,
        -0.21826471023526395,
        0.3887808074842807,
        -0.21423630034072957
      ],
      "inlier_ratio": 0.9782608695652174,
      "target_point": [
        0.5030048350517946,
        0.2832539884701314,
        -0.19123258560175002
      ],
      "fluorescence_mean": 0.007838705154895733,
      "health_status": "Critique"
    },
    {
      "id": 4,
      "centroid": [
        0.2289525208728654,
        0.3212588961635317,
        -0.287786854164941
      ],
      "normal": [
        -0.2991438902747528,
        0.9511217825928849,
        -0.07668303325129891
      ],
      "plane_equation": [
        -0.2991438902747528,
        0.9511217825928849,
        -0.07668303325129891,
        -0.2591349551179772
      ],
      "inlier_ratio": 1.0,
      "target_point": [
        0.19903813184539013,
        0.4163710744228202,
        -0.2954551574900709
      ],
      "fluorescence_mean": 0.025899427073544434,
      "health_status": "Excellent"
    },
    {
      "id": 5,
      "centroid": [
        0.22749879335363707,
        0.33128209511439005,
        -0.2990721652905146
      ],
      "normal": [
        -0.45722659992342,
        0.0524597409280105,
        0.8878016737448938
      ],
      "plane_equation": [
        -0.45722659992342,
        0.0524597409280105,
        0.8878016737448938,
        0.3521562958034032
      ],
      "inlier_ratio": 1.0,
      "target_point": [
        0.18177613336129506,
        0.3365280692071911,
        -0.2102919979160252
      ],
      "fluorescence_mean": 0.008024805727191057,
      "health_status": "Critique"
    },
    {
      "id": 6,
      "centroid": [
        0.39814265738142296,
        0.31428213702871444,
        -0.2130641296822974
      ],
      "normal": [
        -0.5508710430203783,
        -0.7389999186394626,
        0.3878404494279939
      ],
      "plane_equation": [
        -0.5508710430203783,
        -0.7389999186394626,
        0.3878404494279939,
        0.5342146224496326
      ],
      "inlier_ratio": 1.0,
      "target_point": [
        0.3430555530793851,
        0.2403821451647682,
        -0.17428008473949802
      ],
      "fluorescence_mean": 0.02624344286877824,
      "health_status": "Excellent"
    },
    {
      "id": 7,
      "centroid": [
        0.4065473973751068,
        0.33488625478237233,
        -0.23396176385118606
      ],
      "normal": [
        0.7313462316344972,
        0.6657631787657424,
        0.14795972179534053
      ],
      "plane_equation": [
        0.7313462316344972,
        0.6657631787657424,
        0.14795972179534053,
        -0.48566492706979464
      ],
      "inlier_ratio": 1.0,
      "target_point": [
        0.4796820205385565,
        0.4014625726589466,
        -0.219165791671652
      ],
      "fluorescence_mean": 0.025799344247576503,
      "health_status": "Excellent"
    },
    {
      "id": 8,
      "centroid": [
        0.3761267785144889,
        0.36252269537552545,
        -0.3068515088247216
      ],
      "normal": [
        -0.4923785829018878,
        0.42644037945633356,
        0.7587568344790492
      ],
      "plane_equation": [
        -0.4923785829018878,
        0.42644037945633356,
        0.7587568344790492,
        0.26342813390991016
      ],
      "inlier_ratio": 1.0,
      "target_point": [
        0.3268889202243001,
        0.4051667333211588,
        -0.2309758253768167
      ],
      "fluorescence_mean": 0.024263007761071514,
      "health_status": "Bon"
    },
    {
      "id": 9,
      "centroid": [
        0.4152109812606465,
        0.3152502897110852,
        -0.25288995931094344
      ],
      "normal": [
        0.9329397720908557,
        0.1997662087346278,
        -0.2995277007204102
      ],
      "plane_equation": [
        0.9329397720908557,
        0.1997662087346278,
        -0.2995277007204102,
        -0.5260907414526896
      ],
      "inlier_ratio": 1.0,
      "target_point": [
        0.5085049584697321,
        0.335226910584548,
        -0.28284272938298444
      ],
      "fluorescence_mean": 0.022620317338357752,
      "health_status": "Bon"
    },
    {
      "id": 10,
      "centroid": [
        0.22722833485979782,
        0.32817956962083517,
        -0.29053202428315816
      ],
      "normal": [
        -0.06476669354707897,
        0.7138747974471439,
        0.6972718615983139
      ],
      "plane_equation": [
        -0.06476669354707895,
        0.7138747974471438,
        0.6972718615983138,
        -0.016982490434442773
      ],
      "inlier_ratio": 1.0,
      "target_point": [
        0.22075166550508993,
        0.39956704936554954,
        -0.22080483812332677
      ],
      "fluorescence_mean": 0.01906480453899587,
      "health_status": "Normal"
    },
    {
      "id": 11,
      "centroid": [
        0.41127032276831177,
        0.3226319527939746,
        -0.22583480532232084
      ],
      "normal": [
        0.853433157559732,
        0.3362790746982348,
        0.3982062650156635
      ],
      "plane_equation": [
        0.853433157559732,
        0.3362790746982348,
        0.3982062650156635,
        -0.36955727038647196
      ],
      "inlier_ratio": 1.0,
      "target_point": [
        0.496613638524285,
        0.3562598602637981,
        -0.1860141788207545
      ],
      "fluorescence_mean": 0.02715058365701922,
      "health_status": "Excellent"
    }
  ]
}