{
  "timestamp": "2025-12-04T17:48:11.180347",
  "leaf_id": 9,
  "leaf_index": 0,
  "position": {
    "x": 0.2149625,
    "y": 0.273375,
    "z": -0.24085
  },
  "camera_angles": {
    "pan": 112.33755479311787,
    "tilt": 6.992188026309961
  },
  "measurements": [
    0.023655799999999998,
    0.0233996,
    0.0253638,
    0.0286944,
    0.020923,
    0.0203252,
    0.024082799999999998,
    0.0211792,
    0.0305732,
    0.0216916,
    0.0222894,
    0.029890000000000003,
    0.023485,
    0.0211792,
    0.0191296,
    0.0266448,
    0.026473999999999998,
    0.025107599999999997,
    0.0270718,
    0.0279258,
    0.023912,
    0.0263032,
    0.028865199999999997,
    0.0316834,
    0.023143399999999998,
    0.0271572,
    0.0235704,
    0.022203999999999998,
    0.025534599999999998,
    0.0239974,
    0.022203999999999998,
    0.0211792,
    0.022631,
    0.026388599999999998,
    0.027328,
    0.0268156,
    0.0313418,
    0.0216062,
    0.031170999999999997,
    0.023228799999999997,
    0.025619999999999997,
    0.0308294,
    0.0224602,
    0.0308294,
    0.0224602,
    0.0257908,
    0.0228018,
    0.026473999999999998,
    0.0224602,
    0.0308294,
    0.0312564,
    0.0312564,
    0.0285236,
    0.0242536,
    0.0274988,
    0.030060800000000002,
    0.0233142,
    0.0242536,
    0.021264599999999998,
    0.0228872,
    0.031427199999999995,
    0.030316999999999997,
    0.0315126,
    0.025961599999999998,
    0.0265594,
    0.0218624,
    0.030743999999999997,
    0.0252784,
    0.0216916,
    0.0258762,
    0.0253638,
    0.0215208,
    0.021776999999999998,
    0.022716399999999998,
    0.0210084,
    0.0287798,
    0.0257908,
    0.021776999999999998,
    0.0271572,
    0.024509799999999998,
    0.0204106,
    0.0295484,
    0.030914800000000003,
    0.0238266,
    0.0286944,
    0.023058,
    0.0223748,
    0.0225456,
    0.0308294,
    0.0228018,
    0.0216062,
    0.025961599999999998,
    0.029036000000000003,
    0.0289506,
    0.0266448,
    0.029633800000000002,
    0.0235704,
    0.0239974,
    0.0223748,
    0.026046999999999997
  ],
  "statistics": {
    "count": 100,
    "mean": 0.025489338000000004,
    "std": 0.0033894754352489414,
    "min": 0.0191296,
    "max": 0.0316834
  }
}