{
  "timestamp": "2026-01-19T16:07:39.786531",
  "leaf_id": 3,
  "leaf_index": 0,
  "position": {
    "x": 0.4357,
    "y": 0.3895625,
    "z": -0.1782225
  },
  "camera_angles": {
    "pan": 51.774051348845916,
    "tilt": 233.69761512670593
  },
  "measurements": [
    0.0497,
    0.0954,
    0.0923,
    0.1009,
    0.0998,
    0.1065,
    0.1145,
    0.0987,
    0.0963,
    0.074,
    0.082,
    0.0683,
    0.0731,
    0.0694,
    0.055,
    0.0586,
    0.059,
    0.0602,
    0.0538,
    0.0533,
    0.0538,
    0.0535,
    0.0517,
    0.0565,
    0.0593,
    0.0497,
    0.0462,
    0.046,
    0.0542,
    0.0543,
    0.0465,
    0.0583,
    0.0473,
    0.0439,
    0.0497,
    0.0473,
    0.0474,
    0.0468,
    0.0531,
    0.0439,
    0.0469,
    0.0545,
    0.0494,
    0.0457,
    0.051,
    0.0426,
    0.0452,
    0.0416,
    0.0553,
    0.0448,
    0.0421,
    0.048,
    0.0466,
    0.0448,
    0.0416,
    0.0546,
    0.0471,
    0.0427,
    0.0412,
    0.0528,
    0.0517,
    0.0499,
    0.0531,
    0.0522,
    0.0453,
    0.0517,
    0.0416,
    0.0506,
    0.0453,
    0.0446,
    0.0554,
    0.0466,
    0.0442,
    0.0457,
    0.0537,
    0.0397,
    0.0514,
    0.0393,
    0.0505,
    0.0542,
    0.0446,
    0.0466,
    0.0432
  ],
  "statistics": {
    "count": 83,
    "mean": 0.05553975903614457,
    "std": 0.016651436782749055,
    "min": 0.0393,
    "max": 0.1145
  },
  "timestamps": [
    0.0,
    0.2,
    0.4,
    0.6000000000000001,
    0.8,
    1.0,
    1.2000000000000002,
    1.4000000000000001,
    1.6,
    1.8,
    2.0,
    2.2,
    2.4000000000000004,
    2.6,
    2.8000000000000003,
    3.0,
    3.2,
    3.4000000000000004,
    3.6,
    3.8000000000000003,
    4.0,
    4.2,
    4.4,
    4.6000000000000005,
    4.800000000000001,
    5.0,
    5.2,
    5.4,
    5.6000000000000005,
    5.800000000000001,
    6.0,
    6.2,
    6.4,
    6.6000000000000005,
    6.800000000000001,
    7.0,
    7.2,
    7.4,
    7.6000000000000005,
    7.800000000000001,
    8.0,
    8.200000000000001,
    8.4,
    8.6,
    8.8,
    9.0,
    9.200000000000001,
    9.4,
    9.600000000000001,
    9.8,
    10.0,
    10.200000000000001,
    10.4,
    10.600000000000001,
    10.8,
    11.0,
    11.200000000000001,
    11.4,
    11.600000000000001,
    11.8,
    12.0,
    12.200000000000001,
    12.4,
    12.600000000000001,
    12.8,
    13.0,
    13.200000000000001,
    13.4,
    13.600000000000001,
    13.8,
    14.0,
    14.200000000000001,
    14.4,
    14.600000000000001,
    14.8,
    15.0,
    15.200000000000001,
    15.4,
    15.600000000000001,
    15.8,
    16.0,
    16.2,
    16.400000000000002
  ],
  "sequence_params": {
    "pulse_intensity": 35,
    "dark_intensity": 1,
    "pulse_duration": 1.6,
    "dark_duration": 15.0,
    "frequency": 5,
    "total_points": 83,
    "segments_count": 2
  },
  "timing_info": {
    "execution_time": 14.387474298477173,
    "theoretical_duration": 16.6,
    "start_timestamp": "2026-01-19T16:07:39.786503"
  },
  "device_info": "Ambit Fluorescence Sensor",
  "pattern_type": "leaf_targeting_measurement",
  "format_version": "2.0",
  "integration": "ROMI_leaf_targeting"
}