{
  "timestamp": "2026-01-19T16:05:50.516219",
  "leaf_id": 2,
  "leaf_index": 0,
  "position": {
    "x": 0.4363625,
    "y": 0.411375,
    "z": -0.18389
  },
  "camera_angles": {
    "pan": 169.77565394189944,
    "tilt": 186.9956904842609
  },
  "measurements": [
    0.0506,
    0.0998,
    0.1009,
    0.1047,
    0.1104,
    0.1004,
    0.099,
    0.1064,
    0.0954,
    0.0762,
    0.0799,
    0.0681,
    0.0652,
    0.0593,
    0.0595,
    0.0678,
    0.0695,
    0.0549,
    0.0682,
    0.0651,
    0.059,
    0.0554,
    0.055,
    0.0596,
    0.0527,
    0.0483,
    0.0547,
    0.0476,
    0.0503,
    0.0586,
    0.0489,
    0.0499,
    0.0583,
    0.057,
    0.0476,
    0.0606,
    0.0536,
    0.0593,
    0.0419,
    0.0434,
    0.0457,
    0.0459,
    0.0469,
    0.0497,
    0.056,
    0.051,
    0.0467,
    0.0531,
    0.0588,
    0.0469,
    0.0437,
    0.0483,
    0.0446,
    0.0432,
    0.0448,
    0.0544,
    0.0473,
    0.0517,
    0.0528,
    0.0498,
    0.0464,
    0.0517,
    0.0522,
    0.049,
    0.0435,
    0.0522,
    0.0492,
    0.046,
    0.0441,
    0.0569,
    0.0439,
    0.0371,
    0.0531,
    0.0418,
    0.0464,
    0.0443,
    0.042,
    0.0483,
    0.0515,
    0.054,
    0.046,
    0.045,
    0.0538
  ],
  "statistics": {
    "count": 83,
    "mean": 0.05714096385542169,
    "std": 0.016664680464221246,
    "min": 0.0371,
    "max": 0.1104
  },
  "timestamps": [
    0.0,
    0.2,
    0.4,
    0.6000000000000001,
    0.8,
    1.0,
    1.2000000000000002,
    1.4000000000000001,
    1.6,
    1.8,
    2.0,
    2.2,
    2.4000000000000004,
    2.6,
    2.8000000000000003,
    3.0,
    3.2,
    3.4000000000000004,
    3.6,
    3.8000000000000003,
    4.0,
    4.2,
    4.4,
    4.6000000000000005,
    4.800000000000001,
    5.0,
    5.2,
    5.4,
    5.6000000000000005,
    5.800000000000001,
    6.0,
    6.2,
    6.4,
    6.6000000000000005,
    6.800000000000001,
    7.0,
    7.2,
    7.4,
    7.6000000000000005,
    7.800000000000001,
    8.0,
    8.200000000000001,
    8.4,
    8.6,
    8.8,
    9.0,
    9.200000000000001,
    9.4,
    9.600000000000001,
    9.8,
    10.0,
    10.200000000000001,
    10.4,
    10.600000000000001,
    10.8,
    11.0,
    11.200000000000001,
    11.4,
    11.600000000000001,
    11.8,
    12.0,
    12.200000000000001,
    12.4,
    12.600000000000001,
    12.8,
    13.0,
    13.200000000000001,
    13.4,
    13.600000000000001,
    13.8,
    14.0,
    14.200000000000001,
    14.4,
    14.600000000000001,
    14.8,
    15.0,
    15.200000000000001,
    15.4,
    15.600000000000001,
    15.8,
    16.0,
    16.2,
    16.400000000000002
  ],
  "sequence_params": {
    "pulse_intensity": 35,
    "dark_intensity": 1,
    "pulse_duration": 1.6,
    "dark_duration": 15.0,
    "frequency": 5,
    "total_points": 83,
    "segments_count": 2
  },
  "timing_info": {
    "execution_time": 14.345539569854736,
    "theoretical_duration": 16.6,
    "start_timestamp": "2026-01-19T16:05:50.516191"
  },
  "device_info": "Ambit Fluorescence Sensor",
  "pattern_type": "leaf_targeting_measurement",
  "format_version": "2.0",
  "integration": "ROMI_leaf_targeting"
}