{
  "timestamp": "2026-01-19T16:04:22.947820",
  "leaf_id": 1,
  "leaf_index": 0,
  "position": {
    "x": 0.38745,
    "y": 0.2912875,
    "z": -0.19158
  },
  "camera_angles": {
    "pan": 17.023765814808165,
    "tilt": 212.08279909621294
  },
  "measurements": [
    0.0961,
    0.0957,
    0.0928,
    0.0985,
    0.1001,
    0.0953,
    0.1142,
    0.1068,
    0.0894,
    0.0742,
    0.0698,
    0.0696,
    0.0722,
    0.062,
    0.0586,
    0.0623,
    0.055,
    0.0547,
    0.0664,
    0.055,
    0.0612,
    0.0519,
    0.0529,
    0.0517,
    0.0538,
    0.062,
    0.0558,
    0.0547,
    0.0551,
    0.0489,
    0.0554,
    0.0584,
    0.0572,
    0.057,
    0.0598,
    0.0572,
    0.0481,
    0.0478,
    0.0474,
    0.0549,
    0.048,
    0.0453,
    0.043,
    0.0518,
    0.051,
    0.0533,
    0.049,
    0.0517,
    0.0412,
    0.0444,
    0.0481,
    0.0515,
    0.0505,
    0.0425,
    0.0432,
    0.0444,
    0.056,
    0.0451,
    0.0478,
    0.043,
    0.0457,
    0.057,
    0.0446,
    0.0551,
    0.046,
    0.0407,
    0.0402,
    0.0473,
    0.0451,
    0.0423,
    0.0505,
    0.051,
    0.0545,
    0.0553,
    0.0432,
    0.0416,
    0.0506,
    0.0483,
    0.0443,
    0.0427,
    0.0428,
    0.0414
  ],
  "statistics": {
    "count": 82,
    "mean": 0.056840243902439025,
    "std": 0.01660426671404803,
    "min": 0.0402,
    "max": 0.1142
  },
  "timestamps": [
    0.0,
    0.2,
    0.4,
    0.6000000000000001,
    0.8,
    1.0,
    1.2000000000000002,
    1.4000000000000001,
    1.6,
    1.8,
    2.0,
    2.2,
    2.4000000000000004,
    2.6,
    2.8000000000000003,
    3.0,
    3.2,
    3.4000000000000004,
    3.6,
    3.8000000000000003,
    4.0,
    4.2,
    4.4,
    4.6000000000000005,
    4.800000000000001,
    5.0,
    5.2,
    5.4,
    5.6000000000000005,
    5.800000000000001,
    6.0,
    6.2,
    6.4,
    6.6000000000000005,
    6.800000000000001,
    7.0,
    7.2,
    7.4,
    7.6000000000000005,
    7.800000000000001,
    8.0,
    8.200000000000001,
    8.4,
    8.6,
    8.8,
    9.0,
    9.200000000000001,
    9.4,
    9.600000000000001,
    9.8,
    10.0,
    10.200000000000001,
    10.4,
    10.600000000000001,
    10.8,
    11.0,
    11.200000000000001,
    11.4,
    11.600000000000001,
    11.8,
    12.0,
    12.200000000000001,
    12.4,
    12.600000000000001,
    12.8,
    13.0,
    13.200000000000001,
    13.4,
    13.600000000000001,
    13.8,
    14.0,
    14.200000000000001,
    14.4,
    14.600000000000001,
    14.8,
    15.0,
    15.200000000000001,
    15.4,
    15.600000000000001,
    15.8,
    16.0,
    16.2
  ],
  "sequence_params": {
    "pulse_intensity": 35,
    "dark_intensity": 1,
    "pulse_duration": 1.6,
    "dark_duration": 15.0,
    "frequency": 5,
    "total_points": 82,
    "segments_count": 2
  },
  "timing_info": {
    "execution_time": 14.397021532058716,
    "theoretical_duration": 16.6,
    "start_timestamp": "2026-01-19T16:04:22.947792"
  },
  "device_info": "Ambit Fluorescence Sensor",
  "pattern_type": "leaf_targeting_measurement",
  "format_version": "2.0",
  "integration": "ROMI_leaf_targeting"
}