{
  "timestamp": "2026-01-19T16:09:41.708082",
  "leaf_id": 5,
  "leaf_index": 0,
  "position": {
    "x": 0.3077125,
    "y": 0.3104625,
    "z": -0.250855
  },
  "camera_angles": {
    "pan": -61.87768696146675,
    "tilt": 192.35398824140344
  },
  "measurements": [
    0.0422,
    0.0864,
    0.1111,
    0.0991,
    0.101,
    0.1066,
    0.0973,
    0.1001,
    0.0942,
    0.0781,
    0.074,
    0.069,
    0.0645,
    0.0683,
    0.0699,
    0.0614,
    0.0588,
    0.0579,
    0.0549,
    0.0676,
    0.0579,
    0.0552,
    0.0529,
    0.0533,
    0.0568,
    0.0457,
    0.0501,
    0.0581,
    0.0496,
    0.0643,
    0.0469,
    0.0551,
    0.0521,
    0.0485,
    0.0501,
    0.0606,
    0.0575,
    0.0526,
    0.0384,
    0.0519,
    0.0437,
    0.0529,
    0.0556,
    0.0444,
    0.0473,
    0.0551,
    0.0528,
    0.0432,
    0.0545,
    0.0448,
    0.0576,
    0.0455,
    0.0519,
    0.0421,
    0.0501,
    0.0457,
    0.0535,
    0.0478,
    0.0436,
    0.0547,
    0.0554,
    0.0522,
    0.0428,
    0.0533,
    0.04,
    0.0425,
    0.0439,
    0.0414,
    0.0467,
    0.0556,
    0.0489,
    0.0448,
    0.0405,
    0.0451,
    0.0421,
    0.0508,
    0.0423,
    0.0427,
    0.0443,
    0.0491,
    0.0526,
    0.0423,
    0.0558
  ],
  "statistics": {
    "count": 83,
    "mean": 0.056408433734939756,
    "std": 0.0162966786831253,
    "min": 0.0384,
    "max": 0.1111
  },
  "timestamps": [
    0.0,
    0.2,
    0.4,
    0.6000000000000001,
    0.8,
    1.0,
    1.2000000000000002,
    1.4000000000000001,
    1.6,
    1.8,
    2.0,
    2.2,
    2.4000000000000004,
    2.6,
    2.8000000000000003,
    3.0,
    3.2,
    3.4000000000000004,
    3.6,
    3.8000000000000003,
    4.0,
    4.2,
    4.4,
    4.6000000000000005,
    4.800000000000001,
    5.0,
    5.2,
    5.4,
    5.6000000000000005,
    5.800000000000001,
    6.0,
    6.2,
    6.4,
    6.6000000000000005,
    6.800000000000001,
    7.0,
    7.2,
    7.4,
    7.6000000000000005,
    7.800000000000001,
    8.0,
    8.200000000000001,
    8.4,
    8.6,
    8.8,
    9.0,
    9.200000000000001,
    9.4,
    9.600000000000001,
    9.8,
    10.0,
    10.200000000000001,
    10.4,
    10.600000000000001,
    10.8,
    11.0,
    11.200000000000001,
    11.4,
    11.600000000000001,
    11.8,
    12.0,
    12.200000000000001,
    12.4,
    12.600000000000001,
    12.8,
    13.0,
    13.200000000000001,
    13.4,
    13.600000000000001,
    13.8,
    14.0,
    14.200000000000001,
    14.4,
    14.600000000000001,
    14.8,
    15.0,
    15.200000000000001,
    15.4,
    15.600000000000001,
    15.8,
    16.0,
    16.2,
    16.400000000000002
  ],
  "sequence_params": {
    "pulse_intensity": 35,
    "dark_intensity": 1,
    "pulse_duration": 1.6,
    "dark_duration": 15.0,
    "frequency": 5,
    "total_points": 83,
    "segments_count": 2
  },
  "timing_info": {
    "execution_time": 14.371238231658936,
    "theoretical_duration": 16.6,
    "start_timestamp": "2026-01-19T16:09:41.708056"
  },
  "device_info": "Ambit Fluorescence Sensor",
  "pattern_type": "leaf_targeting_measurement",
  "format_version": "2.0",
  "integration": "ROMI_leaf_targeting"
}