{
  "leaves": [
    {
      "id": 1,
      "centroid": [
        0.38726422092416785,
        0.2925057326044355,
        -0.19107851926442032
      ],
      "normal": [
        0.20626224727886455,
        -0.7904798977080348,
        0.5767125945104435
      ],
      "plane_equation": [
        0.20626224727886455,
        -0.7904798977080348,
        0.5767125945104435,
        0.26153930168984807
      ],
      "inlier_ratio": 1.0,
      "target_point": [
        0.4078904456520543,
        0.21345774283363203,
        -0.13340725981337598
      ],
      "fluorescence_mean": 0.01442284324692493,
      "health_status": "Stress\u00e9"
    },
    {
      "id": 2,
      "centroid": [
        0.3112264953198887,
        0.3071668034508115,
        -0.25156947633340243
      ],
      "normal": [
        -0.6484694975815612,
        -0.7553695551108051,
        0.0943617820837547
      ],
      "plane_equation": [
        -0.6484694975815612,
        -0.7553695551108051,
        0.0943617820837547,
        0.4575838848263027
      ],
      "inlier_ratio": 1.0,
      "target_point": [
        0.24637954556173258,
        0.23162984793973096,
        -0.24213329812502696
      ],
      "fluorescence_mean": 0.013831350255277527,
      "health_status": "Stress\u00e9"
    },
    {
      "id": 3,
      "centroid": [
        0.436369211458769,
        0.4113842669080515,
        -0.18389013116476965
      ],
      "normal": [
        0.1762058779579456,
        0.9767949099240907,
        0.12175053395963951
      ],
      "plane_equation": [
        0.17620587795794557,
        0.9767949099240906,
        0.1217505339596395,
        -0.45634015629832814
      ],
      "inlier_ratio": 1.0,
      "target_point": [
        0.45398979925456356,
        0.5090637579004607,
        -0.1717150777688057
      ],
      "fluorescence_mean": 0.013800141203712629,
      "health_status": "Stress\u00e9"
    },
    {
      "id": 4,
      "centroid": [
        0.3919830173254013,
        0.3725949445596108,
        -0.2864800107020598
      ],
      "normal": [
        0.9177284155593206,
        0.3944448643974284,
        0.04677396952871931
      ],
      "plane_equation": [
        0.9177284155593206,
        0.3944448643974284,
        0.04677396952871931,
        -0.49330230850701995
      ],
      "inlier_ratio": 1.0,
      "target_point": [
        0.4837558588813334,
        0.41203943099935364,
        -0.28180261374918786
      ],
      "fluorescence_mean": 0.024552887725575564,
      "health_status": "Bon"
    },
    {
      "id": 5,
      "centroid": [
        0.3156169056892395,
        0.31510010075110656,
        -0.2382806049516568
      ],
      "normal": [
        -0.5273043463443952,
        -0.26158058308504734,
        0.8084093795096621
      ],
      "plane_equation": [
        -0.5273043463443952,
        -0.26158058308504734,
        0.8084093795096621,
        0.44147851023249246
      ],
      "inlier_ratio": 1.0,
      "target_point": [
        0.2628864710548,
        0.2889420424426018,
        -0.15743966700069056
      ],
      "fluorescence_mean": 0.022462252676446845,
      "health_status": "Bon"
    },
    {
      "id": 6,
      "centroid": [
        0.4357062473016627,
        0.3895667791366577,
        -0.17822421239871605
      ],
      "normal": [
        0.46513361689403415,
        -0.3662834289561064,
        0.8059076672344239
      ],
      "plane_equation": [
        0.46513361689403415,
        -0.3662834289561064,
        0.8059076672344239,
        0.08366249221775404
      ],
      "inlier_ratio": 1.0,
      "target_point": [
        0.4822196089910661,
        0.3529384362410471,
        -0.09763344567527366
      ],
      "fluorescence_mean": 0.014153400841159673,
      "health_status": "Stress\u00e9"
    },
    {
      "id": 7,
      "centroid": [
        0.3901573649297158,
        0.37323455202082795,
        -0.3139220265050729
      ],
      "normal": [
        0.9132660515794089,
        0.39907764132913726,
        -0.08174445072131305
      ],
      "plane_equation": [
        0.9132660515794088,
        0.3990776413291372,
        -0.08174445072131303,
        -0.530928424472976
      ],
      "inlier_ratio": 1.0,
      "target_point": [
        0.4814839700876567,
        0.4131423161537417,
        -0.3220964715772042
      ],
      "fluorescence_mean": 0.013769707851031404,
      "health_status": "Stress\u00e9"
    },
    {
      "id": 8,
      "centroid": [
        0.30525290469328564,
        0.3223783191707399,
        -0.25127501951323616
      ],
      "normal": [
        -0.9665161364374562,
        0.17754805448501096,
        0.18526534040289422
      ],
      "plane_equation": [
        -0.9665161364374562,
        0.17754805448501096,
        0.18526534040289422,
        0.28434676672841624
      ],
      "inlier_ratio": 1.0,
      "target_point": [
        0.20860129104954,
        0.340133124619241,
        -0.23274848547294674
      ],
      "fluorescence_mean": 0.006778734997886145,
      "health_status": "Critique"
    },
    {
      "id": 9,
      "centroid": [
        0.3911103159189224,
        0.3744373470544815,
        -0.2703537783202003
      ],
      "normal": [
        0.8831796780254253,
        0.44834844882473274,
        0.13775821122300508
      ],
      "plane_equation": [
        0.8831796780254253,
        0.44834844882473274,
        0.13775821122300508,
        -0.4760556337208496
      ],
      "inlier_ratio": 1.0,
      "target_point": [
        0.47942828372146495,
        0.41927219193695475,
        -0.2565779571978998
      ],
      "fluorescence_mean": 0.018177787443568936,
      "health_status": "Normal"
    },
    {
      "id": 10,
      "centroid": [
        0.3470005113631487,
        0.35005808528512716,
        -0.32406089175492525
      ],
      "normal": [
        -0.9602968412679738,
        0.21035940802441808,
        -0.18324545316697055
      ],
      "plane_equation": [
        -0.9602968412679738,
        0.21035940802441808,
        -0.18324545316697055,
        0.20020279842233887
      ],
      "inlier_ratio": 1.0,
      "target_point": [
        0.25097082723635133,
        0.371094026087569,
        -0.3423854370716223
      ],
      "fluorescence_mean": 0.021087786026378518,
      "health_status": "Bon"
    },
    {
      "id": 11,
      "centroid": [
        0.39082607440650463,
        0.3752125008031726,
        -0.25799999944865704
      ],
      "normal": [
        0.5311582535973607,
        0.8419158405826833,
        -0.0951242714103804
      ],
      "plane_equation": [
        0.5311582535973607,
        0.8419158405826833,
        -0.0951242714103804,
        -0.548029905124337
      ],
      "inlier_ratio": 1.0,
      "target_point": [
        0.4439418997662407,
        0.4594040848614409,
        -0.2675124265896951
      ],
      "fluorescence_mean": 0.009069567388567117,
      "health_status": "Critique"
    },
    {
      "id": 12,
      "centroid": [
        0.36980440219243366,
        0.30808557868003844,
        -0.18531579822301864
      ],
      "normal": [
        -0.4819491827343417,
        -0.2813920889016523,
        0.8297851996542629
      ],
      "plane_equation": [
        -0.4819491827343416,
        -0.28139208890165224,
        0.8297851996542628,
        0.4186920805810321
      ],
      "inlier_ratio": 1.0,
      "target_point": [
        0.32160948391899946,
        0.2799463697898732,
        -0.10233727825759234
      ],
      "fluorescence_mean": 0.011363354681997478,
      "health_status": "Stress\u00e9"
    },
    {
      "id": 13,
      "centroid": [
        0.4226949155330658,
        0.3999024033546448,
        -0.1719487393895785
      ],
      "normal": [
        0.12577252195521993,
        0.32584913449587743,
        0.9370184706126723
      ],
      "plane_equation": [
        0.12577252195521993,
        0.32584913449587743,
        0.9370184706126723,
        -0.02235211275357482
      ],