{
  "timestamp": "2026-02-02T17:31:59.982318",
  "leaf_id": 11,
  "leaf_index": 0,
  "position": {
    "x": 0.3024875,
    "y": 0.4103375,
    "z": -0.235275
  },
  "camera_angles": {
    "pan": -90.22282204655741,
    "tilt": 183.18568909283016
  },
  "measurements": [
    0.0114,
    0.0109,
    0.0098,
    0.0149,
    0.0208,
    0.014,
    0.0138,
    0.0139,
    0.0116,
    0.0112,
    0.0151,
    0.014,
    0.0139,
    0.0151,
    0.0139,
    0.0137,
    0.016,
    0.0155,
    0.0128,
    0.0165,
    0.0132,
    0.0147,
    0.0128,
    0.0132,
    0.0146,
    0.0132,
    0.0132,
    0.0137,
    0.0148,
    0.016,
    0.0135,
    0.0144,
    0.0139,
    0.0128,
    0.0155,
    0.0174,
    0.0126,
    0.0121,
    0.0148,
    0.0153,
    0.0149,
    0.0146,
    0.0151,
    0.0155,
    0.016,
    0.0151,
    0.0149,
    0.0119,
    0.0142,
    0.0123,
    0.0132,
    0.0139,
    0.011,
    0.0144,
    0.0142,
    0.0151,
    0.0126,
    0.0121,
    0.0109,
    0.0181,
    0.0132,
    0.0151,
    0.0146,
    0.0146,
    0.0128,
    0.0126,
    0.0133,
    0.0133,
    0.013,
    0.0146,
    0.0139,
    0.0144,
    0.013,
    0.0151,
    0.0144,
    0.0148,
    0.013,
    0.0105,
    0.0091,
    0.0133,
    0.0139,
    0.011
  ],
  "statistics": {
    "count": 82,
    "mean": 0.013829268292682925,
    "std": 0.001784860984193751,
    "min": 0.0091,
    "max": 0.0208
  },
  "timestamps": [
    0.0,
    0.2,
    0.4,
    0.6000000000000001,
    0.8,
    1.0,
    1.2000000000000002,
    1.4000000000000001,
    1.6,
    1.8,
    2.0,
    2.2,
    2.4000000000000004,
    2.6,
    2.8000000000000003,
    3.0,
    3.2,
    3.4000000000000004,
    3.6,
    3.8000000000000003,
    4.0,
    4.2,
    4.4,
    4.6000000000000005,
    4.800000000000001,
    5.0,
    5.2,
    5.4,
    5.6000000000000005,
    5.800000000000001,
    6.0,
    6.2,
    6.4,
    6.6000000000000005,
    6.800000000000001,
    7.0,
    7.2,
    7.4,
    7.6000000000000005,
    7.800000000000001,
    8.0,
    8.200000000000001,
    8.4,
    8.6,
    8.8,
    9.0,
    9.200000000000001,
    9.4,
    9.600000000000001,
    9.8,
    10.0,
    10.200000000000001,
    10.4,
    10.600000000000001,
    10.8,
    11.0,
    11.200000000000001,
    11.4,
    11.600000000000001,
    11.8,
    12.0,
    12.200000000000001,
    12.4,
    12.600000000000001,
    12.8,
    13.0,
    13.200000000000001,
    13.4,
    13.600000000000001,
    13.8,
    14.0,
    14.200000000000001,
    14.4,
    14.600000000000001,
    14.8,
    15.0,
    15.200000000000001,
    15.4,
    15.600000000000001,
    15.8,
    16.0,
    16.2
  ],
  "sequence_params": {
    "pulse_intensity": 35,
    "dark_intensity": 1,
    "pulse_duration": 1.6,
    "dark_duration": 15.0,
    "frequency": 5,
    "total_points": 82,
    "segments_count": 2
  },
  "timing_info": {
    "execution_time": 14.392090320587158,
    "theoretical_duration": 16.6,
    "start_timestamp": "2026-02-02T17:31:59.982239"
  },
  "device_info": "Ambit Fluorescence Sensor",
  "pattern_type": "leaf_targeting_measurement",
  "format_version": "2.0",
  "integration": "ROMI_leaf_targeting"
}