{
  "leaves": [
    {
      "id": 1,
      "centroid": [
        0.35260143503546715,
        0.41278644860722125,
        -0.24596166203264147
      ],
      "normal": [
        -0.9943429467729908,
        0.07328513567691962,
        -0.07688558442010184
      ],
      "plane_equation": [
        -0.9943429467729908,
        0.07328513567691962,
        -0.07688558442010184,
        0.3014447329274585
      ],
      "inlier_ratio": 1.0,
      "target_point": [
        0.25316714035816806,
        0.42011496217491323,
        -0.25365022047465163
      ],
      "fluorescence_mean": 0.021254952779115842,
      "health_status": "Bon"
    },
    {
      "id": 2,
      "centroid": [
        0.40032606715915586,
        0.3188201634823775,
        -0.26109890476996156
      ],
      "normal": [
        0.461116657698889,
        -0.8810468386125391,
        0.10548884378670761
      ],
      "plane_equation": [
        0.461116657698889,
        -0.8810468386125391,
        0.10548884378670761,
        0.12380670037777808
      ],
      "inlier_ratio": 0.9915966386554622,
      "target_point": [
        0.44643773292904476,
        0.2307154796211236,
        -0.2505500203912908
      ],
      "fluorescence_mean": 0.007494668545693246,
      "health_status": "Critique"
    },
    {
      "id": 3,
      "centroid": [
        0.335487422593143,
        0.3271977141362811,
        -0.12552351169629927
      ],
      "normal": [
        0.11794957436192616,
        0.15061941689218014,
        0.9815302792898954
      ],
      "plane_equation": [
        0.11794957436192616,
        0.15061941689218014,
        0.9815302792898954,
        0.0343521998824153
      ],
      "inlier_ratio": 1.0,
      "target_point": [
        0.34728238002933565,
        0.34225965582549916,
        -0.027370483767309717
      ],
      "fluorescence_mean": 0.01611313577780588,
      "health_status": "Normal"
    },
    {
      "id": 4,
      "centroid": [
        0.36732092445049813,
        0.3483202722641306,
        -0.3017232951221116
      ],
      "normal": [
        0.9311543816401369,
        0.018543388192915417,
        0.36415334724083104
      ],
      "plane_equation": [
        0.9311543816401368,
        0.018543388192915414,
        0.364153347240831,
        -0.23816333743093587
      ],
      "inlier_ratio": 0.963302752293578,
      "target_point": [
        0.4604363626145118,
        0.3501746110834221,
        -0.2653079603980285
      ],
      "fluorescence_mean": 0.020081649491209334,
      "health_status": "Bon"
    },
    {
      "id": 5,
      "centroid": [
        0.37678412702477093,
        0.3136623252942724,
        -0.2743414385804852
      ],
      "normal": [
        0.26018424324748773,
        -0.9586673734780359,
        -0.11515653083718853
      ],
      "plane_equation": [
        0.26018424324748773,
        -0.9586673734780359,
        -0.11515653083718853,
        0.17107233625945578
      ],
      "inlier_ratio": 1.0,
      "target_point": [
        0.4028025513495197,
        0.2177955879464688,
        -0.2858570916642041
      ],
      "fluorescence_mean": 0.01326285906331558,
      "health_status": "Stress\u00e9"
    },
    {
      "id": 6,
      "centroid": [
        0.35385158340981665,
        0.3982818950998022,
        -0.24283319997026565
      ],
      "normal": [
        -0.946670011644084,
        -0.3209936034662031,
        0.02791049242796983
      ],
      "plane_equation": [
        -0.9466700116440839,
        -0.32099360346620304,
        0.027910492427969825,
        0.46960421747931225
      ],
      "inlier_ratio": 1.0,
      "target_point": [
        0.25918458224540825,
        0.3661825347531819,
        -0.24004215072746865
      ],
      "fluorescence_mean": 0.01468957386252261,
      "health_status": "Stress\u00e9"
    },
    {
      "id": 7,
      "centroid": [
        0.3977397662543115,
        0.3165461853856132,
        -0.125073943021042
      ],
      "normal": [
        -0.03131868644863216,
        0.04342287494703656,
        0.9985657683950849
      ],
      "plane_equation": [
        -0.03131868644863215,
        0.043422874947036554,
        0.9985657683950848,
        0.12360589962351995
      ],
      "inlier_ratio": 1.0,
      "target_point": [
        0.3946078976094483,
        0.32088847288031686,
        -0.0252173661815335
      ],
      "fluorescence_mean": 0.022434896589119742,
      "health_status": "Bon"
    },
    {
      "id": 8,
      "centroid": [
        0.4025578122586012,
        0.39964388236403464,
        -0.1250075907446444
      ],
      "normal": [
        -0.018983819153345783,
        -0.017736755363927482,
        0.9996624540911364
      ],
      "plane_equation": [
        -0.01898381915334578,
        -0.01773675536392748,
        0.9996624540911363,
        0.13969586542467655
      ],
      "inlier_ratio": 1.0,
      "target_point": [
        0.4006594303432666,
        0.3978702068276419,
        -0.025041345335530762
      ],
      "fluorescence_mean": 0.01925775761717311,
      "health_status": "Normal"
    },
    {
      "id": 9,
      "centroid": [
        0.3292560760463987,
        0.40034049366201674,
        -0.12494635603257588
      ],
      "normal": [
        0.006792934087870692,
        -0.006966438042539996,
        0.9999526612732611
      ],
      "plane_equation": [
        0.006792934087870692,
        -0.006966438042539996,
        0.9999526612732611,
        0.1254927736535728
      ],
      "inlier_ratio": 1.0,
      "target_point": [
        0.3299353694551858,
        0.39964384985776275,
        -0.02495108990524976
      ],
      "fluorescence_mean": 0.029592909768243195,
      "health_status": "Excellent"
    },
    {
      "id": 10,
      "centroid": [
        0.4219379276037216,
        0.3582686407096458,
        -0.1257311296508168
      ],
      "normal": [
        -0.4206372109160439,
        0.03460424097562351,
        0.9065687416292669
      ],
      "plane_equation": [
        -0.4206372109160439,
        0.03460424097562351,
        0.9065687416292669,
        0.27906909066096663
      ],
      "inlier_ratio": 1.0,
      "target_point": [
        0.37987420651211723,
        0.3617290648072082,
        -0.03507425548789009
      ],
      "fluorescence_mean": 0.007634784608288199,
      "health_status": "Critique"
    },
    {
      "id": 11,
      "centroid": [
        0.35241729067638516,
        0.41014839708805084,
        -0.23805458354763687
      ],
      "normal": [
        -0.9984470171160167,
        0.003935926197673243,
        0.05557033828487195
      ],
      "plane_equation": [
        -0.9984470171160167,
        0.003935926197673243,
        0.05557033828487195,
        0.36348445257291895
      ],
      "inlier_ratio": 1.0,
      "target_point": [
        0.2525725889647835,
        0.4105419897078182,
        -0.23249754971914968
      ],
      "fluorescence_mean": 0.02870740766216889,
      "health_status": "Excellent"
    },
    {
      "id": 12,
      "centroid": [
        0.5235713283220927,
        0.40132677207390466,
        -0.29684850871562957
      ],
      "normal": [
        0.9778623697324255,
        0.20534449336895366,
        0.04023462320356803
      ],
      "plane_equation": [
        0.9778623697324255,
        0.20534449336895366,
        0.04023462320356803,
        -0.5824473546271944
      ],
      "inlier_ratio": 1.0,
      "target_point": [
        0.6213575652953353,
        0.4218612214108,
        -0.29282504639527274
      ],
      "fluorescence_mean": 0.022587239916900103,
      "health_status": "Bon"
    },
    {
      "id": 13,
      "centroid": [
        0.3579471472730028,
        0.42467779872265266,
        -0.23601348222570218
      ],
      "normal": [
        -0.05323542972089705,
        0.9885851819005983,
        -0.14094441155644433
      ],