{
  "timestamp": "2025-12-11T11:15:34.600300",
  "leaf_id": 4,
  "leaf_index": 0,
  "position": {
    "x": 0.2215625,
    "y": 0.264425,
    "z": -0.2294625
  },
  "camera_angles": {
    "pan": -61.881338850135286,
    "tilt": 192.3527511537772
  },
  "measurements": [
    0.009821,
    0.005978,
    0.0104188,
    0.0135786,
    0.0071736,
    0.0094794,
    0.014432599999999999,
    0.0047824,
    0.007856799999999999,
    0.0090524,
    0.0076006,
    0.0067466,
    0.0069174,
    0.015457400000000001,
    0.0079422,
    0.005807199999999999,
    0.0096502,
    0.0133224,
    0.007685999999999999,
    0.0137494,
    0.010675,
    0.0099918,
    0.0087962,
    0.011956,
    0.0114436,
    0.0067466,
    0.0090524,
    0.0054656,
    0.0081984,
    0.0081984,
    0.007856799999999999,
    0.0047824,
    0.0101626,
    0.0135786,
    0.008113,
    0.0131516,
    0.014005600000000002,
    0.0130662,
    0.0058926,
    0.0079422,
    0.014518000000000001,
    0.0075152000000000005,
    0.0052094,
    0.008113,
    0.014945000000000002,
    0.011956,
    0.0057218,
    0.015457400000000001,
    0.00854,
    0.0097356,
    0.0091378,
    0.0142618,
    0.011870599999999999,
    0.0094794,
    0.0152866,
    0.0104188,
    0.008113,
    0.012297599999999999,
    0.010675,
    0.0100772,
    0.0108458,
    0.0117852,
    0.011870599999999999,
    0.0146034,
    0.014945000000000002,
    0.0142618,
    0.0054656,
    0.0099918,
    0.0090524,
    0.0075152000000000005,
    0.0134078,
    0.011870599999999999,
    0.0111874,
    0.0159698,
    0.0088816,
    0.0091378,
    0.006148799999999999,
    0.0091378,
    0.0069174,
    0.0105042,
    0.0086254,
    0.0107604,
    0.0093086,
    0.012553799999999999,
    0.0086254,
    0.0112728,
    0.012041399999999999,
    0.010248,
    0.014091000000000001,
    0.0116998,
    0.0096502,
    0.015371999999999999,
    0.0046116,
    0.0100772,
    0.014859599999999999,
    0.012980799999999999,
    0.0130662,
    0.011358199999999999,
    0.0058926,
    0.0096502
  ],
  "statistics": {
    "count": 100,
    "mean": 0.01020103,
    "std": 0.0029504525881125423,
    "min": 0.0046116,
    "max": 0.0159698
  }
}