{
  "leaves": [
    {
      "id": 1,
      "centroid": [
        0.4177453600022258,
        0.3081953735375891,
        -0.2443693182906326
      ],
      "normal": [
        0.9716292576830197,
        -0.09809297987174773,
        -0.21520769715376212
      ],
      "plane_equation": [
        0.9716292576830197,
        -0.09809297987174773,
        -0.21520769715376212,
        -0.42825196971086166
      ],
      "inlier_ratio": 1.0,
      "target_point": [
        0.5149082857705277,
        0.2983860755504143,
        -0.26589008800600883
      ],
      "fluorescence_mean": 0.013299601403714782,
      "health_status": "Stress\u00e9"
    },
    {
      "id": 2,
      "centroid": [
        0.4037800051626705,
        0.33481423556804657,
        -0.22891585688505853
      ],
      "normal": [
        0.5733127416599184,
        0.7596628100937584,
        0.30696077145270867
      ],
      "plane_equation": [
        0.5733127416599184,
        0.7596628100937584,
        0.30696077145270867,
        -0.41556995681108705
      ],
      "inlier_ratio": 1.0,
      "target_point": [
        0.46111127932866236,
        0.4107805165774224,
        -0.19821977973978766
      ],
      "fluorescence_mean": 0.019327422612958233,
      "health_status": "Normal"
    },
    {
      "id": 3,
      "centroid": [
        0.3942810069573553,
        0.3256152178111829,
        -0.21477688652904411
      ],
      "normal": [
        0.225492690924641,
        0.32092615267241525,
        0.9198692574874139
      ],
      "plane_equation": [
        0.225492690924641,
        0.32092615267241525,
        0.9198692574874139,
        0.004058028087512246
      ],
      "inlier_ratio": 0.9868421052631579,
      "target_point": [
        0.41683027604981937,
        0.35770783307842446,
        -0.12278996078030271
      ],
      "fluorescence_mean": 0.020486564345526845,
      "health_status": "Bon"
    },
    {
      "id": 4,
      "centroid": [
        0.22903786206410992,
        0.3213510608507527,
        -0.2879996891650889
      ],
      "normal": [
        -0.29030669340235415,
        0.9568216418673064,
        -0.014641359914417732
      ],
      "plane_equation": [
        -0.2903066934023541,
        0.9568216418673063,
        -0.01464135991441773,
        -0.24520113236354812
      ],
      "inlier_ratio": 1.0,
      "target_point": [
        0.20000719272387452,
        0.41703322503748336,
        -0.2894638251565307
      ],
      "fluorescence_mean": 0.027627743469830306,
      "health_status": "Excellent"
    },
    {
      "id": 5,
      "centroid": [
        0.400598889326348,
        0.3126436498235254,
        -0.213991029516739
      ],
      "normal": [
        -0.4548068235266049,
        -0.8263563943663097,
        0.332093153743873
      ],
      "plane_equation": [
        -0.4548068235266049,
        -0.8263563943663097,
        0.332093153743873,
        0.5116151434176059
      ],
      "inlier_ratio": 1.0,
      "target_point": [
        0.3551182069736875,
        0.2300080103868944,
        -0.18078171414235172
      ],
      "fluorescence_mean": 0.029501028901669595,
      "health_status": "Excellent"
    },
    {
      "id": 6,
      "centroid": [
        0.22726446241140366,
        0.3312978347142537,
        -0.2990887189904849
      ],
      "normal": [
        -0.3954695274422336,
        0.1365926819817199,
        0.908265540518662
      ],
      "plane_equation": [
        -0.39546952744223357,
        0.13659268198171987,
        0.9082655405186619,
        0.31633382959339496
      ],
      "inlier_ratio": 0.9833333333333333,
      "target_point": [
        0.1877175096671803,
        0.3449571029124257,
        -0.20826216493861868
      ],
      "fluorescence_mean": 0.0073776564109716575,
      "health_status": "Critique"
    },
    {
      "id": 7,
      "centroid": [
        0.41512497198783743,
        0.30557592339434864,
        -0.23359558567152186
      ],
      "normal": [
        0.9373487816036004,
        -0.2336807216562153,
        0.2584000424776985
      ],
      "plane_equation": [
        0.9373487816036004,
        -0.2336807216562153,
        0.2584000424776985,
        -0.2578528950485821
      ],
      "inlier_ratio": 0.9322033898305084,
      "target_point": [
        0.5088598501481975,
        0.2822078512287271,
        -0.207755581423752
      ],
      "fluorescence_mean": 0.010131382507453553,
      "health_status": "Stress\u00e9"
    },
    {
      "id": 8,
      "centroid": [
        0.3761267785144889,
        0.36252269537552545,
        -0.3068515088247216
      ],
      "normal": [
        -0.4923785829018878,
        0.42644037945633356,
        0.7587568344790492
      ],
      "plane_equation": [
        -0.4923785829018878,
        0.42644037945633356,
        0.7587568344790492,
        0.26342813390991016
      ],
      "inlier_ratio": 1.0,
      "target_point": [
        0.3268889202243001,
        0.4051667333211588,
        -0.2309758253768167
      ],
      "fluorescence_mean": 0.02245199189254666,
      "health_status": "Bon"
    },
    {
      "id": 9,
      "centroid": [
        0.4150402049223582,
        0.31578919062247646,
        -0.25315223672451115
      ],
      "normal": [
        0.925962794772404,
        0.224522897650981,
        -0.3036154988265356
      ],
      "plane_equation": [
        0.925962794772404,
        0.224522897650981,
        -0.3036154988265356,
        -0.5320746348504002
      ],
      "inlier_ratio": 1.0,
      "target_point": [
        0.5076364843995986,
        0.33824148038757457,
        -0.2835137866071647
      ],
      "fluorescence_mean": 0.022065926510200833,
      "health_status": "Bon"
    },
    {
      "id": 10,
      "centroid": [
        0.22722833485979782,
        0.32817956962083517,
        -0.29053202428315816
      ],
      "normal": [
        -0.06476669354707897,
        0.7138747974471439,
        0.6972718615983139
      ],
      "plane_equation": [
        -0.06476669354707895,
        0.7138747974471438,
        0.6972718615983138,
        -0.016982490434442773
      ],
      "inlier_ratio": 1.0,
      "target_point": [
        0.22075166550508993,
        0.39956704936554954,
        -0.22080483812332677
      ],
      "fluorescence_mean": 0.022105539101592617,
      "health_status": "Bon"
    },
    {
      "id": 11,
      "centroid": [
        0.3862615128358205,
        0.3727608563171493,
        -0.2925528734922409
      ],
      "normal": [
        0.9564635689585377,
        0.1926510074711477,
        -0.21923282276029868
      ],
      "plane_equation": [
        0.9564635689585376,
        0.19265100747114766,
        -0.21923282276029865,
        -0.5053950118959198
      ],
      "inlier_ratio": 1.0,
      "target_point": [
        0.48190786973167427,
        0.3920259570642641,
        -0.31447615576827076
      ],
      "fluorescence_mean": 0.015624117558976702,
      "health_status": "Normal"
    }
  ]
}