{
  "leaves": [
    {
      "id": 1,
      "centroid": [
        0.3535681576891379,
        0.4005219760266217,
        -0.24442483428301234
      ],
      "normal": [
        -0.9589665838889305,
        -0.2798236649758271,
        -0.04562682877311196
      ],
      "plane_equation": [
        -0.9589665838889305,
        -0.2798236649758271,
        -0.04562682877311196,
        0.43998324552445767
      ],
      "inlier_ratio": 1.0,
      "target_point": [
        0.25767149930024486,
        0.372539609529039,
        -0.24898751716032355
      ],
      "fluorescence_mean": 0.020344091317600465,
      "health_status": "Bon"
    },
    {
      "id": 2,
      "centroid": [
        0.40032606715915586,
        0.3188201634823775,
        -0.26109890476996156
      ],
      "normal": [
        0.45855266049575666,
        -0.8836527324964357,
        0.09427250873847673
      ],
      "plane_equation": [
        0.4585526604957566,
        -0.8836527324964356,
        0.09427250873847672,
        0.12277017425606226
      ],
      "inlier_ratio": 1.0,
      "target_point": [
        0.44618133320873155,
        0.23045489023273394,
        -0.2516716538961139
      ],
      "fluorescence_mean": 0.007484781762877503,
      "health_status": "Critique"
    },
    {
      "id": 3,
      "centroid": [
        0.335487422593143,
        0.3271977141362811,
        -0.12552351169629927
      ],
      "normal": [
        0.11794957436192616,
        0.15061941689218014,
        0.9815302792898954
      ],
      "plane_equation": [
        0.11794957436192616,
        0.15061941689218014,
        0.9815302792898954,
        0.0343521998824153
      ],
      "inlier_ratio": 1.0,
      "target_point": [
        0.34728238002933565,
        0.34225965582549916,
        -0.027370483767309717
      ],
      "fluorescence_mean": 0.01957338183095009,
      "health_status": "Normal"
    },
    {
      "id": 4,
      "centroid": [
        0.36732092445049813,
        0.3483202722641306,
        -0.3017232951221116
      ],
      "normal": [
        0.9311543816401369,
        0.018543388192915417,
        0.36415334724083104
      ],
      "plane_equation": [
        0.9311543816401368,
        0.018543388192915414,
        0.364153347240831,
        -0.23816333743093587
      ],
      "inlier_ratio": 0.963302752293578,
      "target_point": [
        0.4604363626145118,
        0.3501746110834221,
        -0.2653079603980285
      ],
      "fluorescence_mean": 0.018075947137806258,
      "health_status": "Normal"
    },
    {
      "id": 5,
      "centroid": [
        0.37678412702477093,
        0.3136623252942724,
        -0.2743414385804852
      ],
      "normal": [
        0.26018424324748773,
        -0.9586673734780359,
        -0.11515653083718853
      ],
      "plane_equation": [
        0.26018424324748773,
        -0.9586673734780359,
        -0.11515653083718853,
        0.17107233625945578
      ],
      "inlier_ratio": 1.0,
      "target_point": [
        0.4028025513495197,
        0.2177955879464688,
        -0.2858570916642041
      ],
      "fluorescence_mean": 0.022581421430097507,
      "health_status": "Bon"
    },
    {
      "id": 6,
      "centroid": [
        0.3526205438375473,
        0.4149537295103073,
        -0.24468247056007386
      ],
      "normal": [
        -0.9918955141500551,
        0.11806975166320068,
        -0.04693423858110695
      ],
      "plane_equation": [
        -0.9918955141500551,
        0.11806975166320068,
        -0.04693423858110695,
        0.28928526638473395
      ],
      "inlier_ratio": 1.0,
      "target_point": [
        0.2534309924225418,
        0.42676070467662736,
        -0.24937589441818456
      ],
      "fluorescence_mean": 0.027583937113698463,
      "health_status": "Excellent"
    },
    {
      "id": 7,
      "centroid": [
        0.3977397662543115,
        0.3165461853856132,
        -0.125073943021042
      ],
      "normal": [
        -0.03131868644863216,
        0.04342287494703656,
        0.9985657683950849
      ],
      "plane_equation": [
        -0.03131868644863215,
        0.043422874947036554,
        0.9985657683950848,
        0.12360589962351995
      ],
      "inlier_ratio": 1.0,
      "target_point": [
        0.3946078976094483,
        0.32088847288031686,
        -0.0252173661815335
      ],
      "fluorescence_mean": 0.01931827277582432,
      "health_status": "Normal"
    },
    {
      "id": 8,
      "centroid": [
        0.4025578122586012,
        0.39964388236403464,
        -0.1250075907446444
      ],
      "normal": [
        -0.01898381915334583,
        -0.017736755363927534,
        0.9996624540911364
      ],
      "plane_equation": [
        -0.018983819153345828,
        -0.01773675536392753,
        0.9996624540911363,
        0.13969586542467657
      ],
      "inlier_ratio": 1.0,
      "target_point": [
        0.4006594303432666,
        0.3978702068276419,
        -0.025041345335530762
      ],
      "fluorescence_mean": 0.028678027974070743,
      "health_status": "Excellent"
    },
    {
      "id": 9,
      "centroid": [
        0.3293055206128996,
        0.399870609992171,
        -0.12503122915960338
      ],
      "normal": [
        0.042888208941309264,
        -0.04444208754393926,
        0.9980909289180738
      ],
      "plane_equation": [
        0.042888208941309264,
        -0.04444208754393926,
        0.9980909289180738,
        0.12844029633762488
      ],
      "inlier_ratio": 1.0,
      "target_point": [
        0.3335943415070305,
        0.39542640123777706,
        -0.025222136267795986
      ],
      "fluorescence_mean": 0.020993457122945446,
      "health_status": "Bon"
    },
    {
      "id": 10,
      "centroid": [
        0.42186197949879206,
        0.35807140149287325,
        -0.1257451533604024
      ],
      "normal": [
        -0.4103076445374972,
        0.03938716984026954,
        0.9110962011149342
      ],
      "plane_equation": [
        -0.4103076445374972,
        0.03938716984026954,
        0.9110962011149342,
        0.2735557075578096
      ],
      "inlier_ratio": 1.0,
      "target_point": [
        0.38083121504504236,
        0.36201011847690023,
        -0.03463553324890897
      ],
      "fluorescence_mean": 0.01058911452569464,
      "health_status": "Stress\u00e9"
    },
    {
      "id": 11,
      "centroid": [
        0.5235713283220927,
        0.40132677207390466,
        -0.29684850871562957
      ],
      "normal": [
        0.9778623697324255,
        0.20534449336895366,
        0.04023462320356803
      ],
      "plane_equation": [
        0.9778623697324255,
        0.20534449336895366,
        0.04023462320356803,
        -0.5824473546271944
      ],
      "inlier_ratio": 1.0,
      "target_point": [
        0.6213575652953353,
        0.4218612214108,
        -0.29282504639527274
      ],
      "fluorescence_mean": 0.018011634314228756,
      "health_status": "Normal"
    },
    {
      "id": 12,
      "centroid": [
        0.35242234581503373,
        0.40950857513937455,
        -0.23785319513288036
      ],
      "normal": [
        -0.9980954122751606,
        -0.0019006362305490072,
        0.06165983763517714
      ],
      "plane_equation": [
        -0.9980954122751606,
        -0.0019006362305490072,
        0.06165983763517714,
        0.36719544276876726
      ],
      "inlier_ratio": 1.0,
      "target_point": [
        0.25261280458751767,
        0.40931851151631965,
        -0.23168721136936266
      ],
      "fluorescence_mean": 0.008719177418125116,
      "health_status": "Critique"
    },
    {
      "id": 13,
      "centroid": [
        0.3579471472730028,
        0.42467779872265266,
        -0.23601348222570218
      ],
      "normal": [
        -0.05323542972089705,
        0.9885851819005983,
        -0.14094441155644433
      ],