{
  "timestamp": "2026-01-20T14:34:47.118955",
  "leaf_id": 1,
  "leaf_index": 0,
  "position": {
    "x": 0.386525,
    "y": 0.2925,
    "z": -0.190155
  },
  "camera_angles": {
    "pan": 0.0,
    "tilt": 0.0
  },
  "measurements": [
    0.0731,
    0.082,
    0.0851,
    0.0892,
    0.0945,
    0.0947,
    0.0949,
    0.0898,
    0.0688,
    0.0697,
    0.0715,
    0.0676,
    0.0686,
    0.0523,
    0.0621,
    0.0529,
    0.0642,
    0.0607,
    0.0585,
    0.0559,
    0.0557,
    0.0476,
    0.0612,
    0.0518,
    0.0493,
    0.052,
    0.0484,
    0.0548,
    0.0453,
    0.0458,
    0.0516,
    0.0461,
    0.0426,
    0.0552,
    0.0495,
    0.0403,
    0.0415,
    0.046,
    0.0433,
    0.0497,
    0.0461,
    0.0547,
    0.0444,
    0.0476,
    0.0438,
    0.0417,
    0.046,
    0.0398,
    0.0495,
    0.0405,
    0.0428,
    0.0517,
    0.0447,
    0.0437,
    0.0421,
    0.0449,
    0.0483,
    0.0352,
    0.0377,
    0.0499,
    0.0488,
    0.0392,
    0.0424,
    0.0384,
    0.0382,
    0.0485,
    0.043,
    0.0424,
    0.0423,
    0.04,
    0.0382,
    0.038,
    0.0494,
    0.0455,
    0.05,
    0.0386,
    0.037,
    0.0455,
    0.0416,
    0.0359,
    0.0357,
    0.0389
  ],
  "statistics": {
    "count": 82,
    "mean": 0.05178536585365854,
    "std": 0.014635607447385162,
    "min": 0.0352,
    "max": 0.0949
  },
  "timestamps": [
    0.0,
    0.2,
    0.4,
    0.6000000000000001,
    0.8,
    1.0,
    1.2000000000000002,
    1.4000000000000001,
    1.6,
    1.8,
    2.0,
    2.2,
    2.4000000000000004,
    2.6,
    2.8000000000000003,
    3.0,
    3.2,
    3.4000000000000004,
    3.6,
    3.8000000000000003,
    4.0,
    4.2,
    4.4,
    4.6000000000000005,
    4.800000000000001,
    5.0,
    5.2,
    5.4,
    5.6000000000000005,
    5.800000000000001,
    6.0,
    6.2,
    6.4,
    6.6000000000000005,
    6.800000000000001,
    7.0,
    7.2,
    7.4,
    7.6000000000000005,
    7.800000000000001,
    8.0,
    8.200000000000001,
    8.4,
    8.6,
    8.8,
    9.0,
    9.200000000000001,
    9.4,
    9.600000000000001,
    9.8,
    10.0,
    10.200000000000001,
    10.4,
    10.600000000000001,
    10.8,
    11.0,
    11.200000000000001,
    11.4,
    11.600000000000001,
    11.8,
    12.0,
    12.200000000000001,
    12.4,
    12.600000000000001,
    12.8,
    13.0,
    13.200000000000001,
    13.4,
    13.600000000000001,
    13.8,
    14.0,
    14.200000000000001,
    14.4,
    14.600000000000001,
    14.8,
    15.0,
    15.200000000000001,
    15.4,
    15.600000000000001,
    15.8,
    16.0,
    16.2
  ],
  "sequence_params": {
    "pulse_intensity": 35,
    "dark_intensity": 1,
    "pulse_duration": 1.6,
    "dark_duration": 15.0,
    "frequency": 5,
    "total_points": 82,
    "segments_count": 2
  },
  "timing_info": {
    "execution_time": 14.600631475448608,
    "theoretical_duration": 16.6,
    "start_timestamp": "2026-01-20T14:34:47.118923"
  },
  "device_info": "Ambit Fluorescence Sensor",
  "pattern_type": "leaf_targeting_measurement",
  "format_version": "2.0",
  "integration": "ROMI_leaf_targeting"
}