{
  "leaves": [
    {
      "id": 1,
      "centroid": [
        0.35259989587987056,
        0.4115317594158193,
        -0.24447948106976805
      ],
      "normal": [
        -0.9989344376229902,
        0.020712665369980655,
        -0.0412428760407392
      ],
      "plane_equation": [
        -0.9989344376229902,
        0.020712665369980655,
        -0.0412428760407392,
        0.33361722214251943
      ],
      "inlier_ratio": 1.0,
      "target_point": [
        0.25270645211757153,
        0.4136030259528174,
        -0.24860376867384198
      ],
      "fluorescence_mean": 0.01410869412202976,
      "health_status": "Stress\u00e9"
    },
    {
      "id": 2,
      "centroid": [
        0.40032606715915586,
        0.3188201634823775,
        -0.26109890476996156
      ],
      "normal": [
        0.45855266049575666,
        -0.8836527324964357,
        0.09427250873847673
      ],
      "plane_equation": [
        0.4585526604957566,
        -0.8836527324964356,
        0.09427250873847672,
        0.12277017425606226
      ],
      "inlier_ratio": 1.0,
      "target_point": [
        0.44618133320873155,
        0.23045489023273394,
        -0.2516716538961139
      ],
      "fluorescence_mean": 0.010330774959502007,
      "health_status": "Stress\u00e9"
    },
    {
      "id": 3,
      "centroid": [
        0.335487422593143,
        0.3271977141362811,
        -0.12552351169629927
      ],
      "normal": [
        0.11794957436192616,
        0.15061941689218014,
        0.9815302792898954
      ],
      "plane_equation": [
        0.11794957436192616,
        0.15061941689218014,
        0.9815302792898954,
        0.0343521998824153
      ],
      "inlier_ratio": 1.0,
      "target_point": [
        0.34728238002933565,
        0.34225965582549916,
        -0.027370483767309717
      ],
      "fluorescence_mean": 0.014109660311723903,
      "health_status": "Stress\u00e9"
    },
    {
      "id": 4,
      "centroid": [
        0.36732092445049813,
        0.3483202722641306,
        -0.3017232951221116
      ],
      "normal": [
        0.9311543816401369,
        0.018543388192915417,
        0.36415334724083104
      ],
      "plane_equation": [
        0.9311543816401368,
        0.018543388192915414,
        0.364153347240831,
        -0.23816333743093587
      ],
      "inlier_ratio": 0.963302752293578,
      "target_point": [
        0.4604363626145118,
        0.3501746110834221,
        -0.2653079603980285
      ],
      "fluorescence_mean": 0.010230978620577674,
      "health_status": "Stress\u00e9"
    },
    {
      "id": 5,
      "centroid": [
        0.37678412702477093,
        0.3136623252942724,
        -0.2743414385804852
      ],
      "normal": [
        0.26018424324748773,
        -0.9586673734780359,
        -0.11515653083718853
      ],
      "plane_equation": [
        0.26018424324748773,
        -0.9586673734780359,
        -0.11515653083718853,
        0.17107233625945578
      ],
      "inlier_ratio": 1.0,
      "target_point": [
        0.4028025513495197,
        0.2177955879464688,
        -0.2858570916642041
      ],
      "fluorescence_mean": 0.02242481283348369,
      "health_status": "Bon"
    },
    {
      "id": 6,
      "centroid": [
        0.35385676296715884,
        0.3991077803459364,
        -0.24088724080434779
      ],
      "normal": [
        -0.9481672550165796,
        -0.29539503543891793,
        0.11713509103750619
      ],
      "plane_equation": [
        -0.9481672550165796,
        -0.29539503543891793,
        0.11713509103750619,
        0.4816262014122502
      ],
      "inlier_ratio": 1.0,
      "target_point": [
        0.25904003746550086,
        0.3695682768020446,
        -0.22917373170059716
      ],
      "fluorescence_mean": 0.02357833764639181,
      "health_status": "Bon"
    },
    {
      "id": 7,
      "centroid": [
        0.3977397662543115,
        0.3165461853856132,
        -0.125073943021042
      ],
      "normal": [
        -0.03131868644863216,
        0.04342287494703656,
        0.9985657683950849
      ],
      "plane_equation": [
        -0.03131868644863215,
        0.043422874947036554,
        0.9985657683950848,
        0.12360589962351995
      ],
      "inlier_ratio": 1.0,
      "target_point": [
        0.3946078976094483,
        0.32088847288031686,
        -0.0252173661815335
      ],
      "fluorescence_mean": 0.016044081786727452,
      "health_status": "Normal"
    },
    {
      "id": 8,
      "centroid": [
        0.4025578122586012,
        0.39964388236403464,
        -0.1250075907446444
      ],
      "normal": [
        -0.01898381915334583,
        -0.017736755363927534,
        0.9996624540911364
      ],
      "plane_equation": [
        -0.018983819153345828,
        -0.01773675536392753,
        0.9996624540911363,
        0.13969586542467657
      ],
      "inlier_ratio": 1.0,
      "target_point": [
        0.4006594303432666,
        0.3978702068276419,
        -0.025041345335530762
      ],
      "fluorescence_mean": 0.01828127459837624,
      "health_status": "Normal"
    },
    {
      "id": 9,
      "centroid": [
        0.3293055206128996,
        0.399870609992171,
        -0.12503122915960338
      ],
      "normal": [
        0.042888208941309264,
        -0.04444208754393926,
        0.9980909289180738
      ],
      "plane_equation": [
        0.042888208941309264,
        -0.04444208754393926,
        0.9980909289180738,
        0.12844029633762488
      ],
      "inlier_ratio": 1.0,
      "target_point": [
        0.3335943415070305,
        0.39542640123777706,
        -0.025222136267795986
      ],
      "fluorescence_mean": 0.013225993517852166,
      "health_status": "Stress\u00e9"
    },
    {
      "id": 10,
      "centroid": [
        0.42186197949879206,
        0.35807140149287325,
        -0.1257451533604024
      ],
      "normal": [
        -0.4103076445374972,
        0.03938716984026954,
        0.9110962011149342
      ],
      "plane_equation": [
        -0.4103076445374972,
        0.03938716984026954,
        0.9110962011149342,
        0.2735557075578096
      ],
      "inlier_ratio": 1.0,
      "target_point": [
        0.38083121504504236,
        0.36201011847690023,
        -0.03463553324890897
      ],
      "fluorescence_mean": 0.01792150560205832,
      "health_status": "Normal"
    },
    {
      "id": 11,
      "centroid": [
        0.5235713283220927,
        0.40132677207390466,
        -0.29684850871562957
      ],
      "normal": [
        0.9778623697324255,
        0.20534449336895366,
        0.04023462320356803
      ],
      "plane_equation": [
        0.9778623697324255,
        0.20534449336895366,
        0.04023462320356803,
        -0.5824473546271944
      ],
      "inlier_ratio": 1.0,
      "target_point": [
        0.6213575652953353,
        0.4218612214108,
        -0.29282504639527274
      ],
      "fluorescence_mean": 0.019608251260790785,
      "health_status": "Normal"
    },
    {
      "id": 12,
      "centroid": [
        0.3579471472730028,
        0.42467779872265266,
        -0.23601348222570218
      ],
      "normal": [
        -0.05323542972089705,
        0.9885851819005983,
        -0.14094441155644433
      ],
      "plane_equation": [
        -0.05323542972089705,
        0.9885851819005983,
        -0.14094441155644433,
        -0.43403949006862064
      ],
      "inlier_ratio": 1.0,
      "target_point": [
        0.3526236043009131,
        0.5235363169127125,
        -0.25010792338134663
      ],
      "fluorescence_mean": 0.00859413386129716,
      "health_status": "Critique"
    },
    {
      "id": 13,
      "centroid": [
        0.32474472989206726,
        0.3675000006737916,
        -0.1312948199717895
      ],
      "normal": [
        0.45089639216162103,
        7.831814998164999e-07,
        0.8925762956380929
      ],